Date of Draw,1st_D,2nd_D,3rd_D,4th_D,5th_D,6th_D,1st_Del,2nd_Del,3rd_Del,4th_Del,5th_Del,6th_Del
2009/1/2,16,19,29,34,48,64,0,0,0,0,0,0
2009/1/3,17,24,25,40,58,64,0,0,0,0,0,1
2009/1/7,14,31,35,40,50,66,0,0,0,0,0,4
2009/1/8,14,23,24,41,71,73,0,0,0,0,1,5
2009/1/10,2,15,35,54,60,78,0,0,0,0,0,3
2009/1/13,9,14,21,55,66,90,0,0,0,0,6,6
2009/1/15,8,15,24,25,44,55,0,0,2,5,12,12
2009/1/17,13,17,25,55,64,85,0,0,4,14,14,15
2009/1/20,19,35,49,52,75,79,0,0,0,0,13,18
2009/1/22,1,2,40,52,67,82,0,0,0,2,12,19
2009/1/24,2,4,13,23,28,68,0,0,0,7,14,16
2009/1/27,20,31,44,51,65,74,0,0,0,0,12,20
2009/1/29,27,32,55,65,76,86,0,0,0,0,2,16
2009/1/31,1,3,8,38,83,88,0,0,0,0,9,16
2009/2/3,11,13,17,49,51,61,0,0,7,14,17,31
2009/2/5,7,18,27,33,35,43,0,0,0,0,7,29
2009/2/7,8,23,58,61,76,79,4,9,18,23,30,35
2009/2/10,11,18,47,80,89,90,0,0,0,5,7,28
2009/2/12,3,24,31,32,61,85,0,5,9,12,14,26
2009/2/14,7,32,43,50,68,73,9,9,16,21,37,38
2009/2/17,17,20,63,78,82,85,0,0,5,10,21,26
2009/2/19,28,30,32,33,34,52,0,14,14,21,26,30
2009/2/21,6,39,40,41,50,54,0,0,4,10,10,12
2009/2/24,33,38,47,67,68,81,0,14,19,24,31,33
2009/2/26,10,19,25,35,51,73,0,9,16,22,24,30
2009/2/28,6,26,56,65,69,82,0,0,0,1,3,7
2009/3/3,20,39,42,45,74,77,0,0,0,0,2,10
2009/3/5,29,36,37,40,70,75,0,0,0,12,24,26
2009/3/7,4,14,45,53,77,84,0,0,2,4,4,21
2009/3/10,33,57,63,65,78,88,0,0,11,21,26,33
2009/3/12,2,10,19,36,78,90,7,7,14,22,25,28
2009/3/14,10,15,46,51,65,75,0,12,15,16,21,31
2009/3/17,3,38,44,50,53,70,3,10,12,14,22,28
2009/3/19,1,39,40,52,54,64,1,4,21,26,27,36
2009/3/21,4,39,43,59,74,90,0,1,9,16,20,28
2009/3/24,1,9,11,21,36,47,4,6,11,15,19,26
2009/3/26,13,21,70,71,72,85,0,1,6,6,21,28
2009/3/28,1,10,55,61,72,77,2,10,17,25,30,30
2009/3/31,2,4,16,20,29,53,2,16,18,24,26,28
2009/4/2,3,12,16,30,84,89,0,2,17,19,20,26
2009/4/4,2,3,4,27,34,42,6,21,24,27,30,32
2009/4/7,3,37,54,65,87,89,0,8,22,23,24,33
2009/4/9,2,23,36,62,75,79,0,7,11,15,15,35
2009/4/11,6,34,59,61,83,90,6,19,21,22,31,31
2009/4/14,2,5,20,43,64,83,0,7,9,16,22,33
2009/4/16,3,9,17,38,54,62,0,7,13,29,33,33
2009/4/18,20,46,48,62,71,86,7,9,11,15,24,35
2009/4/21,19,22,26,59,61,71,0,5,16,16,27,31
2009/4/23,24,29,40,71,74,78,3,4,5,20,29,36
2009/4/27,7,40,54,64,69,71,3,3,11,22,33,35
2009/4/28,11,12,32,55,72,87,9,16,21,26,27,33
2009/4/30,28,64,65,77,85,89,0,10,11,22,28,38
2009/5/2,2,25,31,38,45,84,7,21,23,29,29,34
2009/5/5,7,12,19,43,71,77,3,3,11,19,30,33
2009/5/7,31,43,67,69,76,80,3,12,14,21,26,32
2009/5/9,9,11,40,48,68,84,9,15,20,27,28,28
2009/5/12,4,9,22,23,47,73,4,21,23,28,29,40
2009/5/14,1,22,41,69,73,89,3,6,7,23,24,25
2009/5/16,39,50,55,57,78,82,6,12,18,27,27,31
2009/5/19,36,55,62,66,81,85,0,6,14,29,30,34
2009/5/21,11,14,17,24,39,48,5,7,20,23,33,33
2009/5/23,9,25,29,43,48,54,2,2,5,9,12,33
2009/5/26,6,33,35,64,66,77,3,4,5,7,24,24
2009/5/28,5,27,37,63,67,77,5,5,16,24,26,26
2009/5/30,1,13,17,31,58,62,3,7,13,17,23,35
2009/6/3,32,33,37,43,44,79,1,6,13,13,22,22
2009/6/4,7,57,60,67,69,90,2,10,14,19,24,31
2009/6/6,8,14,16,18,56,60,15,21,25,32,35,36
2009/6/9,14,17,39,47,58,85,1,9,13,17,19,26
2009/6/11,4,10,24,59,72,83,3,5,12,18,19,33
2009/6/13,8,19,25,73,76,84,1,7,27,28,32,36
2009/6/16,6,14,39,47,63,82,2,8,8,9,16,25
2009/6/18,15,27,31,52,74,77,10,17,18,25,26,31
2009/6/20,1,7,38,58,62,78,4,9,16,18,24,29
2009/6/23,2,3,37,38,58,59,8,8,17,19,24,27
2009/6/25,23,36,38,52,62,63,0,1,9,17,21,30
2009/6/27,29,56,66,77,88,89,1,6,20,26,32,33
2009/6/30,12,19,24,51,56,78,3,6,17,18,23,24
2009/7/2,12,13,38,46,47,72,6,18,19,26,28,36
2009/7/4,6,35,53,67,75,89,5,8,8,13,27,33
2009/7/7,41,44,55,56,68,79,4,8,10,15,17,30
2009/7/9,7,29,57,60,79,87,8,10,12,13,25,37
2009/7/11,8,21,32,33,60,69,8,14,14,16,21,25
2009/7/14,33,35,47,51,62,89,18,18,19,28,30,32
2009/7/16,6,35,38,48,58,76,11,14,20,24,25,30
2009/7/18,4,32,34,56,61,82,7,8,15,15,21,27
2009/7/21,27,32,40,49,75,82,10,14,18,21,22,27
2009/7/23,9,12,60,69,72,89,1,4,11,26,27,31
2009/7/25,7,35,36,41,45,88,14,19,20,23,28,29
2009/7/28,1,21,29,40,63,70,12,13,21,22,27,31
2009/7/30,2,68,77,81,83,84,5,6,16,20,27,29
2009/8/1,17,21,23,31,33,37,0,2,2,13,26,37
2009/8/4,4,8,51,72,74,88,6,19,23,24,32,33
2009/8/6,40,41,49,56,61,63,4,6,12,22,27,30
2009/8/8,24,51,58,61,74,77,1,6,7,8,23,28
2009/8/11,26,29,40,50,54,72,5,11,20,21,30,35
2009/8/13,11,29,56,63,88,90,1,4,7,14,21,29
2009/8/17,4,10,27,28,34,57,5,10,16,20,23,28
2009/8/18,2,19,43,49,77,82,4,11,18,19,24,25
2009/8/20,2,16,38,67,70,84,4,6,15,20,26,27
2009/8/22,10,11,27,45,79,88,13,15,17,22,30,33
2009/8/25,4,5,22,48,53,86,4,13,16,16,21,42
2009/8/27,15,20,36,69,74,87,0,2,5,6,11,14
2009/8/29,15,19,26,34,67,69,1,2,2,7,15,22
2009/9/1,12,14,19,38,41,45,8,9,25,27,27,32
2009/9/3,18,54,56,58,62,66,8,11,12,22,27,38
2009/9/5,15,31,39,49,64,85,6,11,14,14,25,31
2009/9/8,6,13,41,71,75,86,5,7,15,19,30,34
2009/9/10,17,39,41,47,77,83,3,5,7,11,26,30
2009/9/12,5,21,26,45,47,49,7,11,16,18,28,34
2009/9/15,26,60,61,72,85,88,8,19,24,29,37,38
2009/9/17,19,32,34,63,74,89,2,10,14,15,20,27
2009/9/19,4,8,20,21,44,80,5,13,13,18,25,38
2009/9/22,17,40,50,73,74,82,3,5,7,12,17,17
2009/9/24,5,9,25,30,76,81,2,7,8,17,22,30
2009/9/26,34,69,70,73,82,90,0,9,21,25,29,30
2009/9/29,10,22,24,45,67,76,12,21,24,24,27,35
2009/10/1,4,19,34,52,68,77,0,2,6,10,24,26
2009/10/3,28,38,59,60,71,83,2,14,21,21,28,30
2009/10/6,23,24,49,69,70,72,4,10,11,14,19,31
2009/10/8,1,12,17,65,70,90,4,6,9,12,14,33
2009/10/10,9,33,34,52,82,83,2,9,14,15,23,28
2009/10/13,5,11,40,43,56,82,5,14,24,26,26,29
2009/10/15,3,29,51,55,73,81,0,5,19,23,23,34
2009/10/17,8,24,45,47,72,84,1,2,7,11,14,25
2009/10/20,41,47,49,55,77,90,4,13,16,21,24,25
2009/10/22,29,33,34,64,65,87,5,13,14,20,21,28
2009/10/24,6,26,37,38,55,73,5,9,18,22,28,29
2009/10/27,38,43,44,45,63,77,12,19,21,21,28,30
2009/10/29,29,37,42,52,54,59,0,3,4,12,12,18
2009/10/31,13,16,41,49,58,76,5,7,13,22,23,24
2009/11/3,22,35,44,66,71,88,3,10,19,21,28,33
2009/11/5,12,20,28,57,74,85,1,2,13,18,24,26
2009/11/7,9,11,70,74,75,84,0,1,3,5,10,20
2009/11/10,24,32,56,59,76,81,6,14,24,24,31,33
2009/11/12,37,43,49,66,73,88,0,12,14,17,19,28
2009/11/14,15,27,31,40,63,82,11,19,20,23,23,24
2009/11/17,16,25,28,30,39,51,1,4,5,22,30,31
2009/11/19,1,35,42,55,57,62,2,2,10,20,21,22
2009/11/21,36,37,50,57,73,83,4,6,15,23,31,37
2009/11/24,19,47,69,71,86,87,8,11,16,16,17,27
2009/11/26,26,31,32,50,61,77,8,19,22,28,35,36
2009/11/28,3,42,52,67,78,86,2,4,7,11,15,25
2009/12/1,21,25,36,51,82,90,2,7,12,25,25,25
2009/12/3,19,30,34,49,54,74,7,7,7,13,25,29
2009/12/5,20,63,66,74,75,77,2,7,15,31,32,32
2009/12/9,9,30,50,57,62,70,6,8,10,13,22,33
2009/12/10,33,36,39,50,65,70,7,9,28,28,34,34
2009/12/12,10,16,40,55,66,77,1,9,10,13,14,29
2009/12/15,1,4,48,53,61,85,5,12,17,22,25,27
2009/12/17,1,23,32,53,66,83,0,7,12,14,14,27
2009/12/19,9,15,17,34,73,83,0,2,11,20,23,25
2009/12/22,6,13,17,52,64,82,3,4,19,26,28,34
2009/12/24,5,25,37,52,62,79,3,18,20,21,22,28
2009/12/28,34,36,61,62,78,88,4,11,20,22,25,27
2009/12/29,11,16,21,62,70,84,11,12,17,20,23,26
2009/12/31,40,41,45,51,52,79,4,17,24,25,29,32
2010/1/2,10,23,47,63,70,81,16,16,22,23,23,32
2010/1/5,44,48,49,68,86,87,1,4,5,9,21,26
2010/1/7,13,24,26,34,76,77,10,19,19,25,30,35
2010/1/9,1,30,32,45,69,83,2,2,4,4,23,27
2010/1/12,26,27,39,55,59,63,6,12,17,28,30,33
2010/1/14,4,24,47,66,74,77,9,17,22,26,28,35
2010/1/16,14,18,32,33,46,88,1,8,11,12,30,32
2010/1/19,5,18,55,59,65,74,4,7,16,19,24,27
2010/1/21,11,21,53,62,63,68,5,10,10,12,15,19
2010/1/23,2,23,24,70,81,90,0,2,12,18,27,37
2010/1/26,6,15,18,23,53,62,5,9,11,20,24,29
2010/1/28,21,23,25,27,36,84,1,6,7,12,17,22
2010/1/30,4,17,52,55,56,67,3,6,7,11,30,33
2010/2/2,8,26,32,40,62,88,15,25,25,27,28,32
2010/2/4,11,25,36,49,53,85,8,8,11,13,26,33
2010/2/6,24,40,43,51,53,88,1,14,16,29,29,35
2010/2/9,20,22,24,40,51,80,4,4,14,17,28,32
2010/2/11,4,19,32,58,73,87,2,4,6,8,23,39
2010/2/13,1,14,26,49,71,89,2,17,21,22,26,28
2010/2/16,46,48,63,68,83,85,4,6,14,23,29,31
2010/2/18,7,34,49,51,58,86,1,4,13,15,22,27
2010/2/20,19,26,63,67,68,83,1,8,11,20,33,35
2010/2/23,12,30,35,44,49,62,3,4,9,14,14,27
2010/2/25,1,64,67,68,79,90,12,13,14,17,19,25
2010/2/27,13,43,47,55,67,70,2,6,10,26,27,31
2010/3/2,4,5,18,35,40,90,2,3,10,11,16,17
2010/3/4,17,24,34,48,61,87,5,5,18,25,30,34
2010/3/6,16,21,30,35,57,78,1,8,15,20,21,24
2010/3/9,26,28,48,52,55,90,2,2,4,10,14,24
2010/3/11,7,8,25,46,65,78,5,9,16,29,29,30
2010/3/13,8,9,11,14,79,90,1,8,12,28,29,32
2010/3/16,6,15,21,27,49,85,14,17,20,28,31,31
2010/3/18,4,5,29,58,71,84,7,8,16,18,26,26
2010/3/20,4,18,26,47,61,80,0,7,14,20,21,25
2010/3/23,20,29,44,54,64,69,0,3,5,13,21,28
2010/3/25,6,50,67,69,77,88,0,7,19,27,30,32
2010/3/27,44,45,58,65,66,85,0,7,15,16,17,21
2010/3/30,8,30,64,69,80,88,4,5,10,12,17,35
2010/4/1,23,25,37,38,50,86,5,11,18,22,28,39
2010/4/3,2,16,19,47,49,57,1,4,14,19,22,29
2010/4/6,1,30,67,68,71,80,11,19,21,24,31,35
2010/4/8,7,29,36,50,56,75,5,8,27,29,30,37
2010/4/10,6,31,58,64,74,82,1,9,23,23,26,30
2010/4/13,33,42,46,55,69,90,7,12,13,25,26,36
2010/4/15,34,37,38,39,59,90,5,5,22,26,28,32
2010/4/17,30,54,66,67,76,90,3,8,11,14,22,30
2010/4/20,4,14,40,41,54,79,7,11,12,17,25,28
2010/4/22,6,25,29,44,68,74,5,5,7,21,26,33
2010/4/24,6,7,45,46,67,85,7,14,14,15,28,36
2010/4/27,4,26,28,59,61,68,10,14,16,17,18,27
2010/4/29,31,38,49,54,62,76,9,11,19,23,26,30
2010/5/3,19,33,45,55,82,84,2,21,23,24,27,32
2010/5/4,5,15,23,39,43,49,4,8,19,31,33,34
2010/5/6,2,4,25,34,61,66,8,13,13,22,25,27
2010/5/8,18,26,45,67,70,90,2,18,19,27,28,29
2010/5/11,13,28,39,45,68,81,0,15,21,24,28,39
2010/5/13,19,29,37,46,64,75,0,16,18,26,28,30
2010/5/15,22,32,34,70,78,90,4,6,22,25,26,28
2010/5/18,50,55,57,62,78,83,2,4,10,24,30,31
2010/5/20,19,38,48,54,71,84,3,7,8,9,15,19
2010/5/22,31,32,57,59,78,79,2,6,7,7,13,32
2010/5/25,6,34,43,60,71,73,8,8,19,22,32,38
2010/5/27,9,39,49,64,65,72,19,20,27,30,31,31
2010/5/29,22,68,75,83,85,89,1,3,10,14,18,31
2010/6/1,3,15,46,67,75,78,0,12,17,19,24,27
2010/6/3,30,38,46,47,62,67,2,12,13,21,23,29
2010/6/5,1,6,13,24,46,89,4,4,9,19,24,28
2010/6/8,24,33,54,69,79,86,2,15,24,31,33,33
2010/6/10,16,19,48,51,65,85,3,13,23,28,29,34
2010/6/12,16,27,43,46,62,85,1,2,5,11,15,21
2010/6/15,48,54,64,75,79,87,1,9,9,26,31,31
2010/6/17,20,46,50,52,69,86,6,16,16,17,24,34
2010/6/19,3,8,10,22,32,50,0,4,10,10,13,36
2010/6/22,9,19,54,73,83,90,9,10,13,16,27,30
2010/6/24,12,18,49,51,66,69,3,5,13,16,24,31
2010/6/26,9,28,33,38,50,55,0,2,15,16,17,17
2010/6/29,1,13,18,41,68,84,8,9,24,27,33,36
2010/7/1,1,14,38,77,80,89,0,2,5,8,20,30
2010/7/3,14,18,48,52,64,75,2,10,17,19,27,40
2010/7/6,9,34,57,72,84,88,6,15,27,27,31,35
2010/7/8,23,25,43,50,51,61,0,7,14,16,17,28
2010/7/10,10,25,34,79,85,86,9,10,12,15,24,31
2010/7/13,9,20,33,48,55,84,2,2,3,7,29,33
2010/7/15,4,5,11,15,20,46,7,7,9,17,17,28
2010/7/17,1,9,32,56,71,79,6,7,9,16,23,31
2010/7/20,19,33,45,50,54,86,5,6,8,12,25,26
2010/7/22,30,37,41,45,47,57,0,10,16,28,31,38
2010/7/24,37,47,51,54,78,82,2,4,16,30,32,33
2010/7/27,37,47,69,75,86,88,0,5,9,10,10,33
2010/7/29,6,7,11,19,34,49,13,15,28,29,31,32
2010/7/31,14,15,16,27,56,57,0,4,15,16,23,23
2010/8/3,8,38,48,66,70,86,7,12,17,19,22,24
2010/8/5,11,17,47,57,79,86,4,9,9,14,18,19
2010/8/7,1,7,19,65,67,74,2,2,18,24,29,30
2010/8/10,1,10,17,31,58,80,4,5,6,8,24,26
2010/8/12,2,40,47,54,66,83,3,14,21,21,31,33
2010/8/14,6,10,69,78,83,86,16,18,20,28,29,30
2010/8/17,4,19,52,67,82,90,3,10,16,20,28,28
2010/8/19,9,17,37,51,70,78,7,22,25,25,33,40
2010/8/21,14,59,64,75,80,83,2,17,21,23,28,36
2010/8/24,50,53,66,69,70,90,0,2,4,19,20,27
2010/8/26,13,28,36,45,59,65,6,14,18,24,26,33
2010/8/28,6,11,13,48,72,77,3,9,13,16,27,28
2010/8/31,10,21,35,40,63,79,1,5,11,12,13,23
2010/9/2,18,30,40,64,88,89,0,8,9,15,15,25
2010/9/4,13,54,56,67,82,90,5,12,12,25,26,35
2010/9/7,3,7,48,67,87,90,8,8,15,19,33,38
2010/9/9,8,26,32,44,82,86,12,17,17,17,18,30
2010/9/11,10,16,36,70,71,73,3,11,22,22,22,22
2010/9/14,6,29,54,62,72,80,0,4,5,8,13,33
2010/9/16,5,49,71,83,85,88,8,13,15,17,18,23
2010/9/18,4,23,24,35,77,79,2,7,24,28,30,30
2010/9/21,46,49,61,69,74,82,1,8,19,20,29,30
2010/9/23,25,32,64,74,85,90,10,13,20,24,25,29
2010/9/25,13,16,45,58,63,72,1,8,13,16,18,30
2010/9/28,18,20,46,54,57,65,8,14,18,20,27,41
2010/9/30,6,24,55,67,70,75,0,4,5,10,16,17
2010/10/2,9,16,31,43,49,83,0,1,8,9,19,21
2010/10/5,17,38,42,50,68,86,6,10,11,21,23,26
2010/10/7,19,22,49,65,70,87,4,5,7,9,23,29
2010/10/9,24,30,42,54,84,85,10,14,21,29,30,37
2010/10/12,18,23,31,38,47,51,11,12,12,20,30,31
2010/10/14,9,15,19,38,48,77,1,2,20,23,30,31
2010/10/16,16,31,41,61,65,77,0,7,8,22,22,35
2010/10/19,31,49,54,57,80,88,2,4,7,12,17,18
2010/10/21,3,13,33,42,56,85,2,5,6,22,28,40
2010/10/23,12,26,46,69,72,87,0,20,26,26,29,33
2010/10/26,30,32,49,53,72,84,3,3,14,15,24,39
2010/10/28,16,29,32,53,61,72,5,16,17,20,34,41
2010/10/30,4,26,40,54,55,67,0,4,15,18,33,36
2010/11/2,31,39,53,56,68,90,3,7,16,18,25,31
2010/11/4,1,10,47,50,52,74,2,4,10,12,19,21
2010/11/6,13,35,41,44,59,79,0,15,18,21,22,36
2010/11/9,23,37,41,51,62,74,1,2,5,24,24,40
2010/11/11,28,49,50,54,66,68,9,13,16,17,27,30
2010/11/13,2,34,45,47,54,74,0,0,0,9,21,28
2010/11/16,26,38,40,66,76,81,0,3,8,14,16,18
2010/11/18,23,32,33,47,63,81,2,7,7,10,21,26
2010/11/20,5,7,46,65,73,82,0,1,11,21,24,29
2010/11/23,46,54,65,70,82,85,10,13,14,24,24,27
2010/11/25,5,14,48,52,57,90,3,5,13,21,23,32
2010/11/27,21,38,41,43,52,77,4,8,14,23,25,30
2010/11/30,19,20,32,64,87,89,7,12,15,17,19,24
2010/12/2,10,35,39,57,61,75,9,14,19,20,22,32
2010/12/4,16,20,36,39,42,51,1,11,12,24,24,30
2010/12/7,27,31,45,61,74,79,14,15,19,24,24,31
2010/12/9,12,32,54,60,89,90,2,4,21,26,26,28
2010/12/11,3,17,35,52,69,83,3,7,7,7,8,23
2010/12/14,3,17,48,76,77,90,0,7,10,10,18,21
2010/12/16,9,15,27,54,76,86,1,1,2,2,14,30
2010/12/18,30,38,52,63,74,89,3,4,15,27,30,30
2010/12/21,8,9,19,48,51,81,0,3,3,5,13,25
2010/12/23,5,12,16,44,71,75,5,18,20,30,30,33
2010/12/27,4,39,62,67,69,78,14,15,19,22,23,24
2010/12/28,1,4,21,56,69,75,3,5,8,20,21,23
2010/12/30,5,29,35,39,41,45,1,7,7,8,16,17
2011/1/3,4,7,12,20,74,89,6,12,13,29,29,34
2011/1/4,1,12,21,31,39,49,1,7,12,22,28,30
2011/1/7,14,25,44,54,78,89,1,8,16,20,23,30
2011/1/8,26,68,73,75,76,86,5,10,10,14,25,31
2011/1/11,12,13,31,69,71,77,1,4,11,14,19,34
2011/1/13,15,17,34,59,83,86,5,8,10,27,29,33
2011/1/15,5,8,37,77,79,90,1,6,17,21,23,28
2011/1/18,10,50,55,61,87,90,3,5,7,9,30,31
2011/1/20,4,23,35,54,72,88,4,6,17,28,29,35
2011/1/22,6,8,15,52,67,86,6,10,16,19,19,35
2011/1/25,3,12,13,15,43,46,9,10,15,16,18,19
2011/1/27,1,11,27,45,49,61,0,3,6,9,13,24
2011/1/29,11,35,58,64,68,72,0,4,11,26,31,37
2011/2/1,22,30,43,62,70,71,1,17,21,26,32,32
2011/2/3,20,25,37,45,49,63,0,2,13,20,20,25
2011/2/5,25,32,43,52,65,78,2,24,26,27,30,30
2011/2/8,10,11,20,41,55,83,2,7,13,20,21,28
2011/2/10,1,47,54,81,84,89,5,14,16,16,17,25
2011/2/12,1,3,19,23,61,78,4,9,16,19,27,28
2011/2/15,25,40,63,78,82,85,5,6,7,15,25,33
2011/2/17,10,17,18,25,45,84,1,3,5,7,11,12
2011/2/19,27,44,48,57,77,83,13,19,24,27,28,29
2011/2/22,2,3,38,42,56,74,8,18,30,31,32,38
2011/2/24,2,25,50,63,76,85,0,14,24,34,34,40
2011/2/26,16,18,20,26,32,35,8,14,15,20,25,32
2011/3/1,9,32,42,55,71,90,9,9,17,18,22,25
2011/3/3,12,41,64,75,82,84,2,4,16,22,26,30
2011/3/5,3,12,38,50,54,55,7,8,13,16,18,19
2011/3/8,22,28,32,57,58,85,2,5,8,21,24,33
2011/3/10,7,14,21,47,58,71,4,14,22,27,31,32
2011/3/12,22,26,42,44,58,83,2,6,6,22,25,36
2011/3/15,6,25,62,80,85,86,1,2,7,7,12,25
2011/3/18,6,16,35,52,53,69,0,5,10,12,18,28
2011/3/19,10,21,43,47,58,85,2,3,13,16,23,31
2011/3/22,2,32,49,52,54,80,1,7,14,16,16,21
2011/3/24,7,13,19,65,86,88,5,11,16,22,36,36
2011/3/26,37,38,56,62,70,83,2,3,9,13,16,30
2011/3/29,2,11,37,45,48,66,2,6,12,19,24,28
2011/3/31,3,25,43,55,72,80,7,14,15,17,23,33
2011/4/2,8,14,20,36,45,85,16,17,20,25,27,30
2011/4/5,5,30,31,55,57,70,0,12,15,19,23,26
2011/4/7,21,22,46,56,63,66,2,9,14,16,22,28
2011/4/9,12,13,17,38,74,87,10,12,17,18,21,23
2011/4/12,29,37,50,62,70,86,2,3,5,19,20,30
2011/4/14,24,26,43,71,79,80,1,14,19,26,28,28
2011/4/16,9,17,29,37,49,68,6,10,12,23,24,28
2011/4/19,9,12,21,34,64,67,1,1,21,26,27,37
2011/4/21,8,14,23,25,45,69,4,6,7,26,35,36
2011/4/23,6,34,35,54,62,84,1,7,11,20,25,30
2011/4/26,14,32,56,72,78,79,3,5,11,11,26,28
2011/4/28,38,42,45,69,86,90,9,10,11,11,19,33
2011/4/30,15,29,36,48,74,83,7,8,19,20,23,31
2011/5/3,30,40,51,52,54,74,1,3,10,11,27,36
2011/5/5,21,31,33,40,50,52,1,14,17,20,28,29
2011/5/7,3,4,22,43,65,67,11,16,19,24,28,33
2011/5/10,12,35,75,76,82,84,3,3,8,12,22,24
2011/5/12,1,3,6,21,85,90,0,0,8,24,24,33
2011/5/14,2,21,22,56,70,81,4,13,18,21,26,35
2011/5/17,28,41,55,69,79,82,9,15,16,22,29,29
2011/5/19,5,24,32,78,80,83,0,1,3,6,24,26
2011/5/21,8,12,18,31,32,85,0,5,17,18,23,37
2011/5/24,65,72,74,79,87,90,3,10,22,22,29,33
2011/5/26,20,24,31,38,54,72,2,5,8,9,33,35
2011/5/28,15,16,79,80,84,88,1,4,7,9,11,26
2011/5/31,1,10,62,69,78,85,0,13,19,27,30,32
2011/6/3,14,16,24,30,34,72,3,6,7,7,32,34
2011/6/4,21,44,46,49,58,67,12,13,14,18,28,35
2011/6/7,5,20,44,51,54,90,4,11,14,15,17,21
2011/6/9,10,17,21,35,36,76,5,6,12,19,33,33
2011/6/11,11,29,39,41,43,55,0,8,15,15,16,26
2011/6/14,40,44,49,57,58,87,4,7,16,22,28,34
2011/6/16,18,48,57,59,84,87,0,1,4,12,18,26
2011/6/18,19,22,25,67,74,89,0,8,14,18,27,29
2011/6/21,2,41,62,75,79,87,10,18,18,21,23,34
2011/6/23,11,27,47,50,58,82,1,1,20,26,32,36
2011/6/25,11,17,35,42,71,76,13,15,22,24,28,30
2011/6/28,5,6,29,43,66,74,7,11,17,24,25,33
2011/6/30,7,20,35,37,57,70,9,14,17,20,27,31
2011/7/2,6,9,11,19,45,51,2,4,12,14,21,29
2011/7/5,2,6,7,51,57,71,5,9,19,22,24,34
2011/7/7,1,2,34,54,79,88,2,11,12,13,21,32
2011/7/9,11,22,42,49,58,89,1,2,4,7,17,29
2011/7/12,7,27,28,45,57,75,7,11,20,24,26,29
2011/7/14,21,35,51,68,81,90,0,5,14,21,21,30
2011/7/16,17,20,38,51,53,74,1,9,14,16,25,28
2011/7/19,35,43,56,58,71,90,5,10,13,19,26,27
2011/7/21,9,13,31,35,45,79,2,7,16,23,25,35
2011/7/23,36,42,63,77,81,86,2,4,9,9,21,35
2011/7/26,6,38,50,63,65,74,1,7,11,15,19,28
2011/7/28,21,23,25,65,67,78,2,5,7,8,13,33
2011/7/30,9,33,36,54,60,86,0,3,7,16,16,30
2011/8/2,1,5,32,49,69,72,12,16,21,21,25,31
2011/8/4,3,10,18,42,67,90,6,7,9,25,33,33
2011/8/6,18,21,58,65,89,90,9,9,11,11,22,23
2011/8/9,30,41,55,68,76,82,10,11,21,22,25,31
2011/8/11,8,17,51,60,63,79,2,5,5,8,17,19
2011/8/13,14,31,37,49,74,78,4,5,7,12,21,36
2011/8/16,2,6,27,29,38,55,6,12,17,17,20,28
2011/8/18,18,23,34,37,67,68,6,8,12,20,21,28
2011/8/20,18,26,29,78,79,80,3,14,21,23,24,28
2011/8/23,2,34,42,43,58,76,0,11,15,19,19,26
2011/8/25,18,38,39,45,57,90,6,6,24,28,30,34
2011/8/27,9,43,50,51,57,83,0,10,19,23,24,28
2011/8/30,12,23,32,35,52,55,13,13,16,22,31,40
2011/9/1,8,12,26,44,48,50,15,15,18,23,23,24
2011/9/3,3,5,9,41,58,62,1,3,14,16,21,27
2011/9/6,14,15,21,41,60,63,3,6,9,9,19,22
2011/9/8,20,45,61,67,80,88,0,4,7,9,11,20
2011/9/10,2,8,9,29,53,75,3,9,10,14,32,37
2011/9/13,61,64,74,75,80,87,2,5,6,9,16,24
2011/9/15,6,19,30,45,52,89,6,7,18,25,27,29
2011/9/17,13,45,70,72,81,84,5,13,14,24,25,29
2011/9/20,7,23,39,48,69,75,1,13,17,19,21,34
2011/9/22,4,6,27,37,45,58,3,11,13,13,16,20
2011/9/24,4,23,56,71,76,78,1,13,14,23,30,32
2011/9/27,18,28,35,52,57,75,7,14,18,19,20,31
2011/9/29,11,26,41,45,75,77,7,8,10,10,16,22
2011/10/1,3,5,13,54,58,85,2,3,7,26,27,29
2011/10/4,1,8,41,68,69,73,5,12,13,17,23,39
2011/10/6,5,8,11,47,56,63,7,8,19,23,26,36
2011/10/8,1,26,45,58,66,88,0,9,14,16,19,30
2011/10/11,23,36,41,43,83,90,7,11,20,23,33,40
2011/10/13,9,19,27,53,78,81,4,11,16,16,22,37
2011/10/15,33,40,44,54,64,85,2,9,16,16,16,28
2011/10/18,1,19,29,60,76,77,3,11,19,20,27,29
2011/10/20,7,11,21,34,69,88,1,3,4,12,20,28
2011/10/22,9,15,22,56,61,86,4,4,9,19,20,23
2011/10/25,13,21,24,39,44,60,10,10,11,19,25,38
2011/10/27,2,41,63,64,67,73,2,6,20,22,22,28
2011/10/29,8,16,23,24,71,77,3,10,14,15,16,36
2011/11/2,5,14,41,48,59,90,0,3,8,11,11,35
2011/11/3,52,55,65,75,79,81,0,2,18,25,25,25
2011/11/5,23,44,46,59,74,80,4,10,14,22,23,26
2011/11/8,23,52,71,74,78,86,8,9,21,25,26,30
2011/11/10,8,13,24,39,57,77,2,3,15,22,26,27
2011/11/12,25,32,46,58,74,79,2,11,19,25,29,35
2011/11/15,18,21,36,38,45,62,1,13,24,26,26,32
2011/11/17,12,25,30,33,38,84,0,1,5,23,24,28
2011/11/19,13,24,52,53,88,90,0,10,17,34,36,41
2011/11/22,11,16,17,25,61,72,2,3,4,14,29,35
2011/11/24,3,33,62,69,75,79,7,7,14,14,19,27
2011/11/26,26,29,35,81,82,87,11,14,18,25,29,33
2011/11/29,13,24,29,37,55,67,6,10,13,17,21,26
2011/12/1,4,10,29,41,54,74,0,1,3,15,19,31
2011/12/3,7,13,16,42,67,68,6,10,15,17,19,25
2011/12/6,1,4,10,24,55,90,1,1,5,6,17,33
2011/12/9,1,49,51,60,83,84,1,13,18,26,27,30
2011/12/10,28,31,48,56,72,78,8,14,16,17,23,25
2011/12/13,10,26,31,36,72,85,6,10,12,20,26,29
2011/12/15,7,37,40,53,55,62,3,10,24,28,29,29
2011/12/17,2,28,37,56,77,79,5,18,21,29,31,32
2011/12/20,21,28,56,63,68,88,0,2,4,15,24,27
2011/12/22,36,37,44,62,75,90,1,2,10,17,18,38
2011/12/24,16,41,46,53,86,87,1,3,5,16,26,33
2011/12/27,6,9,21,24,30,47,1,3,19,22,22,27
2011/12/29,15,20,42,43,47,83,6,7,16,27,29,32
2011/12/31,2,3,9,30,33,56,5,9,13,14,26,32
2012/1/3,35,47,54,68,71,78,0,3,3,18,26,32
2012/1/5,10,11,12,24,56,71,0,12,12,18,28,35
2012/1/7,7,15,60,72,77,90,0,0,4,9,13,20
2012/1/10,14,22,27,28,34,66,8,9,12,14,15,34
2012/1/12,20,49,53,63,73,84,2,9,19,23,26,30
2012/1/14,4,12,15,37,53,83,5,9,11,11,22,25
2012/1/17,9,27,32,51,53,71,2,11,14,19,29,31
2012/1/19,24,41,44,56,73,90,7,12,18,26,26,32
2012/1/21,12,19,33,38,62,80,0,16,29,30,31,31
2012/1/24,27,32,55,68,72,75,5,7,11,18,26,26
2012/1/26,13,16,22,30,52,87,4,16,24,30,31,34
2012/1/28,2,17,25,50,52,84,0,0,7,9,18,21
2012/1/31,16,23,28,33,43,86,4,5,5,9,26,29
2012/2/2,25,37,43,50,58,60,5,7,9,10,14,26
2012/2/4,1,17,30,43,67,82,0,7,9,20,20,23
2012/2/7,27,30,69,75,81,83,2,3,14,25,28,30
2012/2/9,43,51,54,71,73,85,2,5,7,14,20,25
2012/2/11,23,30,46,64,70,86,7,7,15,20,28,37
2012/2/14,12,25,41,79,86,88,0,4,7,10,17,23
2012/2/16,5,21,23,41,74,84,0,7,12,24,26,26
2012/2/18,8,21,39,56,74,81,3,4,9,28,29,37
2012/2/21,28,29,30,39,75,87,6,7,13,17,29,30
2012/2/23,20,28,56,62,63,76,1,2,4,15,28,30
2012/2/25,14,30,64,75,79,89,4,11,11,21,22,29
2012/2/28,25,34,43,57,67,77,5,10,12,30,31,33
2012/3/1,6,14,19,26,51,53,7,7,9,15,17,24
2012/3/3,16,19,31,46,69,74,1,9,9,12,19,35
2012/3/6,31,42,49,51,68,79,2,12,17,21,25,26
2012/3/8,23,37,47,79,80,83,6,6,11,12,21,23
2012/3/10,1,8,40,54,69,81,3,15,19,23,25,26
2012/3/13,15,17,53,67,75,81,6,10,24,27,28,28
2012/3/15,1,13,14,34,67,83,12,19,23,26,28,33
2012/3/17,12,23,54,68,84,89,0,9,10,21,28,30
2012/3/20,21,39,44,49,65,87,1,1,7,8,24,29
2012/3/22,6,21,37,55,84,88,6,9,12,15,25,26
2012/3/24,39,45,49,66,75,80,1,5,7,12,17,22
2012/3/27,9,26,27,40,51,69,7,7,13,17,32,33
2012/3/29,11,45,50,54,57,62,6,22,28,29,31,35
2012/3/31,11,23,38,47,57,83,1,2,3,8,29,30
2012/4/3,11,34,55,63,87,89,4,24,26,31,31,33
2012/4/5,10,37,44,56,60,89,5,5,6,10,18,28
2012/4/7,37,46,54,55,65,87,7,8,10,19,28,31
2012/4/10,9,22,41,49,52,53,0,12,29,29,31,32
2012/4/12,15,25,34,54,70,88,4,4,6,11,27,27
2012/4/14,5,22,24,36,85,86,4,4,5,7,19,29
2012/4/17,6,28,39,46,60,78,5,11,17,20,29,32
2012/4/19,12,26,27,47,63,77,3,10,17,30,33,36
2012/4/21,9,11,33,69,73,82,10,16,17,29,32,39
2012/4/24,24,28,54,68,78,81,0,2,2,12,16,17
2012/4/26,19,61,62,65,85,89,1,7,15,17,25,26
2012/4/28,6,11,34,51,59,82,2,14,22,22,24,31
2012/5/2,9,22,61,67,84,85,6,21,22,23,32,32
2012/5/3,8,16,25,28,57,68,0,11,11,27,34,34
2012/5/5,13,14,19,57,77,79,0,4,10,17,19,36
2012/5/8,13,19,35,38,52,64,7,13,15,22,26,27
2012/5/10,6,16,30,53,60,71,2,4,16,34,40,42
2012/5/12,10,45,58,66,83,85,0,1,2,13,19,19
2012/5/15,5,38,56,76,77,89,0,14,17,22,29,35
2012/5/17,14,38,41,58,65,75,1,6,10,24,28,29
2012/5/19,1,23,27,33,37,85,9,9,9,15,23,28
2012/5/22,1,6,31,45,58,85,7,11,12,16,26,29
2012/5/24,10,29,32,43,56,90,2,6,14,14,26,31
2012/5/26,3,33,51,55,73,84,13,16,21,25,34,35
2012/5/29,38,39,42,49,55,81,0,5,5,16,16,36
2012/5/31,12,25,66,72,75,89,3,10,11,16,19,28
2012/6/4,8,16,20,23,47,56,1,4,24,25,27,34
2012/6/5,15,29,38,44,67,74,4,6,12,26,26,28
2012/6/7,32,58,63,70,75,81,1,9,16,18,22,27
2012/6/9,31,34,52,54,78,82,10,25,25,27,30,30
2012/6/12,20,30,47,69,77,83,7,9,9,12,12,27
2012/6/14,3,13,39,40,49,75,0,1,4,12,21,25
2012/6/16,1,9,37,69,71,83,1,2,9,16,16,16
2012/6/19,52,62,65,77,87,90,4,6,11,13,30,32
2012/6/21,9,24,39,48,69,75,0,5,7,12,21,28
2012/6/23,2,6,26,42,55,86,9,12,18,23,24,25
2012/6/26,13,30,46,48,70,88,16,16,17,20,23,26
2012/6/28,6,20,25,42,57,80,10,18,23,23,24,29
2012/6/30,17,20,21,39,44,89,4,10,12,14,14,25
2012/7/3,2,12,17,60,63,78,0,10,11,16,17,22
2012/7/5,15,59,64,65,76,79,0,12,14,15,24,29
2012/7/7,15,25,26,53,74,76,1,1,3,14,26,31
2012/7/10,19,32,33,66,75,78,14,18,19,23,26,26
2012/7/12,40,42,54,66,77,86,6,12,27,28,28,31
2012/7/14,27,38,70,75,78,82,8,11,20,23,27,38
2012/7/17,8,28,35,53,57,61,0,1,12,24,29,31
2012/7/19,5,36,51,55,69,79,2,3,11,13,22,28
2012/7/21,22,24,49,58,72,85,0,7,10,25,32,35
2012/7/24,2,45,55,77,84,88,4,8,9,10,16,30
2012/7/26,11,18,30,59,76,77,11,11,13,14,20,33
2012/7/28,9,17,67,68,80,81,1,4,7,12,25,25
2012/7/31,29,82,83,84,87,89,9,10,17,21,28,29
2012/8/2,2,8,55,66,73,83,8,13,16,17,22,31
2012/8/4,12,35,47,56,74,87,0,13,25,31,32,32
2012/8/7,24,50,57,62,72,77,6,17,22,23,26,37
2012/8/9,19,30,32,39,47,71,5,11,13,17,17,27
2012/8/11,4,11,13,42,54,75,15,19,22,27,29,36
2012/8/14,19,22,23,28,41,74,3,8,12,18,21,22
2012/8/16,38,39,46,74,85,89,5,10,18,22,25,30
2012/8/18,3,5,11,34,43,49,0,4,13,30,32,35
2012/8/21,35,42,62,67,76,78,4,6,9,15,30,32
2012/8/23,5,27,36,40,46,64,0,9,10,18,33,37
2012/8/25,7,38,66,67,71,88,0,6,10,10,19,33
2012/8/28,15,27,30,34,75,80,4,6,8,14,15,35
2012/8/30,17,20,22,40,52,62,2,3,5,15,16,16
2012/9/1,6,20,31,33,63,74,1,9,18,26,28,34
2012/9/4,34,42,58,60,82,83,0,8,15,23,29,31
2012/9/6,16,29,39,49,59,64,5,6,11,13,23,23
2012/9/8,5,13,31,42,43,73,8,10,16,19,27,34
2012/9/11,8,33,42,44,48,89,9,9,17,19,28,30
2012/9/13,12,26,27,46,65,77,0,0,21,23,31,33
2012/9/15,21,23,32,35,36,72,2,9,19,21,21,23
2012/9/18,3,10,18,25,50,68,4,10,21,24,31,38
2012/9/20,10,17,50,65,75,86,6,18,26,27,30,40
2012/9/22,1,28,29,68,84,85,0,5,9,11,25,27
2012/9/25,21,23,33,46,61,76,3,12,31,33,33,34
2012/9/27,3,8,10,31,77,79,2,13,14,25,27,33
2012/9/29,6,7,33,53,64,90,2,2,6,6,12,26
2012/10/2,36,52,69,71,78,84,8,10,16,18,33,36
2012/10/4,21,25,47,62,79,87,7,9,16,18,26,30
2012/10/6,13,40,41,56,82,87,3,7,20,27,29,38
2012/10/9,6,9,37,67,83,88,3,6,17,21,22,30
2012/10/11,16,34,50,58,80,90,7,9,13,14,18,20
2012/10/13,14,17,38,58,60,81,7,11,14,18,28,32
2012/10/16,1,20,24,27,46,60,17,17,26,28,31,33
2012/10/18,7,41,56,61,68,84,8,19,19,21,25,26
2012/10/20,2,5,28,36,69,81,4,13,14,33,34,37
2012/10/23,45,50,65,67,78,79,1,10,28,28,29,32
2012/10/25,15,23,51,52,77,90,0,7,8,10,12,28
2012/10/27,15,33,34,43,49,75,0,0,10,12,30,30
2012/10/30,10,32,46,61,70,75,3,6,10,23,31,33
2012/11/3,1,4,8,47,74,87,14,16,19,23,23,29
2012/11/5,7,14,15,17,57,66,2,4,4,12,19,30
2012/11/6,18,20,22,76,82,84,0,9,10,14,24,37
2012/11/8,9,31,39,44,72,81,3,19,23,27,28,33
2012/11/10,1,34,46,51,60,75,5,14,14,14,23,23
2012/11/13,3,20,57,62,79,84,12,17,17,21,22,38
2012/11/15,12,24,53,66,74,83,2,8,12,16,22,27
2012/11/17,8,10,39,60,77,84,5,12,21,21,28,37
2012/11/20,9,11,29,41,67,70,3,4,14,18,26,31
2012/11/22,20,25,51,59,77,88,1,10,11,12,23,30
2012/11/24,12,26,34,42,48,63,0,3,7,28,30,33
2012/11/27,5,13,56,65,78,82,5,10,11,15,31,36
2012/11/29,1,13,17,29,54,63,7,11,12,12,23,26
2012/12/1,6,20,25,45,56,60,4,5,19,20,29,35
2012/12/4,19,33,35,42,49,83,3,6,19,27,33,33
2012/12/6,15,18,47,70,74,89,0,1,18,19,23,24
2012/12/10,11,28,38,49,66,77,10,12,14,14,25,28
2012/12/11,6,8,10,11,16,61,3,4,9,13,16,22
2012/12/13,9,25,48,61,73,82,0,5,22,22,27,35
2012/12/15,15,26,35,39,53,59,0,3,7,10,18,27
2012/12/18,22,56,60,62,79,87,3,7,10,20,23,25
2012/12/20,6,19,26,27,52,65,4,15,18,22,23,28
2012/12/22,24,50,53,59,80,85,7,7,9,10,10,14
2012/12/24,6,22,31,37,38,51,7,13,22,28,30,33
2012/12/27,28,52,57,71,81,87,0,2,5,11,20,27
2012/12/29,31,39,51,84,86,89,4,12,21,22,24,28
2013/1/2,10,11,43,54,61,83,1,2,13,24,25,27
2013/1/3,12,14,41,51,69,90,1,4,9,13,28,32
2013/1/5,3,11,38,59,67,74,4,7,9,16,20,21
2013/1/8,28,32,52,74,79,80,2,9,14,23,23,24
2013/1/10,1,16,22,54,73,76,2,14,21,23,30,34
2013/1/12,9,12,13,30,48,86,4,13,16,19,20,23
2013/1/15,12,24,40,42,70,84,3,8,10,16,18,30
2013/1/17,25,34,38,69,83,86,3,7,9,14,15,21
2013/1/19,1,6,23,52,58,65,1,2,3,18,23,27
2013/1/22,8,51,52,60,83,88,3,6,8,12,25,28
2013/1/24,15,17,47,53,64,80,0,3,3,4,12,18
2013/1/26,10,12,27,39,78,84,14,16,21,25,26,27
2013/1/29,6,12,18,22,25,82,6,14,15,28,30,35
2013/1/31,37,42,47,49,53,63,0,1,7,15,24,25
2013/2/2,9,18,39,63,64,85,3,9,12,20,23,39
2013/2/5,7,13,49,71,80,88,0,7,16,18,20,22
2013/2/7,4,5,55,77,80,81,9,14,18,27,30,35
2013/2/9,4,11,32,51,66,81,5,9,11,12,15,37
2013/2/12,6,21,41,72,73,80,0,6,12,15,16,23
2013/2/14,24,32,44,60,64,76,1,9,20,24,26,33
2013/2/16,6,32,35,43,53,69,2,5,9,16,22,23
2013/2/19,3,34,37,55,82,90,10,13,13,19,26,27
2013/2/21,4,16,35,57,69,88,0,4,6,9,10,14
2013/2/23,1,11,21,50,67,75,17,19,23,23,31,32
2013/2/26,20,25,51,59,84,90,3,11,17,20,21,29
2013/2/28,4,24,62,66,76,84,12,15,16,19,27,28
2013/3/2,16,49,59,67,71,82,4,4,7,14,15,32
2013/3/5,32,34,39,52,59,61,8,10,15,17,21,27
2013/3/7,26,32,42,46,78,82,9,10,11,22,28,32
2013/3/9,13,22,36,64,80,84,7,12,18,28,30,32
2013/3/12,7,10,22,23,41,77,0,12,14,21,28,35
2013/3/14,27,35,47,57,85,89,5,23,25,29,31,31
2013/3/16,19,41,43,48,73,81,8,11,15,16,30,32
2013/3/19,21,39,71,76,89,90,2,2,8,8,11,34
2013/3/21,9,27,47,58,62,71,12,13,14,24,26,30
2013/3/23,29,42,45,58,67,86,1,10,24,25,28,29
2013/3/26,15,37,46,52,64,89,0,7,9,20,24,30
2013/3/28,12,27,54,68,73,76,2,7,16,20,20,37
2013/3/30,17,42,52,71,74,90,5,7,8,11,19,22
2013/4/2,4,12,33,52,85,87,9,12,14,17,21,28
2013/4/4,3,4,31,52,66,84,0,11,12,16,19,30
2013/4/6,5,8,73,84,87,88,6,10,21,21,29,32
2013/4/9,25,44,45,52,68,81,0,0,10,21,21,24
2013/4/11,1,47,66,67,78,90,0,1,2,4,10,31
2013/4/13,26,33,43,49,61,76,18,23,23,23,25,29
2013/4/16,21,30,35,36,83,89,0,3,27,30,30,37
2013/4/18,27,30,35,39,49,69,20,30,32,32,34,39
2013/4/20,29,33,67,75,83,86,4,6,15,19,21,30
2013/4/23,1,13,37,53,62,63,3,9,12,13,14,37
2013/4/27,1,2,11,56,57,75,1,8,14,16,22,33
2013/4/29,2,6,53,54,68,89,2,9,9,10,20,28
2013/4/30,5,35,38,75,82,86,0,10,16,25,29,34
2013/5/2,19,32,33,57,65,75,0,2,4,6,7,27
2013/5/4,6,31,63,74,75,85,3,7,18,20,29,30
2013/5/7,19,37,54,65,67,70,2,5,7,10,11,28
2013/5/9,13,16,20,21,25,65,13,13,13,19,23,26
2013/5/11,10,42,48,67,83,84,6,6,13,21,23,25
2013/5/14,35,41,47,74,77,85,3,4,17,23,24,28
2013/5/16,3,16,22,39,49,71,12,16,20,27,27,31
2013/5/18,14,20,24,36,40,81,4,5,18,21,32,34
2013/5/21,6,32,48,53,54,87,9,16,20,23,24,31
2013/5/23,14,22,36,53,59,66,1,13,19,23,23,33
2013/5/25,6,27,34,55,62,87,6,11,13,19,24,25
2013/5/28,26,35,47,66,67,80,2,4,18,18,20,23
2013/5/30,29,43,61,62,77,79,0,16,19,23,25,29
2013/6/1,8,21,25,54,84,85,3,7,10,15,16,38
2013/6/4,3,27,34,62,81,88,16,21,21,27,29,31
2013/6/6,34,36,47,64,73,78,10,16,18,24,27,37
2013/6/8,5,10,31,53,56,61,2,6,10,15,29,34
2013/6/11,2,21,37,39,41,64,14,17,20,21,26,29
2013/6/13,1,5,6,39,41,70,0,3,13,19,22,28
2013/6/15,15,19,33,35,62,68,3,13,16,17,22,32
2013/6/18,8,24,32,34,65,86,1,16,17,20,22,30
2013/6/20,15,24,32,52,68,71,0,8,19,22,22,28
2013/6/22,2,19,25,59,84,88,7,14,20,25,28,31
2013/6/25,6,16,40,61,64,82,6,17,19,25,25,35
2013/6/27,12,22,27,37,52,87,7,11,12,14,23,35
2013/6/29,17,22,54,69,82,88,14,21,25,28,31,34
2013/7/2,3,4,18,29,64,90,2,14,17,17,20,22
2013/7/4,9,41,46,47,53,77,1,6,19,24,24,32
2013/7/6,4,9,24,64,74,76,0,3,4,6,24,35
2013/7/9,17,36,48,55,63,70,3,6,12,29,29,32
2013/7/11,14,15,34,55,59,81,8,11,12,19,23,33
2013/7/13,23,49,52,65,67,76,1,6,9,16,23,23
2013/7/16,22,29,57,72,85,89,0,5,7,19,25,29
2013/7/18,16,19,24,37,63,85,0,12,13,15,21,32
2013/7/20,2,16,20,26,31,33,14,15,16,19,25,35
2013/7/23,11,14,39,63,73,75,13,17,24,26,29,33
2013/7/25,33,38,41,43,46,57,3,14,21,21,24,27
2013/7/27,17,19,40,43,72,84,0,1,21,23,24,28
2013/7/30,16,47,55,57,70,85,9,12,19,19,25,27
2013/8/1,8,21,24,25,27,75,7,11,11,21,22,26
2013/8/3,15,16,34,74,85,87,2,8,15,16,29,32
2013/8/6,14,16,32,35,41,50,0,5,6,7,32,32
2013/8/8,2,14,42,52,75,79,2,18,28,29,29,33
2013/8/10,5,33,47,61,64,70,1,2,19,20,29,30
2013/8/13,1,33,41,78,83,84,5,10,12,19,23,26
2013/8/17,20,21,24,43,76,89,5,7,9,17,18,27
2013/8/19,3,5,11,14,38,79,8,13,18,23,26,28
2013/8/20,4,11,15,26,58,68,5,14,19,27,29,34
2013/8/22,19,21,30,59,61,89,5,5,5,19,22,32
2013/8/24,1,2,5,27,39,49,3,10,28,30,33,34
2013/8/27,6,44,63,64,72,82,8,12,18,24,28,31
2013/8/29,19,54,55,71,80,84,5,22,25,26,26,28
2013/8/31,11,20,50,62,70,85,0,4,7,13,16,32
2013/9/3,1,7,56,70,88,90,3,4,5,11,31,33
2013/9/5,15,23,45,70,81,82,3,4,5,9,21,21
2013/9/7,41,55,72,78,83,87,2,3,6,16,16,18
2013/9/10,35,44,57,58,87,88,7,11,19,19,22,25
2013/9/12,7,44,48,51,64,83,3,21,23,24,31,34
2013/9/14,20,35,45,47,72,78,3,11,11,13,13,25
2013/9/17,1,21,34,44,49,90,19,19,25,25,27,29
2013/9/19,15,21,28,75,81,86,7,17,23,27,30,34
2013/9/21,36,61,75,81,82,89,3,9,18,21,25,35
2013/9/24,1,27,33,36,43,86,3,12,12,24,26,27
2013/9/26,4,38,42,57,64,75,3,5,8,14,25,26
2013/9/28,28,57,61,69,78,83,5,6,6,6,7,17
2013/10/1,16,21,26,64,66,78,6,9,12,13,18,20
2013/10/3,7,14,42,43,56,57,10,12,20,21,24,28
2013/10/5,2,5,8,65,74,77,7,8,13,27,29,36
2013/10/8,1,31,39,60,62,84,5,7,7,10,11,31
2013/10/10,3,7,12,20,48,55,2,3,26,31,32,33
2013/10/12,10,19,20,39,85,87,4,8,11,17,24,33
2013/10/15,22,36,60,64,71,80,4,16,17,27,28,31
2013/10/17,11,18,40,58,81,87,9,16,17,20,22,38
2013/10/19,12,30,36,44,54,60,5,8,15,21,22,23
2013/10/22,2,5,34,56,72,73,14,14,15,20,28,30
2013/10/24,1,3,5,41,62,76,1,5,16,16,21,27
2013/10/26,24,48,50,62,63,87,7,9,10,29,31,31
2013/10/29,12,23,49,53,67,83,4,7,7,15,20,33
2013/10/31,13,18,26,37,46,48,1,9,14,14,27,28
2013/11/2,1,12,67,75,81,90,5,11,19,19,30,32
2013/11/5,4,9,10,76,78,87,7,11,13,21,26,29
2013/11/7,9,19,21,50,61,82,2,3,10,10,16,31
2013/11/9,10,22,39,55,81,89,1,4,6,18,25,33
2013/11/12,16,26,30,52,57,83,7,16,18,21,25,26
2013/11/14,23,45,54,61,69,75,7,9,12,17,28,31
2013/11/16,16,36,54,55,63,69,8,11,29,30,31,36
2013/11/19,14,15,39,47,53,76,7,14,16,27,29,41
2013/11/21,28,37,52,57,64,66,22,23,24,25,30,30
2013/11/23,6,10,19,71,72,89,3,11,13,19,26,32
2013/11/26,20,25,30,45,75,79,11,11,14,21,24,28
2013/11/28,31,51,55,66,73,78,1,4,20,22,25,32
2013/11/30,10,11,35,42,52,89,8,10,20,20,27,31
2013/12/3,12,40,42,66,73,80,9,14,19,29,30,34
2013/12/5,28,34,42,68,71,88,0,6,16,21,30,36
2013/12/7,2,16,42,67,75,87,1,5,12,15,22,37
2013/12/10,10,16,20,57,65,89,8,11,18,20,28,30
2013/12/12,10,19,32,49,53,66,7,11,18,20,21,22
2013/12/14,5,33,44,46,66,76,0,16,20,23,28,34
2013/12/17,12,22,27,43,60,72,21,26,28,35,35,38
2013/12/19,10,23,27,39,70,82,0,13,24,28,29,37
2013/12/21,2,14,17,21,22,26,12,21,23,25,28,29
2013/12/23,15,43,48,54,55,76,1,13,16,16,25,32
2013/12/24,10,39,45,65,74,86,10,18,21,25,30,34
2013/12/28,39,52,69,70,74,82,0,5,14,22,33,37
2013/12/31,25,60,62,76,82,87,2,10,27,29,31,33
2014/1/2,49,55,57,64,70,77,1,10,23,26,26,31
2014/1/4,19,26,30,47,69,81,7,7,20,22,25,30
2014/1/7,14,47,48,58,60,69,2,10,16,17,25,30
2014/1/9,15,17,24,41,70,87,1,4,8,12,12,25
2014/1/11,11,37,39,52,68,90,1,3,5,9,19,21
2014/1/14,4,7,25,74,82,87,9,10,13,16,16,31
2014/1/16,3,18,34,37,40,47,0,3,4,5,10,26
2014/1/18,14,18,38,41,74,78,0,2,2,13,15,19
2014/1/21,5,23,35,54,56,62,4,6,13,14,27,33
2014/1/23,3,6,12,13,19,67,12,18,25,27,29,32
2014/1/25,22,34,53,59,62,88,13,18,21,22,25,34
2014/1/28,9,17,27,29,59,67,1,16,17,24,30,31
2014/1/30,7,21,28,45,59,90,19,26,26,27,28,28
2014/2/1,3,6,41,44,48,73,6,8,10,10,14,21
2014/2/4,3,12,25,33,59,85,2,5,5,15,24,31
2014/2/6,9,12,14,61,79,90,2,7,19,26,29,32
2014/2/8,8,16,41,52,64,74,8,16,17,21,23,23
2014/2/11,12,27,38,43,65,67,8,10,12,12,12,15
2014/2/13,9,11,17,20,33,75,0,1,12,14,23,26
2014/2/15,18,31,62,64,72,77,5,10,23,29,30,30
2014/2/18,15,36,49,62,75,82,7,8,9,17,26,31
2014/2/20,14,26,47,63,78,80,0,7,8,16,18,19
2014/2/22,17,19,28,34,38,82,5,7,17,19,21,21
2014/2/25,26,51,52,54,70,88,2,14,16,19,23,27
2014/2/27,19,32,54,59,68,86,4,18,19,22,26,31
2014/3/1,7,8,47,56,79,90,10,12,16,17,25,38
2014/3/4,40,46,51,61,65,76,2,3,19,24,26,36
2014/3/6,15,61,66,67,76,79,3,15,21,25,26,33
2014/3/8,35,45,50,51,82,87,0,1,2,16,28,30
2014/3/11,49,51,53,56,58,81,16,21,21,22,24,33
2014/3/13,10,28,40,57,58,78,5,7,8,23,24,29
2014/3/15,1,5,22,24,41,43,2,4,7,9,22,23
2014/3/18,38,39,46,58,66,83,3,12,15,16,17,28
2014/3/20,15,18,28,49,51,77,7,8,13,20,25,31
2014/3/22,19,22,31,38,87,89,8,11,14,16,28,30
2014/3/25,28,36,42,70,74,78,1,1,2,19,35,36
2014/3/27,8,12,47,64,83,88,11,19,20,25,25,30
2014/3/29,12,21,57,68,86,88,2,9,20,21,22,29
2014/4/1,7,56,66,72,73,90,9,10,23,29,29,32
2014/4/3,40,47,59,64,79,89,8,11,18,19,29,37
2014/4/5,9,31,33,37,79,86,4,6,13,20,21,30
2014/4/8,11,61,64,76,82,87,2,18,20,23,25,32
2014/4/10,22,25,46,52,54,65,3,3,8,15,28,30
2014/4/12,14,29,34,62,65,89,10,17,18,21,22,27
2014/4/15,3,26,33,44,48,49,0,5,5,10,15,20
2014/4/17,11,20,51,63,68,88,2,2,16,21,29,35
2014/4/19,42,45,56,75,79,90,8,13,23,27,27,28
2014/4/22,14,16,21,24,62,78,3,10,11,11,14,31
2014/4/24,5,7,11,67,70,85,1,2,3,14,31,32
2014/4/26,3,9,13,25,42,81,5,9,19,21,30,32
2014/4/29,27,33,40,52,76,86,3,8,16,18,19,28
2014/5/3,15,33,45,60,72,85,7,10,19,23,27,28
2014/5/5,27,44,46,50,54,69,17,20,21,22,25,28
2014/5/6,1,3,4,60,70,73,2,5,8,10,24,31
2014/5/8,6,9,54,70,78,79,4,12,14,21,24,30
2014/5/10,8,39,40,57,69,81,11,15,23,25,29,30
2014/5/13,3,5,16,54,58,68,12,15,22,29,32,38
2014/5/15,20,47,56,64,66,67,1,7,9,21,29,39
2014/5/17,5,31,36,68,75,90,3,12,13,19,23,26
2014/5/20,10,17,41,45,69,78,1,3,9,13,20,35
2014/5/22,8,23,48,56,59,78,3,11,19,28,28,33
2014/5/24,3,22,38,70,77,81,4,7,17,18,20,25
2014/5/27,32,37,52,53,66,83,0,5,15,19,22,22
2014/5/29,27,32,33,52,73,84,2,7,8,14,19,24
2014/5/31,1,6,7,10,14,56,4,5,12,30,30,32
2014/6/3,3,25,26,29,48,79,8,13,17,25,31,34
2014/6/5,11,31,43,70,74,80,8,10,21,31,32,33
2014/6/7,12,18,39,46,56,63,11,12,13,18,20,24
2014/6/10,27,29,30,42,48,73,1,5,5,17,19,20
2014/6/12,13,18,19,27,50,69,3,12,14,18,22,22
2014/6/14,3,31,45,48,71,76,4,7,7,9,18,28
2014/6/17,21,29,43,53,66,89,1,7,12,15,33,36
2014/6/19,16,19,24,36,39,81,5,10,16,30,33,34
2014/6/21,14,61,69,79,81,85,15,18,20,26,28,31
2014/6/24,3,22,31,42,73,88,0,14,15,32,33,38
2014/6/26,8,43,61,62,70,86,0,7,12,22,25,38
2014/6/28,17,20,41,42,49,81,1,7,18,19,25,25
2014/7/1,31,35,48,64,65,89,6,21,26,28,29,29
2014/7/3,1,13,21,25,61,63,1,17,23,28,32,33
2014/7/5,15,31,38,47,55,82,15,18,18,18,25,28
2014/7/8,5,8,32,43,59,85,0,2,10,11,14,19
2014/7/10,3,11,18,30,51,85,3,7,11,12,16,18
2014/7/12,11,20,48,52,70,74,4,12,13,15,28,32
2014/7/15,5,15,17,31,32,40,7,9,21,24,28,35
2014/7/17,6,11,12,28,59,79,2,18,19,20,22,24
2014/7/19,29,48,49,54,75,87,0,8,11,22,22,25
2014/7/22,7,32,58,60,66,69,3,4,9,10,16,26
2014/7/24,4,12,13,55,73,86,2,7,14,18,23,31
2014/7/26,1,10,26,28,29,62,11,15,16,30,30,32
2014/7/29,32,45,56,74,87,89,1,21,23,23,29,30
2014/7/31,14,19,22,66,80,90,2,12,17,17,18,21
2014/8/2,29,38,54,58,72,86,11,14,21,22,25,27
2014/8/5,2,19,22,41,77,89,1,5,7,26,29,30
2014/8/7,10,29,50,59,79,80,5,8,9,24,27,29
2014/8/9,9,10,26,53,68,72,3,7,8,10,18,18
2014/8/12,11,24,34,39,68,86,5,8,10,10,17,18
2014/8/14,4,12,24,61,73,75,2,4,16,16,19,28
2014/8/16,31,63,64,68,69,71,8,12,14,15,31,32
2014/8/19,15,30,62,63,67,74,7,11,17,20,29,31
2014/8/21,4,31,52,73,76,84,0,11,14,24,33,35
2014/8/23,16,45,51,58,60,71,1,6,15,28,29,35
2014/8/26,1,20,44,56,59,69,7,12,21,24,25,25
2014/8/28,22,39,51,78,83,84,1,5,10,19,30,33
2014/8/30,23,38,43,46,60,75,0,0,2,2,22,34
2014/9/2,6,20,27,31,32,36,9,12,14,27,28,39
2014/9/4,31,39,41,53,67,83,8,11,14,25,26,29
2014/9/6,26,33,53,61,73,82,0,9,13,25,27,31
2014/9/9,12,20,26,41,70,78,3,5,6,21,22,30
2014/9/11,13,14,56,58,79,82,8,12,18,21,23,25
2014/9/13,7,20,25,51,65,87,9,13,15,18,25,31
2014/9/16,1,15,16,23,24,52,17,18,19,19,27,33
2014/9/18,11,19,37,41,62,77,5,8,13,15,16,17
2014/9/20,15,36,39,50,57,76,4,8,16,24,31,32
2014/9/23,6,25,42,59,78,89,0,3,9,11,17,32
2014/9/25,4,45,59,77,78,79,5,17,19,22,26,30
2014/9/27,1,9,12,14,58,84,0,3,5,9,24,37
2014/9/30,28,33,49,55,59,76,2,3,6,18,24,33
2014/10/2,3,9,42,50,56,88,3,4,8,12,18,29
2014/10/4,2,6,11,62,70,71,5,11,26,29,30,32
2014/10/7,7,15,17,18,26,53,3,3,6,16,19,31
2014/10/9,17,20,26,41,45,89,0,5,16,26,27,33
2014/10/11,6,11,28,43,56,83,2,5,9,14,18,31
2014/10/14,19,21,38,45,51,69,2,3,5,5,12,21
2014/10/16,6,9,24,49,78,79,12,15,18,22,23,26
2014/10/18,20,40,44,53,66,72,5,16,25,30,31,35
2014/10/21,18,34,41,43,46,55,4,10,12,19,20,27
2014/10/23,7,21,44,53,59,64,0,1,12,19,30,35
2014/10/25,8,28,44,57,85,88,3,3,3,3,28,30
2014/10/28,26,30,32,36,44,61,5,6,13,16,21,37
2014/10/30,22,39,45,53,74,86,20,21,23,23,31,42
2014/11/3,7,9,32,35,40,48,8,18,19,21,27,30
2014/11/4,13,18,23,29,58,88,7,8,13,26,34,37
2014/11/6,46,58,59,82,88,90,6,9,11,15,26,28
2014/11/8,21,33,69,73,81,84,2,7,10,13,18,27
2014/11/11,23,27,39,41,52,64,10,13,19,22,25,33
2014/11/13,2,38,47,50,55,79,4,4,11,18,25,27
2014/11/15,28,42,62,64,79,80,6,11,12,13,16,23
2014/11/18,38,58,65,66,72,88,9,11,13,21,27,29
2014/11/20,42,45,48,56,68,83,3,7,11,12,14,16
2014/11/22,22,25,55,58,82,85,5,11,22,25,27,27
2014/11/25,17,36,62,67,70,87,0,0,16,17,18,25
2014/11/27,13,18,26,53,54,70,2,3,10,14,20,27
2014/11/29,3,14,35,63,73,80,2,10,24,28,30,31
2014/12/2,9,25,35,59,76,81,5,7,9,13,15,17
2014/12/4,7,52,57,65,83,85,5,7,8,21,22,29
2014/12/6,10,11,21,54,73,82,2,8,12,21,24,38
2014/12/9,2,23,35,46,47,63,12,14,19,20,20,24
2014/12/11,20,22,24,25,48,79,7,9,24,24,30,33
2014/12/13,12,13,19,37,64,70,1,1,11,18,29,36
2014/12/16,15,35,45,69,82,84,6,10,12,22,27,29
2014/12/18,19,28,48,52,82,89,6,8,14,19,29,31
2014/12/20,1,13,24,26,29,77,3,7,18,18,23,33
2014/12/23,18,22,55,58,62,89,0,7,10,20,26,40
2014/12/24,33,46,53,58,73,85,2,11,13,16,21,28
2014/12/27,15,25,31,39,82,88,1,8,20,23,23,28
2014/12/30,5,24,51,76,77,79,1,17,19,21,26,28
2015/1/3,14,26,31,40,58,68,8,11,21,26,27,31
2015/1/5,16,37,48,68,84,90,5,16,24,24,28,30
2015/1/7,9,16,19,26,28,46,9,15,16,26,26,28
2015/1/8,6,9,29,41,50,90,1,8,10,15,17,19
2015/1/10,2,13,22,37,48,90,7,10,21,24,25,29
2015/1/13,9,10,36,67,76,83,6,8,15,15,23,29
2015/1/15,2,5,7,12,23,42,12,14,25,26,35,35
2015/1/17,18,22,31,54,71,80,5,7,22,22,32,34
2015/1/20,2,11,15,39,84,87,1,6,10,14,17,25
2015/1/22,11,12,44,57,77,89,3,14,20,21,30,33
2015/1/24,22,23,24,59,63,81,0,4,7,21,23,25
2015/1/27,5,10,47,59,66,73,0,1,3,7,8,10
2015/1/29,27,29,58,64,67,80,18,19,21,22,22,25
2015/1/31,8,44,54,58,59,86,4,7,17,23,23,23
2015/2/3,12,29,43,56,60,75,9,19,21,27,29,31
2015/2/5,7,8,10,45,49,53,6,7,10,11,26,28
2015/2/7,24,27,38,40,56,81,4,6,21,25,28,34
2015/2/10,30,59,72,74,77,78,10,11,17,22,23,27
2015/2/12,25,32,44,56,77,87,4,12,23,29,30,35
2015/2/14,13,31,32,57,60,79,0,6,7,8,19,33
2015/2/17,20,27,40,60,61,66,3,6,7,9,16,21
2015/2/19,23,35,44,49,66,84,3,5,7,20,23,24
2015/2/21,5,16,33,48,57,87,1,2,4,14,30,33
2015/2/24,6,29,56,72,82,83,1,4,7,9,12,14
2015/2/26,17,41,44,57,73,86,0,5,10,11,19,30
2015/2/28,5,10,34,48,56,87,1,4,4,11,13,33
2015/3/3,16,26,48,61,63,87,7,11,14,22,23,34
2015/3/5,35,44,62,74,82,90,4,14,17,17,23,31
2015/3/7,26,36,56,68,73,81,2,9,20,20,25,32
2015/3/10,9,19,68,70,71,81,0,7,10,23,26,28
2015/3/12,7,36,38,63,73,90,3,5,14,25,30,31
2015/3/14,28,30,39,46,68,89,0,1,8,13,14,20
2015/3/17,10,13,21,36,66,69,10,10,12,14,16,30
2015/3/19,5,7,20,38,57,85,2,4,6,10,20,20
2015/3/21,4,7,9,19,55,58,0,6,7,12,18,18
2015/3/24,8,17,29,32,65,90,4,13,15,17,31,36
2015/3/26,10,21,40,46,79,84,5,16,16,19,20,23
2015/3/28,5,22,60,71,74,81,0,7,18,28,29,32
2015/3/31,3,15,23,33,46,78,5,5,24,25,27,31
2015/4/2,33,36,61,66,83,85,3,5,7,12,17,32
2015/4/4,11,38,44,48,56,83,6,7,8,14,15,22
2015/4/7,4,18,20,68,72,77,6,7,16,21,24,24
2015/4/9,7,25,30,44,47,68,0,13,15,17,26,31
2015/4/11,26,54,55,73,86,90,1,2,4,7,10,23
2015/4/14,36,45,56,79,81,90,0,1,3,5,17,25
2015/4/16,37,38,43,69,79,86,3,5,6,21,23,28
2015/4/18,10,11,18,36,47,85,10,19,21,21,26,27
2015/4/21,4,17,52,59,67,84,2,17,19,24,31,38
2015/4/23,8,13,27,34,47,83,0,1,7,24,27,33
2015/4/27,8,26,39,56,78,85,5,12,17,21,28,31
2015/4/28,10,41,59,61,65,71,7,19,20,21,23,24
2015/4/30,18,28,31,33,55,78,0,0,24,26,30,39
2015/5/2,6,34,45,46,59,73,11,19,20,25,28,33
2015/5/5,7,31,33,78,86,87,5,5,9,15,18,29
2015/5/7,12,32,43,46,58,77,6,7,11,25,26,30
2015/5/9,31,40,52,55,62,76,3,6,9,11,23,23
2015/5/12,10,19,48,78,85,90,0,3,11,12,27,34
2015/5/14,19,25,42,51,55,56,6,8,18,20,22,29
2015/5/16,3,32,39,65,75,76,3,4,6,28,30,31
2015/5/19,6,20,43,44,46,67,0,14,19,28,28,30
2015/5/21,17,21,23,51,65,87,9,11,14,19,25,27
2015/5/23,4,24,29,31,39,71,5,8,21,23,28,30
2015/5/26,6,9,21,69,77,78,5,10,14,17,20,25
2015/5/28,6,33,57,61,80,83,1,2,4,7,28,30
2015/5/30,13,33,39,56,65,86,4,5,8,12,20,30
2015/6/3,3,28,37,42,67,86,3,4,11,12,26,27
2015/6/4,14,17,23,45,87,88,5,21,21,28,33,35
2015/6/6,16,24,34,40,41,57,0,0,1,11,14,28
2015/6/9,15,21,58,80,82,86,5,6,8,17,18,28
2015/6/11,26,48,52,61,75,79,8,8,15,26,29,29
2015/6/13,19,35,36,38,45,80,2,10,28,30,30,36
2015/6/16,6,28,55,57,78,83,3,5,9,21,23,26
2015/6/18,18,21,28,62,84,90,2,4,4,5,17,19
2015/6/20,6,11,21,65,66,85,0,6,10,12,16,20
2015/6/23,20,24,26,33,42,80,2,9,17,19,20,28
2015/6/25,18,46,63,68,73,79,0,7,9,11,25,39
2015/6/27,17,22,45,48,53,61,13,18,21,24,24,31
2015/6/30,4,11,16,25,34,59,1,17,24,25,26,28
2015/7/2,8,17,30,61,78,88,0,4,19,21,25,26
2015/7/4,8,30,38,51,62,66,3,6,20,21,26,33
2015/7/7,19,25,31,78,83,88,8,12,21,26,30,32
2015/7/9,8,54,59,66,86,89,3,16,26,26,28,31
2015/7/11,8,30,34,39,42,58,1,4,13,21,27,28
2015/7/14,12,17,32,47,74,86,1,3,16,20,21,26
2015/7/16,22,27,29,49,69,87,2,3,10,12,13,25
2015/7/18,22,42,47,62,70,72,1,4,13,24,30,34
2015/7/21,1,21,63,70,79,84,4,5,14,17,26,33
2015/7/23,33,41,44,48,68,75,1,3,7,7,14,17
2015/7/25,2,20,21,40,45,65,8,8,10,14,25,26
2015/7/28,4,26,34,66,67,81,0,1,16,17,18,32
2015/7/30,13,18,25,26,35,61,1,3,15,25,28,31
2015/8/1,2,26,34,58,80,81,4,5,15,22,23,25
2015/8/4,34,53,77,78,83,89,5,8,19,20,21,25
2015/8/6,2,27,36,39,53,79,8,14,20,21,21,24
2015/8/8,3,7,17,26,55,72,12,22,28,28,30,35
2015/8/11,17,25,32,42,71,85,10,11,12,21,29,31
2015/8/13,4,17,34,41,66,78,0,0,28,30,32,33
2015/8/17,1,4,50,70,71,76,15,18,18,19,35,36
2015/8/18,20,30,45,50,76,86,3,11,14,16,24,36
2015/8/20,4,14,31,68,70,74,4,20,22,22,31,39
2015/8/22,6,7,9,14,17,35,3,4,7,10,12,24
2015/8/25,3,18,19,65,81,88,3,3,8,14,27,28
2015/8/27,2,4,12,40,50,80,2,4,6,13,22,34
2015/8/29,7,28,44,55,57,78,3,13,17,19,23,38
2015/9/1,13,30,38,48,50,77,3,9,17,18,24,25
2015/9/3,13,18,19,49,78,87,17,18,20,28,30,36
2015/9/5,24,30,36,42,71,86,9,10,21,29,37,38
2015/9/8,41,50,54,60,75,88,0,16,17,20,22,38
2015/9/10,10,14,15,34,75,88,2,5,11,19,24,28
2015/9/12,11,24,46,48,68,82,2,5,10,22,28,32
2015/9/15,9,17,20,32,35,56,2,4,7,14,28,31
2015/9/17,8,9,42,71,78,79,6,11,18,21,31,32
2015/9/19,9,32,40,49,52,60,6,7,8,8,15,15
2015/9/22,10,26,50,55,62,81,11,11,21,21,23,30
2015/9/24,1,32,36,61,78,80,5,6,11,12,16,21
2015/9/26,1,37,69,74,77,89,5,16,23,24,25,28
2015/9/29,17,25,41,45,57,82,7,10,14,18,27,28
2015/10/1,2,17,21,49,69,74,10,12,27,29,30,37
2015/10/3,2,4,14,31,43,61,0,3,12,16,21,28
2015/10/6,8,11,17,27,62,84,9,17,22,24,25,37
2015/10/8,23,32,33,55,84,90,17,21,25,26,27,28
2015/10/10,32,41,45,47,78,90,15,18,19,22,25,27
2015/10/13,35,36,63,71,75,89,22,22,24,25,35,37
2015/10/15,7,9,16,24,32,40,1,2,25,26,27,34
2015/10/17,4,6,61,63,65,72,5,17,20,28,29,35
2015/10/20,18,34,58,60,64,88,0,2,21,33,38,40
2015/10/22,1,6,32,50,51,81,4,8,11,14,16,19
2015/10/24,9,14,33,38,46,87,2,8,10,11,11,11
2015/10/27,14,15,48,50,74,83,14,14,17,22,24,28
2015/10/29,4,16,40,57,71,84,6,11,12,12,15,29
2015/10/31,6,25,26,52,86,88,2,13,24,26,28,32
2015/11/3,30,41,47,71,79,86,5,8,8,8,14,20
2015/11/5,17,21,29,33,43,62,12,12,14,14,14,21
2015/11/7,2,19,22,46,51,54,11,20,24,27,28,35
2015/11/10,8,31,33,38,66,77,13,14,19,23,25,33
2015/11/12,19,22,31,41,54,87,1,16,16,17,25,30
2015/11/14,19,56,73,84,85,86,8,12,16,21,27,28
2015/11/17,27,29,39,54,59,74,6,10,13,17,18,26
2015/11/19,25,28,44,52,87,89,3,3,11,14,15,25
2015/11/21,13,25,33,53,75,83,0,17,19,21,30,42
2015/11/24,52,54,70,80,82,84,3,13,15,19,30,36
2015/11/26,12,36,45,67,77,88,10,17,17,20,29,38
2015/11/28,20,23,28,51,65,81,11,14,16,18,20,37
2015/12/1,31,39,55,58,85,87,3,15,17,29,32,35
2015/12/3,38,46,53,65,77,84,6,11,12,13,17,21
2015/12/5,1,28,34,42,49,77,8,12,23,26,27,30
2015/12/9,21,54,62,63,82,83,7,7,13,21,28,30
2015/12/10,1,19,20,56,60,83,1,5,8,22,23,28
2015/12/12,18,20,46,47,55,66,7,16,22,22,25,28
2015/12/15,5,30,36,63,84,85,10,12,13,16,18,24
2015/12/17,11,44,56,81,83,87,2,8,15,26,31,31
2015/12/19,7,22,46,50,55,73,3,12,16,18,29,36
2015/12/22,18,22,23,57,60,69,4,17,17,19,21,30
2015/12/24,6,8,24,28,36,63,7,9,22,25,26,38
2015/12/28,5,38,48,52,81,88,10,11,13,14,22,31
2015/12/29,15,20,57,72,76,89,1,5,7,16,21,31
2015/12/31,15,26,29,77,81,90,2,4,13,16,18,34
2016/1/2,1,17,39,41,56,65,0,0,16,20,24,31
2016/1/5,7,20,40,56,60,90,5,7,14,27,29,31
2016/1/7,10,38,61,62,74,86,6,9,16,21,22,28
2016/1/9,20,26,36,50,51,74,0,16,18,22,22,30
2016/1/12,3,9,28,42,50,79,17,19,20,27,27,28
2016/1/14,5,8,17,41,46,87,9,12,12,18,20,25
2016/1/16,11,17,48,52,70,90,7,10,14,18,22,29
2016/1/19,13,18,35,43,51,66,2,18,19,27,32,38
2016/1/21,2,12,32,57,61,81,1,2,6,23,24,32
2016/1/23,4,5,8,14,32,49,8,17,18,26,29,35
2016/1/26,24,45,50,60,63,87,3,9,10,18,24,33
2016/1/28,2,6,15,39,80,83,0,12,14,23,24,25
2016/1/30,13,24,51,68,77,81,2,4,9,9,11,28
2016/2/2,19,38,40,56,65,80,14,16,20,22,28,33
2016/2/4,7,21,31,39,46,69,2,4,12,20,28,31
2016/2/6,10,24,36,63,77,89,0,2,11,16,28,29
2016/2/9,11,26,46,56,58,78,1,7,12,12,17,29
2016/2/11,17,27,45,53,71,74,5,6,23,25,30,38
2016/2/13,2,30,49,66,74,80,3,7,16,19,30,32
2016/2/16,2,10,27,34,38,40,10,17,19,26,28,30
2016/2/18,12,26,30,51,57,89,14,16,26,28,29,35
2016/2/20,29,32,33,49,54,85,5,5,13,14,16,17
2016/2/23,2,14,58,74,80,82,4,9,13,15,19,26
2016/2/25,14,33,52,67,71,81,2,6,19,20,21,21
2016/2/27,19,22,28,48,49,85,0,5,8,18,21,24
2016/3/1,15,20,25,30,45,55,0,7,12,13,15,22
2016/3/3,8,16,29,49,56,62,4,19,25,26,27,30
2016/3/5,6,8,68,77,80,86,0,5,9,19,24,32
2016/3/8,8,27,32,51,52,89,0,11,13,22,33,35
2016/3/10,9,16,18,22,65,71,10,21,26,30,34,34
2016/3/12,29,37,52,67,80,82,4,14,22,22,31,34
2016/3/15,2,4,17,19,38,56,3,7,8,25,27,31
2016/3/17,1,12,65,67,76,86,2,12,12,21,21,27
2016/3/19,18,41,51,56,72,76,2,9,14,19,24,30
2016/3/22,17,31,32,43,59,71,3,3,5,8,10,12
2016/3/24,14,24,26,57,67,89,0,11,12,15,15,25
2016/3/26,28,43,67,68,72,79,1,2,16,26,28,30
2016/3/29,29,55,65,71,73,77,3,8,14,15,15,37
2016/3/31,17,28,63,78,84,88,9,19,26,30,32,33
2016/4/2,2,24,65,75,81,88,4,5,18,21,26,34
2016/4/5,12,23,28,32,42,85,0,0,1,4,19,40
2016/4/7,38,42,45,59,66,87,2,7,7,19,19,19
2016/4/9,2,5,12,33,54,59,8,17,21,22,30,33
2016/4/12,34,50,55,72,79,89,0,5,15,18,22,28
2016/4/14,1,2,6,42,67,83,6,9,14,21,29,38
2016/4/16,8,12,23,58,86,89,4,9,10,15,32,35
2016/4/19,14,30,61,86,88,90,4,13,13,13,16,37
2016/4/21,1,15,30,50,54,62,2,2,18,19,21,37
2016/4/23,10,11,15,33,79,83,4,9,15,18,21,26
2016/4/26,38,49,51,59,77,90,1,3,7,18,20,28
2016/4/28,10,11,24,30,48,63,0,0,12,23,25,26
2016/4/30,22,38,47,51,61,85,1,11,11,15,25,32
2016/5/3,14,29,58,72,75,85,3,4,13,13,14,28
2016/5/5,7,20,25,32,75,90,6,18,23,29,30,33
2016/5/7,3,32,34,36,82,87,3,7,10,20,30,37
2016/5/10,25,26,49,54,55,66,0,1,7,18,21,28
2016/5/12,10,25,52,54,59,84,3,4,19,23,30,33
2016/5/14,11,19,56,72,73,75,3,5,14,15,23,25
2016/5/17,1,10,19,44,68,74,9,12,14,26,27,27
2016/5/19,15,39,54,62,71,74,4,13,28,29,30,30
2016/5/21,9,11,20,35,66,68,5,11,12,18,18,29
2016/5/24,14,16,45,47,48,86,4,4,16,25,26,34
2016/5/26,1,32,34,58,64,86,0,8,15,18,21,21
2016/5/28,3,5,12,17,44,51,7,21,26,27,28,38
2016/5/31,8,18,33,41,62,71,2,2,6,12,14,25
2016/6/4,8,10,18,64,85,87,6,10,27,29,30,31
2016/6/6,3,54,56,57,75,90,6,15,16,17,28,37
2016/6/7,24,29,45,63,65,70,3,13,17,18,22,27
2016/6/9,9,14,61,76,80,83,12,12,16,19,24,30
2016/6/11,27,30,34,40,52,68,2,7,15,29,30,31
2016/6/14,25,31,33,42,58,86,5,15,19,26,31,33
2016/6/16,18,19,29,47,59,68,12,17,19,22,22,25
2016/6/18,24,25,45,51,52,63,3,9,13,14,28,29
2016/6/21,4,30,31,45,49,85,1,12,15,22,25,39
2016/6/23,17,18,25,43,66,87,0,8,16,18,29,33
2016/6/25,11,14,44,54,85,87,3,13,18,19,27,28
2016/6/28,5,23,44,59,60,83,17,19,30,31,38,40
2016/6/30,30,31,32,34,50,51,8,12,16,25,25,31
2016/7/2,8,9,22,43,50,56,4,7,8,9,27,34
2016/7/5,22,26,43,50,59,65,3,7,12,19,20,30
2016/7/7,1,4,32,59,70,86,1,5,16,19,28,28
2016/7/9,12,34,44,45,53,68,2,3,15,19,25,27
2016/7/12,1,41,59,63,81,85,0,1,5,10,22,33
2016/7/14,38,56,61,67,72,82,3,10,10,18,20,24
2016/7/16,26,37,43,67,75,78,4,5,12,14,23,31
2016/7/19,4,10,28,29,48,52,0,9,13,16,19,32
2016/7/21,19,27,35,56,60,89,19,27,29,32,32,32
2016/7/23,1,30,42,61,76,88,9,27,31,32,32,35
2016/7/26,4,13,15,18,72,76,2,15,19,20,27,35
2016/7/28,29,37,38,61,63,85,7,16,17,21,28,32
2016/7/30,15,22,26,45,48,82,6,9,9,26,27,32
2016/8/2,34,54,57,84,89,90,2,9,10,10,15,19
2016/8/4,25,37,40,61,65,77,3,11,18,18,23,32
2016/8/6,23,34,58,61,71,77,0,5,13,19,31,37
2016/8/9,12,27,34,76,77,85,2,13,13,16,22,22
2016/8/11,31,65,78,85,89,90,1,4,19,25,28,31
2016/8/13,2,25,43,72,87,89,3,16,21,27,33,33
2016/8/16,9,12,18,63,64,73,17,20,23,29,36,40
2016/8/18,8,39,59,65,82,83,1,3,4,11,12,29
2016/8/20,10,29,35,44,49,65,3,5,10,15,28,32
2016/8/23,4,28,48,67,68,84,8,16,16,18,30,31
2016/8/25,16,28,40,43,57,61,16,24,25,27,28,32
2016/8/27,1,32,37,54,66,81,2,8,9,11,12,17
2016/8/30,6,9,17,47,66,86,2,17,18,20,30,31
2016/9/1,4,18,43,60,69,85,0,6,13,17,19,25
2016/9/3,4,29,35,46,82,85,8,19,27,27,29,29
2016/9/6,7,30,34,61,84,88,0,1,1,10,16,36
2016/9/8,6,12,47,51,60,79,4,8,16,26,26,27
2016/9/10,9,13,16,49,64,65,0,8,8,13,24,33
2016/9/13,9,22,48,66,68,83,1,5,6,7,16,30
2016/9/15,14,18,30,48,53,86,2,5,8,27,34,40
2016/9/17,2,4,10,59,68,88,7,9,12,24,33,38
2016/9/20,45,46,48,52,77,78,5,9,10,13,28,30
2016/9/22,4,11,34,49,55,83,0,7,12,25,32,38
2016/9/24,3,16,22,31,45,56,3,9,18,21,22,26
2016/9/27,36,41,55,81,83,85,7,12,16,20,30,31
2016/9/29,11,40,41,44,67,70,6,7,14,18,19,33
2016/10/1,18,19,57,74,80,82,0,8,18,21,26,32
2016/10/4,47,49,67,80,84,85,3,3,21,24,24,27
2016/10/6,2,12,26,52,59,80,5,8,18,23,26,26
2016/10/8,18,25,37,47,62,87,7,7,19,19,20,21
2016/10/11,11,12,17,53,71,76,3,4,13,19,21,23
2016/10/13,4,34,39,60,61,77,1,19,19,19,19,21
2016/10/15,4,7,36,72,78,81,1,21,24,25,30,34
2016/10/18,24,44,48,61,73,87,0,6,8,10,25,31
2016/10/20,2,43,65,66,67,90,2,5,6,14,32,32
2016/10/22,1,6,45,48,64,78,0,4,10,10,12,30
2016/10/25,4,40,54,65,83,85,3,7,8,17,29,31
2016/10/27,3,12,23,71,76,83,10,12,20,29,35,37
2016/10/29,1,7,13,17,40,49,2,2,7,15,18,21
2016/10/31,3,14,18,25,47,75,4,10,16,25,30,30
2016/11/3,21,35,56,66,68,79,0,1,13,19,24,28
2016/11/5,21,22,26,35,47,85,3,4,15,25,28,35
2016/11/8,31,32,60,75,81,84,1,3,3,14,18,19
2016/11/10,26,41,50,55,69,86,4,4,7,10,26,35
2016/11/12,9,12,20,22,75,90,5,9,11,12,22,32
2016/11/15,9,18,25,31,78,81,2,15,21,25,25,28
2016/11/17,2,20,23,41,44,59,14,14,16,16,21,33
2016/11/19,28,29,37,43,51,78,7,9,28,31,32,34
2016/11/22,8,21,44,77,80,86,1,6,21,21,32,34
2016/11/24,53,68,75,79,82,84,7,13,17,17,19,24
2016/11/26,41,42,44,47,68,69,13,15,20,23,25,25
2016/11/29,5,24,35,49,62,77,3,8,17,17,18,27
2016/12/1,11,20,31,56,63,72,2,5,28,30,32,35
2016/12/3,2,10,15,26,68,71,4,22,27,29,36,37
2016/12/6,24,51,56,64,65,73,0,9,14,15,18,24
2016/12/10,54,65,66,68,70,85,1,8,11,22,23,29
2016/12/12,6,39,52,65,68,86,0,1,13,24,26,31
2016/12/13,17,21,35,48,60,76,7,20,31,31,31,38
2016/12/15,9,30,31,53,67,86,2,13,16,19,28,29
2016/12/17,7,15,31,39,41,45,10,18,18,21,25,25
2016/12/20,10,11,29,47,58,73,10,18,21,23,28,29
2016/12/22,14,23,24,44,77,86,1,4,5,7,12,18
2016/12/24,1,19,21,32,48,86,3,6,9,23,30,31
2016/12/27,13,25,30,57,58,64,3,5,21,28,35,36
2016/12/29,31,33,38,58,76,85,1,6,11,14,20,33
2016/12/31,12,14,18,22,28,33,5,11,12,16,22,27
2017/1/3,9,12,27,32,45,77,0,8,11,13,13,25
2017/1/5,1,7,21,27,39,78,0,4,5,10,10,13
2017/1/7,2,8,62,79,81,88,4,8,10,28,29,33
2017/1/10,1,9,22,25,58,84,5,7,13,17,21,31
2017/1/12,14,16,30,34,52,73,0,1,4,6,8,27
2017/1/14,12,17,24,45,67,84,0,0,22,24,28,28
2017/1/17,16,44,49,57,60,81,5,14,26,31,32,38
2017/1/19,32,51,74,79,80,81,9,10,16,20,24,29
2017/1/21,6,55,63,68,76,80,7,9,11,18,22,34
2017/1/24,63,67,74,77,83,85,0,3,4,12,15,15
2017/1/26,43,48,49,51,60,75,7,9,14,16,31,40
2017/1/28,9,13,15,51,73,74,13,19,22,25,28,33
2017/1/31,14,15,16,43,49,77,11,11,12,19,20,31
2017/2/2,11,27,56,57,64,66,0,6,11,25,31,33
2017/2/4,13,18,34,51,62,81,2,6,20,31,32,40
2017/2/7,2,21,38,74,79,83,10,15,17,25,28,29
2017/2/9,18,25,35,38,45,75,2,15,17,17,30,31
2017/2/11,6,9,11,32,63,83,2,6,7,21,21,30
2017/2/14,9,14,19,35,48,65,2,10,20,26,28,34
2017/2/16,13,17,26,33,60,78,19,22,26,28,30,32
2017/2/18,7,13,24,36,37,86,10,17,28,30,34,37
2017/2/21,4,22,36,60,66,90,24,24,28,30,30,40
2017/2/23,9,11,21,37,86,90,3,18,19,22,26,26
2017/2/25,11,17,40,69,84,85,0,3,7,15,16,20
2017/2/28,19,22,44,45,71,76,0,0,2,3,5,9
2017/3/2,34,37,52,58,65,89,11,18,18,23,28,29
2017/3/4,2,11,26,51,64,87,0,10,11,23,27,32
2017/3/7,8,19,28,33,71,89,4,9,10,12,16,23
2017/3/9,4,17,39,40,50,58,1,6,12,27,31,35
2017/3/11,3,6,46,48,63,76,0,11,20,21,21,33
2017/3/14,16,21,53,74,79,80,2,5,12,18,31,31
2017/3/16,16,21,31,62,69,85,2,4,8,14,20,22
2017/3/18,14,41,60,74,79,80,2,3,6,7,28,33
2017/3/21,32,35,58,63,76,79,3,6,11,21,28,31
2017/3/23,25,39,48,74,86,89,5,7,15,25,31,32
2017/3/25,3,50,60,64,85,86,1,4,6,13,14,35
2017/3/28,3,6,20,54,72,90,7,8,17,23,26,38
2017/3/30,5,16,40,70,74,76,11,14,21,30,34,36
2017/4/1,8,46,68,70,76,86,8,13,17,32,34,38
2017/4/4,3,16,29,34,37,57,3,4,22,26,28,31
2017/4/6,15,16,21,24,53,89,0,2,5,6,19,28
2017/4/8,4,6,27,76,80,86,3,15,27,27,28,36
2017/4/11,5,57,59,69,81,86,2,3,12,18,28,33
2017/4/13,16,24,56,69,85,87,1,4,12,13,14,29
2017/4/15,6,20,35,36,55,59,5,6,7,11,25,28
2017/4/18,18,29,52,74,76,88,0,3,4,13,27,35
2017/4/20,3,14,52,67,72,82,5,18,18,19,23,31
2017/4/22,1,4,9,10,36,79,2,6,10,13,18,25
2017/4/24,8,17,28,35,74,82,3,6,15,18,22,23
2017/4/27,8,27,54,62,82,83,0,8,16,21,21,25
2017/4/29,8,14,25,41,79,84,0,7,13,23,30,32
2017/5/2,28,43,59,60,78,80,10,15,23,24,31,33
2017/5/4,15,20,33,39,65,75,0,9,12,18,24,28
2017/5/6,57,60,73,77,82,86,0,0,11,14,16,27
2017/5/9,3,25,63,70,75,78,5,6,8,23,35,38
2017/5/11,19,37,45,51,82,83,0,5,13,14,15,31
2017/5/13,4,15,21,22,44,77,4,5,6,23,31,37
2017/5/16,29,38,75,79,80,90,9,20,29,30,30,32
2017/5/18,1,19,47,61,70,87,2,3,5,12,20,28
2017/5/20,6,37,46,53,73,78,6,10,14,16,29,29
2017/5/23,10,18,23,34,61,75,3,5,7,19,20,33
2017/5/25,10,33,40,42,46,77,5,8,21,22,30,34
2017/5/27,16,34,57,64,65,78,4,7,12,22,23,27
2017/5/30,21,26,35,59,66,70,5,15,17,23,25,29
2017/6/1,7,15,27,37,56,58,5,11,12,18,24,35
2017/6/3,2,22,36,77,83,90,5,14,19,24,25,27
2017/6/6,7,12,26,46,56,70,1,9,17,22,32,35
2017/6/8,11,28,32,48,54,59,10,14,21,23,26,31
2017/6/10,19,54,56,57,67,69,0,1,1,12,21,26
2017/6/13,41,50,69,71,77,81,0,3,4,18,21,24
2017/6/15,6,24,28,32,78,83,5,6,9,17,21,30
2017/6/17,45,48,71,75,80,83,4,19,19,21,25,30
2017/6/20,38,46,54,76,82,86,4,11,11,23,24,24
2017/6/22,9,18,24,42,59,71,5,6,9,10,12,36
2017/6/24,2,18,20,23,30,75,5,6,7,8,23,25
2017/6/27,9,14,62,64,78,82,9,15,15,18,18,21
2017/6/29,16,19,38,40,58,79,0,2,3,10,20,28
2017/7/1,15,20,45,59,81,85,4,4,14,18,22,32
2017/7/4,21,37,58,75,81,85,7,8,15,17,21,25
2017/7/6,36,37,46,48,51,74,2,5,11,13,19,22
2017/7/8,6,8,32,54,80,82,10,13,15,29,29,29
2017/7/11,6,12,38,42,49,83,2,11,14,18,25,34
2017/7/13,2,11,26,62,74,78,4,20,22,25,25,33
2017/7/15,27,37,44,47,73,86,8,11,17,22,28,30
2017/7/18,17,34,42,47,75,85,3,4,11,25,25,29
2017/7/20,22,32,45,60,61,80,2,5,22,23,25,29
2017/7/22,6,22,26,33,51,88,4,4,6,9,13,16
2017/7/25,4,29,30,47,52,59,3,8,18,24,30,38
2017/7/27,5,15,52,60,77,84,8,10,12,16,19,23
2017/7/29,5,11,58,75,78,81,4,8,20,25,32,33
2017/8/1,1,8,28,54,82,90,0,3,19,20,21,33
2017/8/3,20,25,39,49,69,71,13,16,17,18,30,30
2017/8/5,14,19,50,69,75,90,6,15,16,16,20,24
2017/8/8,17,24,33,41,63,66,0,6,23,24,24,26
2017/8/10,3,5,24,41,48,80,5,7,7,8,26,37
2017/8/12,6,17,32,40,44,67,4,11,17,28,30,35
2017/8/14,34,44,46,47,64,88,1,4,7,13,18,26
2017/8/17,22,28,46,52,69,86,0,7,18,19,30,32
2017/8/19,18,29,34,47,48,60,12,16,19,21,23,35
2017/8/22,34,46,50,52,67,86,5,6,12,23,26,33
2017/8/24,40,45,54,72,85,88,10,10,11,12,13,27
2017/8/26,28,29,36,54,55,68,0,11,14,21,26,28
2017/8/29,21,23,54,73,84,88,5,15,16,17,17,35
2017/8/31,5,29,32,33,72,89,5,14,19,20,30,31
2017/9/2,2,49,57,60,71,77,2,5,7,15,16,37
2017/9/5,7,12,66,68,73,76,2,9,10,14,18,28
2017/9/7,11,29,64,68,70,85,2,10,10,12,24,33
2017/9/9,29,39,49,56,83,85,4,7,13,20,23,26
2017/9/12,7,10,25,26,37,68,6,17,19,21,22,24
2017/9/14,18,25,29,30,33,69,4,8,9,9,24,28
2017/9/16,22,35,36,55,63,86,0,1,12,16,25,25
2017/9/19,38,45,46,55,65,73,3,3,16,22,22,26
2017/9/21,13,16,27,48,67,77,2,3,4,9,16,34
2017/9/23,8,46,48,69,72,81,7,7,14,18,18,33
2017/9/26,13,18,19,46,58,60,10,14,16,20,27,31
2017/9/28,6,15,39,68,80,89,1,6,15,20,21,24
2017/9/30,7,12,21,22,39,90,0,4,7,8,14,14
2017/10/3,6,21,38,48,79,90,5,10,17,17,26,28
2017/10/5,14,33,48,61,65,80,1,11,14,27,30,34
2017/10/7,14,17,35,37,55,83,3,3,10,14,21,33
2017/10/10,4,26,52,65,66,72,14,16,21,23,24,30
2017/10/12,9,16,19,35,41,59,3,4,12,12,20,26
2017/10/14,2,13,50,75,85,90,1,4,21,28,30,32
2017/10/17,10,17,30,55,62,78,1,2,19,23,24,31
2017/10/19,16,17,58,66,71,72,6,7,14,26,27,33
2017/10/21,21,22,31,32,33,81,2,5,11,25,25,30
2017/10/24,6,45,47,61,74,80,10,16,17,17,24,26
2017/10/26,14,38,43,57,65,72,0,1,4,20,22,28
2017/10/28,7,11,17,28,32,79,0,1,3,17,27,28
2017/10/31,19,24,35,69,80,89,0,3,17,23,23,35
2017/11/2,11,31,46,48,65,68,4,8,10,17,25,32
2017/11/4,6,7,8,38,45,78,6,6,17,19,28,35
2017/11/7,2,6,34,69,77,86,1,1,4,6,21,25
2017/11/9,8,12,41,42,46,51,11,12,17,22,28,31
2017/11/11,16,31,33,51,75,80,14,15,16,17,26,28
2017/11/14,1,11,40,45,46,57,3,10,16,18,22,33
2017/11/16,2,12,16,26,51,73,15,18,19,20,34,34
2017/11/18,3,16,24,27,44,88,21,21,21,22,23,31
2017/11/21,32,40,41,47,56,72,9,13,20,25,25,30
2017/11/23,14,38,40,51,53,64,1,7,12,25,26,27
2017/11/25,16,20,22,42,54,62,4,7,9,24,25,29
2017/11/28,27,28,48,61,87,88,11,16,18,29,31,33
2017/11/30,5,17,19,33,43,63,0,0,26,30,32,33
2017/12/2,4,12,25,27,35,69,21,23,31,34,34,37
2017/12/5,10,34,45,63,81,83,0,6,21,29,30,31
2017/12/7,14,15,65,68,82,85,7,11,12,21,22,26
2017/12/9,21,24,48,51,60,82,7,8,13,18,21,29
2017/12/12,2,30,44,52,58,69,5,16,18,21,24,25
2017/12/14,25,33,39,59,72,74,3,5,9,14,17,17
2017/12/16,3,7,53,65,66,73,7,21,24,24,31,38
2017/12/18,24,55,71,73,85,90,2,16,26,27,29,36
2017/12/19,22,39,43,65,77,89,3,4,14,19,22,24
2017/12/21,12,25,50,59,67,88,10,12,16,17,25,31
2017/12/23,35,39,48,71,88,89,3,8,8,10,18,26
2017/12/28,10,28,33,43,50,80,3,4,23,28,28,38
2017/12/30,6,17,23,46,52,53,2,11,24,28,31,38
2018/1/2,1,19,26,44,61,89,1,12,15,18,26,37
2018/1/4,5,19,28,43,58,82,0,3,5,11,12,28
2018/1/8,15,18,24,33,48,64,2,4,13,21,26,34
2018/1/9,8,69,70,84,88,90,5,10,16,33,34,35
2018/1/11,3,25,28,37,71,82,4,12,18,22,31,33
2018/1/13,2,10,41,49,56,71,3,7,14,24,25,28
2018/1/16,9,29,51,53,74,76,9,12,12,25,26,34
2018/1/18,29,43,46,50,85,86,2,12,13,14,18,27
2018/1/20,27,48,50,74,76,84,2,5,10,13,20,21
2018/1/23,2,5,24,32,47,62,8,14,15,17,24,26
2018/1/25,15,38,48,52,66,71,5,6,6,10,26,36
2018/1/27,5,24,68,72,78,85,4,11,12,21,25,26
2018/1/30,22,39,47,49,77,89,11,12,15,21,21,31
2018/2/1,20,45,51,63,85,89,2,2,14,15,16,28
2018/2/3,1,8,19,28,34,87,2,4,9,21,28,30
2018/2/6,4,8,16,35,36,74,19,20,21,30,32,33
2018/2/8,24,25,30,43,47,90,0,13,27,30,33,36
2018/2/10,7,31,35,57,88,89,9,16,19,23,23,29
2018/2/13,3,11,38,53,70,71,14,17,24,28,33,40
2018/2/15,5,17,34,40,78,82,0,5,13,23,31,33
2018/2/17,5,17,37,40,55,79,2,7,7,19,26,33
2018/2/20,17,25,52,55,67,75,1,7,10,18,22,29
2018/2/22,9,40,45,70,76,81,7,23,30,31,35,37
2018/2/24,10,44,48,62,68,83,7,9,12,13,15,22
2018/2/27,48,56,66,83,86,89,5,6,10,18,19,20
2018/3/1,9,23,57,72,77,82,2,6,15,21,22,27
2018/3/3,2,19,62,74,81,83,4,20,22,22,24,30
2018/3/6,12,36,45,46,67,75,4,4,8,20,23,32
2018/3/8,22,50,52,65,66,89,10,14,15,17,23,26
2018/3/10,11,15,42,64,82,84,0,1,2,18,24,34
2018/3/13,19,33,42,65,78,85,4,9,15,16,25,33
2018/3/15,2,13,17,31,45,69,6,13,24,26,33,36
2018/3/17,7,35,52,85,88,90,12,17,24,26,26,29
2018/3/20,9,20,33,43,44,48,5,5,14,25,31,36
2018/3/22,20,23,29,37,39,72,0,6,7,16,16,18
2018/3/24,2,24,42,62,66,81,6,7,7,15,25,30
2018/3/27,10,16,35,63,73,83,0,4,5,11,14,32
2018/3/29,11,15,32,35,52,56,2,5,7,9,16,29
2018/3/31,1,6,7,9,45,79,4,25,26,29,29,30
2018/4/3,30,45,47,49,71,90,1,1,10,12,22,28
2018/4/5,7,27,55,63,73,77,4,9,9,14,20,31
2018/4/7,3,20,47,55,81,83,4,11,25,26,32,35
2018/4/10,27,35,46,68,72,82,3,14,14,21,26,33
2018/4/12,8,28,34,38,47,54,0,10,19,20,21,35
2018/4/14,1,10,31,44,58,80,0,2,4,9,22,22
2018/4/17,12,23,39,54,72,73,9,24,26,26,26,33
2018/4/19,5,17,20,44,62,80,7,9,16,27,33,33
2018/4/21,11,43,68,72,79,85,1,2,2,14,18,32
2018/4/24,31,41,44,67,75,82,10,13,13,21,27,32
2018/4/26,44,52,64,66,67,71,1,4,13,15,30,34
2018/4/28,2,25,41,42,74,87,2,10,10,12,13,31
2018/4/30,6,10,26,47,60,75,0,2,18,25,27,37
2018/5/3,9,19,31,39,77,82,5,18,19,22,25,29
2018/5/5,6,14,19,59,79,81,0,0,0,7,23,32
2018/5/8,17,18,41,57,58,75,3,7,17,25,28,34
2018/5/10,41,62,77,79,81,84,2,5,9,20,25,26
2018/5/12,29,49,50,56,64,78,9,10,17,20,27,33
2018/5/15,3,10,38,52,65,71,12,16,17,23,31,32
2018/5/17,16,33,34,74,79,80,12,22,27,28,31,35
2018/5/19,40,51,55,56,74,81,0,1,11,19,21,33
2018/5/22,12,13,19,37,62,72,12,17,25,32,32,33
2018/5/24,1,27,31,58,83,87,2,4,8,8,14,20
2018/5/26,20,27,32,55,69,90,11,21,22,25,26,28
2018/5/29,19,28,42,49,68,83,6,7,8,13,20,24
2018/5/31,9,57,64,66,69,86,1,17,21,31,32,36
2018/6/4,45,56,66,74,77,88,1,3,16,17,20,29
2018/6/5,6,10,11,21,71,75,1,2,9,15,31,31
2018/6/7,33,39,47,64,67,76,3,14,23,25,27,32
2018/6/9,13,32,41,51,61,86,5,8,20,26,29,30
2018/6/12,1,12,31,33,44,50,3,10,19,23,33,40
2018/6/14,5,37,51,65,79,81,2,8,15,22,25,33
2018/6/16,2,9,15,22,47,65,3,12,17,17,18,20
2018/6/19,1,7,25,40,68,75,5,9,13,13,28,30
2018/6/21,6,11,37,42,58,62,0,17,25,28,29,30
2018/6/23,4,17,29,55,67,70,3,5,24,28,35,37
2018/6/26,2,6,37,39,51,86,0,3,11,13,22,22
2018/6/28,28,36,55,76,81,89,1,16,17,25,29,40
2018/6/30,9,13,23,32,45,54,2,11,16,27,29,31
2018/7/3,28,33,38,41,66,72,2,5,6,29,30,32
2018/7/5,11,19,27,41,61,83,5,18,19,24,30,31
2018/7/7,3,51,55,64,77,79,0,6,14,23,31,33
2018/7/10,27,41,50,60,63,81,2,24,26,27,28,29
2018/7/12,3,13,18,24,74,89,4,5,5,12,21,23
2018/7/14,2,9,14,19,27,77,0,1,8,13,17,33
2018/7/17,30,35,44,60,72,76,0,10,16,31,35,38
2018/7/19,11,38,47,71,76,77,2,5,5,15,19,21
2018/7/21,22,36,38,56,59,67,14,17,18,22,31,33
2018/7/24,7,29,37,43,72,79,16,23,24,26,28,34
2018/7/26,21,34,53,72,80,84,16,24,25,31,33,33
2018/7/28,10,19,47,67,68,75,6,14,16,19,20,22
2018/7/31,23,32,49,53,61,85,5,7,9,10,29,36
2018/8/2,5,6,41,44,65,74,2,4,9,15,25,29
2018/8/4,23,39,53,56,64,84,7,9,12,19,21,40
2018/8/7,11,18,21,23,55,66,1,4,5,12,28,30
2018/8/9,31,32,46,54,73,90,7,9,10,20,30,31
2018/8/11,14,57,73,79,82,84,2,7,14,20,21,22
2018/8/14,21,43,45,57,67,83,2,10,12,23,24,26
2018/8/16,2,10,12,21,22,50,2,3,4,9,23,34
2018/8/18,7,14,27,66,70,81,9,10,12,14,30,32
2018/8/21,2,16,30,39,51,79,0,3,12,18,25,30
2018/8/23,14,23,32,34,40,80,4,18,19,21,25,28
2018/8/25,42,44,54,68,69,81,4,9,12,21,26,38
2018/8/28,1,26,39,43,73,89,5,10,12,18,26,39
2018/8/30,16,28,29,55,63,69,3,14,27,27,28,35
2018/9/1,1,4,19,23,55,68,9,19,26,27,30,37
2018/9/4,18,25,47,51,70,83,5,11,15,15,21,26
2018/9/6,2,23,34,52,76,87,0,5,13,15,16,32
2018/9/8,7,25,32,39,59,86,6,15,21,21,28,31
2018/9/11,59,61,63,65,71,84,10,11,15,15,31,37
2018/9/13,16,23,29,49,57,76,6,7,13,18,20,22
2018/9/15,3,26,34,61,84,87,7,14,14,19,28,30
2018/9/18,2,24,31,42,47,55,4,8,10,13,15,28
2018/9/20,15,18,56,67,72,74,9,20,25,26,26,31
2018/9/22,12,16,29,45,82,85,1,4,15,18,22,28
2018/9/25,17,24,57,64,70,89,6,12,17,17,30,33
2018/9/27,21,37,46,56,65,77,0,6,13,15,25,27
2018/9/29,34,54,77,80,81,87,4,17,21,26,28,29
2018/10/2,3,7,18,47,64,82,0,0,3,4,16,18
2018/10/4,15,30,72,79,86,90,2,15,20,23,24,34
2018/10/6,27,28,33,75,77,78,3,24,25,26,27,30
2018/10/9,10,36,49,53,77,85,15,18,20,20,20,27
2018/10/11,20,23,39,50,62,68,4,9,21,27,35,38
2018/10/13,14,36,39,46,55,59,8,22,23,24,28,32
2018/10/16,8,13,25,50,65,72,2,12,15,21,35,39
2018/10/18,16,23,50,73,80,88,0,4,6,9,10,13
2018/10/20,4,14,27,38,89,90,1,3,3,15,17,36
2018/10/23,6,30,49,56,64,81,13,21,21,26,28,29
2018/10/25,10,21,24,26,29,89,0,8,8,12,19,34
2018/10/27,3,12,35,51,59,80,3,7,10,18,24,28
2018/10/30,38,40,43,59,67,72,10,13,19,25,32,35
2018/11/3,23,35,40,79,86,87,2,13,16,17,22,29
2018/11/5,8,36,39,40,48,50,4,6,13,22,30,32
2018/11/6,4,16,24,42,51,84,0,13,20,24,25,31
2018/11/8,11,15,20,27,45,59,2,3,5,19,29,36
2018/11/10,9,15,20,46,50,84,0,4,4,7,13,27
2018/11/13,7,15,22,31,46,50,10,16,19,28,30,33
2018/11/15,6,12,34,36,40,66,0,2,14,14,16,22
2018/11/17,3,5,38,53,54,82,7,12,14,16,16,33
2018/11/20,3,9,43,48,61,83,5,10,12,13,14,28
2018/11/22,15,24,28,34,56,73,0,5,5,7,19,23
2018/11/24,30,38,63,68,77,80,5,7,10,13,15,19
2018/11/27,6,12,15,30,31,89,7,8,11,24,26,34
2018/11/29,6,22,27,36,62,76,9,19,19,27,28,30
2018/12/1,7,16,33,54,80,84,15,16,17,21,28,37
2018/12/4,6,31,37,47,71,78,3,7,18,18,19,25
2018/12/6,10,30,44,45,47,49,0,6,11,17,21,24
2018/12/10,7,37,52,73,87,88,7,15,23,28,31,32
2018/12/11,6,17,32,38,47,90,5,7,10,22,24,26
2018/12/13,7,9,12,21,30,41,5,10,14,22,24,24
2018/12/15,5,23,36,42,47,79,0,5,16,22,22,30
2018/12/18,39,61,68,69,70,86,5,8,16,23,26,31
2018/12/20,11,49,58,71,76,89,2,3,12,23,25,30
2018/12/22,4,14,16,51,64,88,1,1,2,12,19,26
2018/12/24,12,19,36,42,77,87,12,13,14,16,25,31
2018/12/27,36,43,44,49,78,82,1,6,7,8,17,22
2018/12/29,24,37,46,49,62,71,3,7,15,16,25,32
2019/1/3,1,35,52,56,64,70,8,10,13,24,28,32
2019/1/5,46,52,55,68,76,89,10,12,17,28,28,32
2019/1/7,3,8,28,45,55,58,1,9,16,17,20,30
2019/1/8,23,34,38,54,57,87,2,2,20,27,27,40
2019/1/10,2,39,66,76,86,87,13,17,25,25,29,33
2019/1/12,16,33,36,62,73,88,16,22,23,23,29,33
2019/1/15,8,43,51,56,57,87,0,2,11,25,26,34
2019/1/17,21,26,33,35,63,89,10,24,24,26,28,32
2019/1/19,1,15,45,48,60,80,6,7,9,13,13,30
2019/1/22,3,22,79,82,83,88,6,14,27,28,31,33
2019/1/24,3,19,40,49,60,82,10,12,16,16,29,33
2019/1/26,17,19,62,72,78,82,0,5,9,18,18,29
2019/1/29,6,11,29,65,87,90,5,7,9,14,27,29
2019/1/31,4,21,59,63,65,83,4,7,9,19,29,33
2019/2/2,37,42,52,80,86,88,6,7,8,8,17,34
2019/2/5,11,21,34,46,50,86,11,12,14,16,26,32
2019/2/7,9,26,27,49,54,76,0,12,13,25,29,31
2019/2/9,5,26,43,52,63,90,0,14,16,16,18,33
2019/2/12,14,28,64,69,84,90,0,2,8,13,19,24
2019/2/14,4,30,47,76,78,83,7,18,24,29,32,33
2019/2/16,10,17,42,59,61,80,6,11,14,21,22,29
2019/2/19,15,16,32,63,67,70,8,12,15,25,28,30
2019/2/21,11,16,43,59,87,90,3,19,27,28,28,32
2019/2/23,5,31,47,60,68,88,0,2,7,14,27,27
2019/2/26,13,25,27,52,66,75,0,6,9,12,26,32
2019/2/28,2,11,50,55,79,85,5,5,11,14,18,35
2019/3/2,19,34,37,40,66,69,5,10,10,11,18,22
2019/3/5,3,6,16,36,56,82,3,4,4,22,27,31
2019/3/7,8,42,51,62,80,84,5,12,15,19,30,37
2019/3/9,9,15,51,70,78,86,7,11,14,21,27,30
2019/3/12,13,37,58,66,67,88,6,12,20,21,26,29
2019/3/14,27,28,42,63,78,86,0,1,10,14,16,19
2019/3/16,49,61,63,77,87,88,5,10,16,18,21,26
2019/3/19,12,15,38,43,56,85,2,8,8,10,19,24
2019/3/21,27,32,52,59,69,90,1,12,14,17,23,23
2019/3/23,21,32,43,63,83,90,16,23,23,23,25,25
2019/3/26,14,27,45,47,52,84,6,7,17,22,28,31
2019/3/28,43,53,58,68,83,90,3,18,28,28,28,30
2019/3/30,1,10,20,28,47,55,4,9,11,12,16,17
2019/4/2,19,25,30,32,37,60,8,14,22,26,29,38
2019/4/4,7,29,38,49,66,70,0,5,6,10,26,33
2019/4/6,41,54,85,87,88,89,0,1,11,13,26,31
2019/4/9,1,13,28,33,37,65,4,5,14,15,19,27
2019/4/11,5,10,52,60,85,88,5,13,16,22,24,36
2019/4/13,16,22,30,40,51,77,3,4,8,15,22,25
2019/4/16,15,55,58,62,82,90,1,4,11,16,21,30
2019/4/18,7,10,46,47,73,89,13,19,24,30,31,32
2019/4/20,5,18,76,87,88,89,7,15,25,27,28,31
2019/4/23,19,20,32,51,63,79,1,12,16,17,28,32
2019/4/27,6,17,18,42,64,71,7,7,21,27,35,37
2019/4/29,8,22,61,65,69,74,4,12,15,20,24,29
2019/4/30,13,29,31,51,55,72,5,15,15,21,26,35
2019/5/2,1,28,57,75,82,83,7,10,12,13,31,33
2019/5/4,4,15,41,52,76,85,3,5,8,22,28,32
2019/5/7,5,8,21,49,66,90,4,4,8,9,10,20
2019/5/9,3,17,26,38,54,82,12,14,19,27,30,33
2019/5/11,9,20,47,58,65,78,0,5,11,11,22,26
2019/5/14,37,59,69,75,89,90,5,11,16,19,22,31
2019/5/16,11,25,37,67,75,85,9,14,18,20,24,26
2019/5/18,31,33,44,57,62,65,3,9,12,13,19,31
2019/5/21,20,38,76,82,84,87,11,17,20,21,24,31
2019/5/23,2,8,15,32,72,79,2,2,9,15,31,36
2019/5/25,33,51,53,59,66,68,7,16,28,29,30,33
2019/5/28,8,30,33,58,84,89,2,17,19,19,24,30
2019/5/30,16,33,59,65,69,73,12,20,21,24,34,35
2019/6/1,17,19,24,46,48,72,7,11,20,21,21,31
2019/6/4,15,49,63,79,85,86,2,5,8,11,21,22
2019/6/6,2,15,47,54,78,79,4,13,16,17,23,23
2019/6/8,15,16,54,64,66,72,9,9,18,25,25,29
2019/6/11,16,25,36,46,48,58,3,4,17,19,31,32
2019/6/13,11,22,23,26,32,77,4,5,8,13,28,30
2019/6/15,4,23,43,47,74,82,2,22,26,29,30,34
2019/6/18,13,23,63,67,68,81,4,21,21,25,33,36
2019/6/20,25,26,35,42,65,76,8,12,14,14,20,24
2019/6/22,35,39,41,69,70,74,3,9,10,11,22,30
2019/6/25,14,43,61,62,75,85,0,12,14,21,23,29
2019/6/27,33,34,37,50,68,82,0,10,14,20,26,30
2019/6/29,6,22,33,45,60,81,0,0,11,16,19,32
2019/7/2,13,18,37,48,63,67,5,5,13,15,18,31
2019/7/4,40,42,57,64,80,86,0,1,16,23,24,35
2019/7/6,6,12,22,25,29,62,0,3,7,18,21,28
2019/7/9,1,20,26,54,59,74,0,3,5,17,20,24
2019/7/11,15,26,32,48,66,84,2,5,9,14,26,33
2019/7/13,3,13,15,36,42,90,5,10,10,28,29,35
2019/7/16,30,47,48,60,67,90,8,17,19,19,26,39
2019/7/18,12,22,37,40,51,68,0,13,15,16,19,30
2019/7/20,2,23,29,51,79,84,7,18,21,23,25,35
2019/7/23,18,32,34,55,74,79,1,3,12,14,28,36
2019/7/25,7,20,28,36,55,69,0,5,16,19,22,23
2019/7/27,13,33,40,61,78,80,3,3,9,9,10,22
2019/7/30,6,8,16,42,84,87,1,11,17,26,26,27
2019/8/1,20,30,37,52,82,83,1,1,15,23,26,27
2019/8/3,6,16,21,27,33,66,0,5,15,16,26,32
2019/8/6,20,22,27,43,46,72,3,5,14,19,23,28
2019/8/8,6,10,24,63,66,89,4,10,13,19,23,35
2019/8/10,10,15,42,57,68,80,1,1,10,17,24,25
2019/8/13,7,32,41,59,75,76,4,17,17,19,27,32
2019/8/17,8,13,31,37,39,46,1,5,9,22,24,34
2019/8/19,17,28,57,66,67,71,11,15,19,30,34,37
2019/8/20,20,35,40,41,79,88,0,1,7,15,24,33
2019/8/22,1,12,24,42,65,67,13,14,14,15,22,33
2019/8/24,20,36,40,42,63,86,0,11,11,15,19,29
2019/8/27,4,15,34,37,47,73,3,6,9,13,19,27
2019/8/29,21,37,45,53,83,84,0,12,18,19,21,22
2019/8/31,31,35,52,59,60,75,0,0,0,3,12,21
2019/9/3,18,29,39,58,59,76,3,7,8,17,18,35
2019/9/5,7,26,31,34,52,54,3,5,5,18,22,25
2019/9/7,9,29,43,66,70,84,1,12,16,17,21,25
2019/9/10,15,16,21,49,50,83,2,3,10,18,23,31
2019/9/12,12,17,20,62,80,88,0,0,14,19,30,35
2019/9/14,1,7,10,40,52,59,0,2,12,14,14,21
2019/9/17,9,18,26,43,60,79,1,6,20,26,27,38
2019/9/19,38,50,53,56,65,76,8,12,12,21,27,33
2019/9/21,31,36,44,47,50,56,0,1,14,21,29,39
2019/9/24,7,45,55,60,81,89,2,2,3,13,14,22
2019/9/26,17,20,42,44,83,90,6,9,11,14,18,33
2019/9/28,37,49,66,75,77,82,17,21,22,25,28,31
2019/10/1,11,59,63,73,84,89,9,10,16,30,31,38
2019/10/3,4,5,31,35,46,80,2,7,11,24,33,35
2019/10/5,20,38,52,58,68,72,2,3,4,18,24,29
2019/10/8,25,35,47,70,79,87,9,15,16,17,26,28
2019/10/10,9,12,29,42,65,75,2,9,11,18,25,27
2019/10/12,5,33,40,45,79,90,0,11,12,13,16,30
2019/10/15,5,38,45,54,59,65,3,3,7,10,14,26
2019/10/17,10,29,33,55,65,72,5,9,16,21,25,33
2019/10/19,15,30,75,76,77,79,12,14,20,20,27,30
2019/10/22,9,28,40,77,79,81,1,7,15,22,23,30
2019/10/24,18,51,53,57,82,87,0,10,12,13,17,28
2019/10/26,8,12,13,14,51,83,7,14,14,16,30,36
2019/10/29,21,32,47,61,67,68,7,14,19,22,26,32
2019/10/31,35,41,53,60,65,80,4,5,20,23,27,40
2019/11/2,10,19,30,68,78,80,13,19,21,28,29,30
2019/11/5,32,56,64,65,87,90,8,21,22,26,28,39
2019/11/7,4,9,37,48,49,77,1,1,6,14,19,23
2019/11/9,1,21,43,51,81,88,9,20,23,25,25,28
2019/11/12,14,15,51,55,61,73,0,9,10,19,22,31
2019/11/14,33,52,57,72,76,81,13,13,14,17,30,33
2019/11/16,7,29,31,58,65,86,5,7,8,9,10,36
2019/11/19,19,26,56,74,77,82,5,9,13,21,22,28
2019/11/21,23,29,35,50,57,60,15,19,20,21,26,34
2019/11/23,12,29,52,61,72,79,6,17,21,22,23,35
2019/11/26,21,22,35,63,76,79,9,12,21,26,29,31
2019/11/28,7,16,17,50,52,74,0,9,26,27,27,30
2019/11/30,2,21,47,52,66,77,8,13,19,24,29,37
2019/12/3,4,5,8,22,48,83,5,22,24,27,28,35
2019/12/5,16,25,52,59,64,74,3,4,20,26,29,34
2019/12/7,11,21,44,67,77,80,0,1,15,20,27,28
2019/12/10,11,37,40,42,58,82,12,18,22,30,33,34
2019/12/12,11,25,39,48,51,71,0,3,19,20,27,27
2019/12/14,8,10,43,52,60,83,0,1,7,9,12,19
2019/12/17,4,8,37,44,86,88,6,10,10,19,20,29
2019/12/19,3,14,25,43,74,80,2,4,8,14,18,26
2019/12/21,9,28,36,50,66,90,1,7,7,23,24,26
2019/12/23,17,30,45,56,87,89,2,10,16,23,24,39
2019/12/24,44,48,55,67,82,90,4,10,10,15,17,29
2019/12/28,3,8,16,28,42,65,19,21,22,30,31,35
2019/12/31,3,32,36,43,62,80,8,16,17,20,26,38
2020/1/2,5,45,63,64,78,85,3,12,15,16,17,20
2020/1/4,23,30,37,44,57,80,11,13,20,23,28,28
2020/1/7,2,23,60,66,72,78,15,21,24,24,26,36
2020/1/9,5,14,54,55,66,78,13,16,22,23,26,29
2020/1/11,34,36,38,63,72,81,14,18,19,21,28,29
2020/1/14,1,6,9,32,68,85,3,7,15,18,19,19
2020/1/16,22,29,50,53,72,83,2,2,8,11,24,35
2020/1/18,26,28,32,50,79,87,7,10,15,15,16,28
2020/1/21,6,32,46,53,70,75,6,10,16,18,26,38
2020/1/23,15,20,23,69,72,81,0,21,23,30,30,31
2020/1/25,11,16,17,35,68,90,3,14,15,18,23,30
2020/1/28,16,21,33,50,57,89,6,16,18,19,20,26
2020/1/30,8,46,53,62,77,84,4,15,15,25,25,26
2020/2/1,22,25,45,46,48,88,14,17,18,19,21,28
2020/2/4,21,29,34,64,72,79,0,4,7,10,13,18
2020/2/6,3,20,29,49,65,82,2,4,20,20,28,33
2020/2/8,15,32,54,56,61,85,4,9,14,14,26,28
2020/2/11,16,24,45,68,72,81,3,14,14,29,31,32
2020/2/13,4,15,43,69,74,84,0,5,6,8,19,37
2020/2/15,13,26,40,55,65,86,2,6,6,8,18,27
2020/2/18,26,45,58,69,72,82,5,11,11,21,31,32
2020/2/20,20,36,55,69,80,85,13,16,21,23,27,31
2020/2/22,1,28,57,58,60,68,5,13,14,23,28,35
2020/2/25,10,15,23,54,73,74,20,20,25,31,31,33
2020/2/27,17,51,60,71,75,79,1,2,12,23,23,33
2020/2/29,9,35,44,50,73,78,0,6,8,11,24,29
2020/3/3,5,11,19,26,36,64,0,17,25,37,38,39
2020/3/5,13,40,48,67,69,85,4,9,14,21,25,27
2020/3/7,11,13,31,41,85,87,4,6,9,9,27,30
2020/3/10,8,35,41,43,57,80,0,14,16,22,26,33
2020/3/12,19,22,41,46,56,86,1,4,20,23,26,28
2020/3/14,1,13,18,47,68,75,3,7,9,13,20,34
2020/3/17,17,29,30,49,63,65,4,6,13,13,24,31
2020/3/19,7,11,17,28,29,50,2,4,16,26,30,33
2020/3/21,5,13,38,39,52,59,1,6,16,17,20,28
2020/5/5,39,43,58,73,83,86,0,12,15,16,18,32
2020/5/7,22,35,45,52,57,75,2,8,9,22,24,29
2020/5/9,34,45,59,66,70,78,7,12,15,24,24,31
2020/5/12,21,38,55,60,65,85,0,9,10,12,24,27
2020/5/14,12,17,20,54,61,80,7,14,14,19,28,30
2020/5/16,2,7,71,78,84,87,4,10,11,19,23,28
2020/5/19,26,41,51,62,66,85,1,12,16,17,25,30
2020/5/21,3,21,44,69,73,81,9,10,12,21,31,32
2020/5/23,5,15,61,75,82,86,1,4,13,23,23,25
2020/5/26,10,23,27,46,68,74,3,12,12,21,31,40
2020/5/28,16,29,31,73,76,82,19,24,30,33,34,38
2020/5/30,3,27,46,52,70,74,4,16,21,25,25,35
2020/6/1,9,28,49,65,76,81,1,2,20,20,27,29
2020/6/4,5,16,23,30,40,71,3,6,7,13,23,26
2020/6/6,4,21,37,45,50,79,4,21,27,27,31,31
2020/6/9,8,14,30,58,71,87,1,8,28,29,29,35
2020/6/11,1,7,23,47,68,69,10,14,16,17,28,28
2020/6/13,20,42,53,57,62,73,3,9,13,14,25,31
2020/6/16,1,11,39,59,68,74,0,1,3,8,10,33
2020/6/18,4,6,15,35,67,73,3,17,17,19,25,32
2020/6/20,16,29,39,55,63,86,0,11,12,16,22,34
2020/6/23,40,44,52,59,66,69,4,8,17,18,27,29
2020/6/25,14,35,41,51,84,85,4,5,7,19,23,33
2020/6/27,13,33,35,60,78,81,7,11,19,28,28,30
2020/6/30,6,7,57,61,79,89,7,10,19,25,26,29
2020/7/2,12,33,42,56,78,79,0,0,5,17,21,32
2020/7/4,33,38,46,59,65,73,2,18,22,23,28,35
2020/7/7,16,24,29,53,73,88,3,4,12,28,33,38
2020/7/9,1,10,26,40,64,88,6,9,11,21,24,35
2020/7/11,6,10,19,20,40,67,6,13,18,18,23,26
2020/7/14,17,35,70,71,74,82,8,9,10,24,25,28
2020/7/16,35,39,40,64,67,75,3,5,11,13,26,31
2020/7/18,18,33,49,76,80,84,0,10,12,12,16,21
2020/7/21,4,34,46,54,55,62,2,3,7,15,18,36
2020/7/23,10,29,37,49,56,57,5,8,10,13,17,25
2020/7/25,18,30,42,70,78,80,7,14,17,18,19,23
2020/7/28,23,45,49,71,80,82,1,10,11,19,22,23
2020/7/30,4,15,19,26,28,55,5,11,24,24,27,30
2020/8/1,4,14,17,18,26,45,6,7,15,24,28,32
2020/8/4,5,19,21,25,45,82,7,16,18,30,30,35
2020/8/6,21,37,40,46,69,80,1,15,19,19,24,32
2020/8/8,6,16,22,55,58,83,1,1,15,16,23,32
2020/8/11,7,9,38,68,78,80,4,7,24,25,25,32
2020/8/13,4,5,49,57,66,75,5,7,12,19,31,34
2020/8/17,5,9,26,62,77,79,0,3,9,10,12,15
2020/8/18,13,22,28,58,65,77,5,6,7,16,31,33
2020/8/20,7,17,30,39,41,67,0,2,7,12,12,26
2020/8/22,7,12,45,47,73,87,4,4,5,7,20,26
2020/8/25,15,24,31,70,83,84,0,0,9,17,21,24
2020/8/27,37,49,52,53,75,87,11,12,13,20,21,21
2020/8/29,1,3,35,42,55,61,2,2,13,16,22,28
2020/9/1,10,22,28,45,48,71,3,15,20,21,29,36
2020/9/3,16,17,38,39,68,84,16,17,21,26,27,33
2020/9/5,7,14,27,56,72,83,3,5,11,16,18,19
2020/9/8,23,27,28,31,69,89,12,14,19,22,27,34
2020/9/10,46,48,67,78,80,87,4,12,17,18,26,33
2020/9/12,6,15,36,42,67,78,1,6,7,21,27,30
2020/9/15,2,9,44,47,52,54,7,9,10,10,15,19
2020/9/17,9,29,35,47,53,85,9,14,21,21,28,41
2020/9/19,6,12,14,27,39,73,4,12,17,28,32,33
2020/9/22,4,15,37,48,55,69,3,12,14,17,19,24
2020/9/24,10,13,28,77,86,89,0,6,16,23,28,28
2020/9/26,4,16,38,70,86,88,0,0,2,9,15,23
2020/9/29,25,33,53,76,81,90,0,10,13,19,20,31
2020/10/1,7,31,38,52,61,75,1,5,10,14,16,25
2020/10/3,5,17,59,61,70,79,7,12,14,17,18,21
2020/10/6,8,55,67,73,74,89,6,9,13,25,28,31
2020/10/8,8,35,51,60,63,75,5,8,22,23,33,33
2020/10/10,12,15,19,24,46,73,3,10,13,21,28,33
2020/10/13,47,56,58,60,79,85,9,10,16,17,21,28
2020/10/15,29,38,47,61,68,86,18,20,21,24,26,28
2020/10/17,24,28,34,55,62,87,0,7,22,27,29,29
2020/10/20,24,29,36,43,50,51,0,3,5,24,25,40
2020/10/22,1,16,21,36,37,43,6,7,10,21,26,33
2020/10/24,17,19,28,41,49,86,4,7,17,23,30,36
2020/10/27,19,26,49,53,55,77,7,11,17,20,26,38
2020/10/29,9,32,41,43,44,84,13,14,15,19,19,28
2020/10/31,22,31,35,40,65,82,11,16,17,27,31,31
2020/11/3,18,39,45,48,53,64,0,2,3,16,16,32
2020/11/5,5,10,18,24,69,85,1,11,19,20,22,34
2020/11/7,1,2,61,69,70,82,1,2,11,22,23,29
2020/11/10,13,34,38,41,76,88,6,7,12,19,23,35
2020/11/12,13,35,37,58,60,88,9,9,11,20,37,40
2020/11/14,3,30,47,67,68,89,6,11,17,21,24,30
2020/11/17,7,18,20,32,45,55,1,3,6,7,13,30
2020/11/19,6,13,47,49,69,86,4,12,22,24,29,34
2020/11/21,6,24,37,55,76,82,0,1,3,10,29,30
2020/11/24,9,15,16,23,57,76,4,12,13,16,29,33
2020/11/26,2,9,39,52,67,76,6,8,9,15,19,35
2020/11/28,12,29,61,81,87,90,3,10,14,25,28,32
2020/12/1,21,30,32,62,78,80,4,15,17,20,23,28
2020/12/3,22,33,43,48,87,89,8,9,14,14,30,30
2020/12/5,26,32,39,40,57,65,4,14,15,19,21,25
2020/12/7,1,6,20,25,70,90,4,17,23,27,31,32
2020/12/10,1,6,25,42,75,80,0,1,7,8,20,22
2020/12/12,11,14,18,59,64,85,2,7,12,14,25,28
2020/12/15,10,16,47,51,80,85,6,10,17,22,25,26
2020/12/17,5,9,12,14,26,37,4,14,21,26,29,30
2020/12/19,36,39,45,50,62,66,0,2,8,18,22,29
2020/12/22,15,16,22,46,51,72,5,9,12,28,29,32
2020/12/24,22,25,31,79,87,90,4,7,13,21,29,30
2020/12/28,8,25,39,54,59,84,5,9,18,25,30,36
2020/12/29,15,22,38,51,60,74,0,2,3,10,19,31
2020/12/31,7,14,20,66,68,79,6,7,11,16,18,20
2021/1/2,35,37,50,75,77,81,3,3,13,25,26,32
2021/1/5,12,19,30,60,71,78,10,10,12,15,18,22
2021/1/7,15,33,48,49,56,88,8,14,27,28,30,32
2021/1/9,14,16,35,47,58,64,11,15,15,30,33,33
2021/1/12,5,19,21,33,61,90,1,5,19,22,26,26
2021/1/14,24,50,53,54,62,88,3,3,14,19,31,34
2021/1/16,9,26,57,66,81,83,2,3,4,10,16,20
2021/1/19,2,27,28,38,43,65,0,3,4,12,24,26
2021/1/21,15,17,38,40,45,65,2,2,6,10,26,35
2021/1/23,3,19,27,35,63,89,2,7,7,13,13,29
2021/1/26,34,39,45,51,60,89,1,7,16,21,30,31
2021/1/28,18,29,40,44,46,53,2,5,9,17,28,32
2021/1/30,27,35,42,48,56,65,14,15,20,22,22,31
2021/2/2,28,41,54,67,78,86,3,8,17,22,22,26
2021/2/4,5,19,27,35,40,82,10,12,14,19,24,25
2021/2/6,36,49,50,61,66,76,10,24,26,29,30,35
2021/2/9,7,8,19,33,40,48,1,12,17,19,19,32
2021/2/11,5,34,47,60,69,70,3,5,10,13,15,31
2021/2/13,36,39,46,58,63,77,13,15,17,19,25,32
2021/2/16,9,19,30,52,61,76,1,4,8,9,20,26
2021/2/18,28,52,56,62,66,72,3,5,10,15,17,27
2021/2/20,3,18,25,31,65,75,5,12,15,30,35,35
2021/2/23,7,37,42,57,59,87,9,12,17,21,22,33
2021/2/25,13,26,42,71,72,73,11,22,23,24,31,34
2021/2/27,10,37,42,69,72,86,0,13,25,26,28,28
2021/3/2,3,32,39,56,77,89,2,3,3,13,17,29
2021/3/4,2,4,13,45,51,77,4,13,22,29,29,33
2021/3/6,4,36,43,61,72,89,2,7,21,22,24,38
2021/3/9,8,15,20,52,54,72,10,14,25,25,29,29
2021/3/11,9,31,51,68,84,90,6,12,13,18,18,24
2021/3/13,28,29,43,59,70,79,0,4,9,19,25,28
2021/3/16,28,43,48,65,84,89,1,12,17,29,31,31
2021/3/18,11,38,51,58,62,63,6,9,9,13,27,29
2021/3/20,6,10,57,71,74,83,0,1,8,13,13,15
2021/3/23,2,11,13,45,66,72,1,3,8,9,11,24
2021/3/25,15,28,30,52,75,86,3,9,14,17,22,31
2021/3/27,16,19,41,72,78,82,3,4,7,22,27,28
2021/3/30,10,25,41,58,78,87,5,7,10,21,23,23
2021/4/1,22,37,57,62,83,90,6,13,23,23,24,27
2021/4/3,1,39,53,60,75,76,2,8,9,14,19,24
2021/4/6,7,27,73,77,78,89,4,7,14,18,31,36
2021/4/8,19,29,35,49,66,81,15,15,16,19,20,28
2021/4/10,9,27,67,80,87,89,0,7,8,14,22,22
2021/4/13,1,36,48,63,68,87,3,14,19,29,35,35
2021/4/15,12,33,44,71,72,80,4,7,11,19,27,34
2021/4/17,7,20,63,68,74,88,2,8,8,13,18,18
2021/4/20,1,32,48,58,68,75,0,3,21,25,26,26
2021/4/22,8,11,46,47,72,81,7,18,19,21,30,34
2021/4/24,10,20,21,29,34,44,7,12,25,29,31,36
2021/4/27,41,49,56,58,60,68,4,16,19,28,33,38
2021/4/29,14,62,64,66,76,87,7,9,11,17,19,20
2021/5/3,15,18,40,43,57,72,9,16,25,26,29,41
2021/5/4,6,43,48,60,75,85,3,7,15,17,26,26
2021/5/6,5,28,38,55,79,89,8,9,14,14,16,37
2021/5/8,37,38,44,45,60,65,7,11,16,16,20,27
2021/5/11,23,30,50,59,60,83,3,10,12,24,24,38
2021/5/13,4,13,20,51,69,82,1,6,9,12,19,29
2021/5/15,15,36,49,59,60,62,3,14,26,28,28,33
2021/5/18,10,11,15,19,47,78,0,16,23,24,31,33
2021/5/20,27,31,36,39,46,67,10,10,13,16,16,31
2021/5/22,1,7,37,43,63,81,0,4,7,9,23,25
2021/5/25,5,39,45,49,59,71,2,3,13,17,21,36
2021/5/27,24,38,81,86,88,89,1,4,12,15,21,30
2021/5/29,23,31,62,71,74,77,0,2,13,17,25,30
2021/6/1,9,21,27,41,45,53,1,5,9,10,22,40
2021/6/3,17,27,40,72,86,87,19,20,20,24,24,28
2021/6/5,53,73,75,83,84,85,1,7,11,27,28,28
2021/6/8,2,9,11,72,76,86,1,8,13,17,20,29
2021/6/10,27,37,42,44,76,83,1,5,5,15,26,31
2021/6/12,2,9,27,54,69,78,12,15,21,23,24,33
2021/6/15,10,14,25,43,54,65,2,20,27,27,28,33
2021/6/17,20,33,39,42,43,78,0,0,9,11,12,20
2021/6/19,1,3,41,55,84,85,7,10,16,23,28,28
2021/6/22,30,51,56,59,65,68,3,7,9,20,26,31
2021/6/24,40,43,56,59,63,88,4,5,7,11,33,33
2021/6/26,28,39,44,57,61,88,7,20,21,22,26,27
2021/6/29,10,30,52,53,66,87,2,6,12,17,25,33
2021/7/1,8,11,44,86,88,89,2,9,12,24,26,26
2021/7/3,42,45,52,65,70,85,10,14,21,24,28,34
2021/7/6,11,15,20,40,69,73,2,11,14,16,16,28
2021/7/8,21,24,25,61,73,74,2,4,5,19,24,25
2021/7/10,8,13,16,27,32,62,19,21,22,23,35,37
2021/7/13,58,68,70,74,76,89,2,3,9,12,14,29
2021/7/15,2,25,37,54,57,87,0,6,10,25,27,28
2021/7/17,6,37,64,71,85,87,7,13,19,29,29,30
2021/7/20,28,34,49,65,79,90,0,7,9,17,20,26
2021/7/22,1,6,10,61,63,64,4,14,16,24,24,29
2021/7/24,21,25,40,50,71,87,3,9,20,21,30,34
2021/7/27,1,6,24,36,82,83,3,9,13,16,17,19
2021/7/29,3,14,21,31,84,89,12,14,26,26,26,30
2021/7/31,14,22,36,47,59,61,0,4,21,25,28,28
2021/8/3,14,55,65,68,78,88,1,7,9,14,30,31
2021/8/5,28,37,41,44,52,84,2,14,19,22,23,25
2021/8/7,1,7,34,37,45,49,3,10,14,16,25,30
2021/8/10,14,16,47,49,53,56,0,7,18,24,25,28
2021/8/12,17,55,59,61,62,90,1,7,12,18,19,20
2021/8/14,53,64,72,74,87,89,7,12,24,24,28,28
2021/8/17,2,3,10,38,64,70,0,3,10,19,24,38
2021/8/19,3,4,31,80,81,87,1,5,9,29,30,35
2021/8/21,8,19,35,59,86,90,11,16,19,21,26,38
2021/8/24,12,27,43,48,63,66,20,25,27,30,30,33
2021/8/26,17,21,32,40,55,76,0,4,20,21,30,33
2021/8/28,44,54,56,63,76,77,1,5,6,10,22,24
2021/8/31,3,5,10,44,76,77,4,9,17,25,33,37
2021/9/2,5,15,39,72,76,80,0,7,10,15,22,27
2021/9/4,7,60,68,71,79,80,0,2,17,24,30,31
2021/9/7,7,20,21,31,67,89,0,2,18,21,21,34
2021/9/9,6,58,64,73,76,86,23,24,27,30,33,34
2021/9/11,1,30,36,49,75,85,1,9,22,27,29,30
2021/9/14,3,14,42,52,69,81,0,1,9,27,31,35
2021/9/16,12,16,40,46,47,83,3,13,14,14,18,20
2021/9/18,22,56,60,73,76,80,7,14,18,31,31,36
2021/9/21,5,6,29,59,68,74,0,1,5,15,17,19
2021/9/23,8,21,38,42,49,51,10,16,30,32,32,36
2021/9/25,11,19,61,62,75,76,9,14,23,27,30,30
2021/9/28,14,18,19,33,34,80,2,5,11,17,28,33
2021/9/30,7,32,33,36,45,47,0,0,6,8,18,27
2021/10/2,9,19,40,62,67,71,3,5,6,12,14,30
2021/10/5,21,40,62,66,73,85,1,6,13,25,28,33
2021/10/7,15,18,22,26,66,77,2,3,11,13,26,32
2021/10/9,7,9,70,72,77,86,8,9,12,13,27,28
2021/10/12,46,53,55,60,64,90,1,2,7,15,26,38
2021/10/14,8,14,25,59,60,88,3,5,14,27,27,40
2021/10/16,32,41,50,57,67,89,6,7,24,26,31,32
2021/10/19,21,28,38,42,66,88,8,9,15,25,25,26
2021/10/21,9,10,26,27,77,86,8,10,12,12,24,25
2021/10/23,1,11,12,15,20,83,2,8,15,21,29,32
2021/10/26,20,24,25,49,57,68,0,5,7,12,18,24
2021/10/28,2,25,34,67,73,77,2,4,9,24,33,36
2021/10/30,20,31,41,43,48,79,4,20,26,30,31,35
2021/11/2,22,27,51,55,77,86,4,4,7,20,24,28
2021/11/4,22,25,38,41,61,68,10,13,16,25,27,30
2021/11/6,6,21,56,63,81,85,14,18,20,21,26,27
2021/11/9,3,6,14,17,54,60,3,3,14,15,24,24
2021/11/11,4,23,52,65,79,88,6,21,28,28,31,34
2021/11/13,13,40,60,66,73,75,3,7,8,12,28,35
2021/11/16,7,17,19,38,66,71,10,10,20,21,22,26
2021/11/18,22,24,38,42,44,87,9,10,12,18,18,24
2021/11/20,7,48,58,60,86,87,6,19,20,24,30,35
2021/11/23,6,17,23,24,43,72,8,17,17,17,19,40
2021/11/25,6,45,61,82,84,88,0,7,10,26,32,34
2021/11/27,24,30,38,47,48,78,2,18,21,23,24,26
2021/11/30,11,34,44,64,75,82,3,22,23,25,25,35
2021/12/2,15,24,48,60,70,89,5,5,20,22,26,31
2021/12/4,37,43,68,72,76,85,12,23,25,28,30,33
2021/12/7,9,12,23,38,59,88,7,12,12,19,24,24
2021/12/9,10,48,70,75,79,83,2,2,5,23,25,29
2021/12/11,7,17,45,64,76,81,0,6,12,16,18,19
2021/12/14,35,59,64,65,68,73,3,3,9,23,31,32
2021/12/16,12,35,37,41,75,76,0,9,11,24,33,33
2021/12/18,6,31,44,57,73,77,1,3,7,12,22,23
2021/12/21,30,49,61,62,79,87,6,8,14,15,17,24
2021/12/23,11,15,17,37,54,89,7,12,14,18,26,26
2021/12/27,6,10,11,41,61,80,7,10,12,18,23,30
2021/12/28,13,19,47,70,77,83,0,3,7,8,10,23
2021/12/30,10,20,40,55,68,86,8,10,14,19,30,30
2022/1/3,9,47,50,67,73,74,2,3,5,23,29,29
2022/1/4,5,18,59,78,81,89,7,7,17,19,23,29
2022/1/8,35,42,49,63,68,78,9,23,24,27,28,32
2022/1/10,3,25,30,58,66,84,2,3,19,23,28,32
2022/1/11,15,22,24,33,38,71,1,13,16,28,31,33
2022/1/13,10,34,56,66,78,87,2,6,16,24,32,33
2022/1/15,6,19,48,51,73,89,1,9,10,18,30,35
2022/1/18,33,34,43,46,49,66,3,4,5,5,7,31
2022/1/20,32,33,37,53,77,79,7,12,12,15,26,27
2022/1/22,5,13,27,37,50,59,0,7,14,25,29,33
2022/1/25,4,13,16,21,23,50,8,10,11,19,29,36
2022/1/27,30,53,63,74,83,88,5,8,22,28,29,32
2022/1/29,1,23,63,79,82,89,10,21,23,29,30,30
2022/2/1,5,10,29,31,47,58,7,21,25,26,27,35
2022/2/3,21,26,28,35,65,77,7,10,12,15,17,22
2022/2/5,30,39,48,55,76,81,3,3,4,13,14,30
2022/2/8,36,38,57,62,64,81,2,7,8,13,25,30
2022/2/10,25,35,51,52,58,59,2,18,19,22,26,34
2022/2/12,14,22,27,47,68,77,7,12,19,25,31,34
2022/2/15,1,9,44,49,60,74,0,12,13,15,21,38
2022/2/17,36,48,67,77,85,87,5,7,9,14,17,24
2022/2/19,9,13,15,65,74,81,17,18,19,20,21,28
2022/2/22,9,15,29,59,64,74,11,20,22,23,31,39
2022/2/24,16,28,38,52,69,73,6,6,9,28,29,35
2022/2/26,6,24,38,52,84,87,0,7,11,13,14,16
2022/3/1,15,44,60,79,81,83,9,10,20,28,30,35
2022/3/3,31,33,40,43,47,80,14,14,15,17,26,34
2022/3/5,3,9,58,66,68,80,19,20,20,21,31,35
2022/3/8,3,15,16,21,31,80,5,17,18,20,22,38
2022/3/10,18,34,39,47,52,66,2,8,13,21,23,25
2022/3/12,24,32,41,56,76,80,2,8,16,17,21,26
2022/3/15,8,22,53,65,75,86,2,10,21,21,25,26
2022/3/17,14,52,53,54,55,86,11,14,27,28,29,30
2022/3/19,20,41,61,67,73,83,4,4,10,18,24,27
2022/3/22,27,30,49,68,74,88,4,5,10,12,17,19
2022/3/24,15,35,37,48,62,77,6,7,11,21,29,30
2022/3/26,22,38,74,81,84,89,7,18,21,28,32,32
2022/3/29,9,32,48,55,68,72,2,12,16,23,23,35
2022/3/31,15,43,51,59,64,74,7,17,26,28,33,36
2022/4/2,24,35,45,54,65,68,4,5,7,8,16,30
2022/4/5,5,21,48,63,83,86,12,12,14,20,22,23
2022/4/7,11,20,42,43,51,86,10,14,16,17,23,24
2022/4/9,2,22,27,42,52,89,1,11,12,12,22,30
2022/4/12,15,27,32,51,74,77,5,8,16,18,29,33
2022/4/14,5,8,22,38,50,55,1,7,7,16,16,29
2022/4/16,7,21,25,69,76,77,1,7,19,21,22,23
2022/4/19,32,41,63,71,76,89,4,21,22,23,23,36
2022/4/21,17,32,46,49,77,88,2,3,13,25,26,27
2022/4/23,6,18,23,33,57,71,4,9,9,23,27,30
2022/4/26,20,44,62,64,67,78,3,5,7,13,14,22
2022/4/28,24,61,65,67,71,90,2,3,8,16,32,33
2022/4/30,22,25,34,52,72,85,1,4,12,15,31,32
2022/5/3,13,24,44,47,66,80,3,6,13,14,20,25
2022/5/5,25,31,37,38,77,82,6,6,6,11,15,23
2022/5/7,29,41,43,46,51,81,5,9,13,20,25,29
2022/5/10,25,37,47,55,73,81,1,1,11,20,28,30
2022/5/12,21,26,28,54,80,85,6,9,15,16,27,33
2022/5/14,13,19,39,42,73,83,10,12,13,19,25,34
2022/5/17,26,29,32,48,65,79,1,2,20,22,23,32
2022/5/19,2,9,13,39,40,89,0,2,10,17,18,30
2022/5/21,2,20,25,67,78,80,4,5,22,24,28,32
2022/5/24,22,24,25,32,46,73,4,9,21,24,25,27
2022/5/26,10,14,17,32,45,87,3,13,23,26,27,29
2022/5/28,27,42,55,65,84,90,0,2,3,19,24,32
2022/5/31,21,34,35,48,63,82,1,2,4,13,15,30
2022/6/4,2,35,41,43,65,71,0,2,9,18,31,33
2022/6/6,8,22,31,53,59,86,2,12,15,23,30,34
2022/6/7,21,31,49,69,77,90,3,9,9,14,19,23
2022/6/9,4,12,20,32,56,88,4,12,13,16,28,31
2022/6/11,5,8,18,28,33,59,0,2,9,9,15,20
2022/6/14,7,34,48,50,53,67,2,15,27,27,29,31
2022/6/16,31,54,56,60,66,82,5,9,12,24,31,33
2022/6/18,2,12,16,27,74,78,1,6,15,23,24,32
2022/6/21,12,16,32,46,60,83,0,4,18,24,25,38
2022/6/23,34,37,52,55,56,66,4,12,13,24,30,31
2022/6/25,4,30,42,46,58,89,4,15,20,21,25,34
2022/6/28,19,32,36,55,71,81,0,7,17,18,25,27
2022/6/30,6,9,12,16,32,79,2,13,13,17,20,27
2022/7/2,1,5,25,34,38,66,0,2,7,9,30,33
2022/7/5,16,17,49,66,82,86,9,10,16,16,31,32
2022/7/7,17,24,25,35,66,73,5,8,12,33,33,33
2022/7/9,28,31,41,51,70,83,0,11,15,30,35,36
2022/7/12,11,56,63,66,68,72,9,11,17,21,31,32
2022/7/14,3,11,28,39,65,75,7,13,18,27,35,40
2022/7/16,28,29,38,43,62,71,0,9,11,16,18,35
2022/7/19,2,17,27,44,78,79,0,10,17,19,21,24
2022/7/21,7,14,24,43,44,90,0,3,12,14,20,21
2022/7/23,29,32,46,56,66,90,9,18,22,25,28,32
2022/7/26,8,31,34,44,56,77,3,12,16,23,26,26
2022/7/28,19,20,22,54,72,88,12,16,19,24,26,30
2022/7/30,7,25,28,62,80,87,0,9,14,22,28,32
2022/8/2,9,25,26,49,68,74,7,10,13,18,21,31
2022/8/4,20,23,45,66,83,87,0,2,4,5,5,7
2022/8/6,1,21,29,40,42,58,3,5,9,20,31,32
2022/8/9,15,25,26,29,38,39,0,6,9,14,31,35
2022/8/11,6,32,34,56,58,87,0,5,12,13,28,29
2022/8/13,8,49,62,65,83,88,2,5,12,14,17,24
2022/8/16,13,19,59,74,81,84,10,14,21,31,32,39
2022/8/18,5,25,42,51,71,84,12,15,21,30,32,38
2022/8/20,19,28,31,58,77,85,3,5,9,18,28,35
2022/8/23,7,44,47,51,52,85,3,6,13,15,26,33
2022/8/25,33,41,42,84,86,88,2,13,14,14,19,28
2022/8/27,3,5,15,39,45,80,0,8,14,17,18,27
2022/8/30,6,11,23,45,57,75,10,18,25,26,26,30
2022/9/1,2,5,13,19,54,89,13,15,21,22,29,30
2022/9/3,22,25,30,37,44,76,0,18,24,26,31,33
2022/9/6,11,13,19,34,49,52,4,17,17,20,31,33
2022/9/8,18,26,39,50,71,90,3,8,13,18,30,31
2022/9/10,62,66,68,70,75,83,6,10,11,17,17,21
2022/9/13,5,9,16,20,23,69,7,13,25,31,32,40
2022/9/15,27,34,42,59,72,76,6,9,23,25,26,37
2022/9/17,1,10,14,18,42,60,0,16,19,23,25,27
2022/9/20,1,38,39,40,50,83,2,9,13,19,20,20
2022/9/22,15,30,42,65,75,81,1,3,11,23,26,30
2022/9/24,19,26,35,44,49,65,4,8,10,22,24,28
2022/9/27,5,22,42,49,62,63,0,7,7,12,23,35
2022/9/29,6,35,37,46,59,86,5,15,18,26,26,31
2022/10/1,3,11,14,26,67,82,2,2,24,31,35,37
2022/10/4,4,9,55,68,80,84,1,9,16,20,20,24
2022/10/6,10,20,28,62,70,87,0,2,2,8,30,32
2022/10/8,26,33,41,51,80,84,2,4,20,23,23,28
2022/10/11,1,33,35,39,46,58,1,5,25,26,27,30
2022/10/13,4,20,64,65,69,79,2,7,10,16,22,32
2022/10/15,12,26,34,69,74,83,2,9,9,12,13,26
2022/10/18,4,5,31,56,57,59,2,15,21,24,28,30
2022/10/20,6,8,39,65,67,69,6,9,14,21,23,34
2022/10/22,3,28,31,43,53,59,2,14,24,28,32,32
2022/10/25,1,19,41,48,68,71,6,19,22,22,28,30
2022/10/27,27,28,32,40,49,72,3,6,13,28,29,31
2022/10/29,15,32,66,74,79,86,6,7,16,27,29,30
2022/10/31,12,17,32,64,81,84,1,9,10,16,27,28
2022/11/3,10,15,37,40,43,59,5,14,20,21,27,30
2022/11/5,11,18,41,50,63,74,7,14,14,17,25,33
2022/11/8,15,31,33,44,46,73,12,13,14,19,26,29
