Ball Number,Point 1,Point 2,Point 3,Point 4,Point 5,Point 6,Point 7,Point 8,Point 9,Point 10,Point 11,Point 12,Point 13,Point 14,Point 15,Point 16,Point 17,Point 18,Point 19,Point 20,Point 21,Point 22,Point 23,Point 24,Point 25,Point 26,Point 27,Point 28,Point 29,Point 30,Point 31,Point 32,Point 33,Point 34,Point 35,Point 36,Point 37,Point 38,Point 39,Point 40,Point 41,Point 42,Point 43,Point 44,Point 45,Point 46,Point 47,Point 48,Point 49,Point 50,Point 51,Point 52,Point 53,Point 54,Point 55,Point 56,Point 57,Point 58,Point 59,Point 60,Point 61,Point 62,Point 63,Point 64,Point 65,Point 66,Point 67,Point 68,Point 69,Point 70,Point 71,Point 72,Point 73,Point 74,Point 75,Point 76,Point 77,Point 78,Point 79,Point 80,Point 81,Point 82,Point 83,Point 84,Point 85,Point 86,Point 87,Point 88,Point 89,Point 90,Point 91,Point 92,Point 93,Point 94,Point 95,Point 96,Point 97,Point 98,Point 99,Point 100,Point 101,Point 102,Point 103,Point 104,Point 105,Point 106,Point 107,Point 108,Point 109,Point 110,Point 111,Point 112,Point 113,Point 114,Point 115,Point 116,Point 117,Point 118,Point 119,Point 120,Point 121,Point 122,Point 123,Point 124,Point 125,Point 126,Point 127,Point 128,Point 129,Point 130,Point 131,Point 132,Point 133,Point 134,Point 135,Point 136,Point 137,Point 138,Point 139,Point 140,Point 141,Point 142,Point 143,Point 144,Point 145,Point 146,Point 147,Point 148,Point 149,Point 150,Point 151,Point 152,Point 153,Point 154,Point 155,Point 156,Point 157,Point 158,Point 159,Point 160,Point 161,Point 162,Point 163,Point 164,Point 165,Point 166,Point 167
1,9,47,5,4,47,16,21,38,72,42,26,2,23,35,12,40,60,24,2,16,21,3,86,54,7,23,14,2,89,19,37,26,63,4,10,49,3,57,35,5,65,3,25,98,24,18,7,19,42,9,35,47,12,4,47,61,11,10,14,7,14,16,9,133,52,25,33,23,31,21,11,84,213,27,38,2,26,44,5,23,75,28,7,26,9,42,5,11,35,56,7,56,12,5,102,26,75,105,49,32,56,14,40,19,7,70,4,124,16,70,10,23,68,44,23,56,66,39,21,89,5,23,51,54,16,30,3,114,10,7,32,28,33,5,11,35,42,98,17,137,35,42,3,21,14
2,12,2,47,19,4,5,5,18,52,37,19,2,156,70,33,98,93,101,2,26,7,46,38,14,2,40,7,18,47,51,14,28,147,10,21,9,79,189,2,43,11,28,19,16,42,17,46,14,227,60,40,26,32,5,5,186,7,5,21,35,2,35,75,7,16,3,7,21,18,7,5,121,35,19,14,28,16,35,31,25,91,21,19,51,42,24,9,26,32,10,39,12,9,35,49,10,18,33,5,16,12,114,49,84,14,44,133,38,130,122,53,19,54,44,19,77,4,33,33,72,163,40,2,14,14,31,44
3,12,33,16,2,3,9,68,114,44,185,18,80,44,51,3,42,18,10,11,26,37,5,84,30,28,54,37,147,19,65,31,9,47,53,45,44,42,19,28,48,52,14,84,7,9,3,70,11,10,7,11,10,11,10,16,84,58,122,46,18,66,17,140,116,21,9,110,33,4,131,14,3,7,16,19,93,100,28,26,33,53,38,53,5,65,17,25,21,3,48,15,2,40,65,65,159,9,3,37,105,9,91,77,70,28,10,109,40,19,2,12,14,56,62,54,3,128,44,35,21
4,42,14,10,4,38,30,37,17,13,8,25,12,75,30,16,12,19,16,2,31,7,9,70,33,32,42,58,1,6,17,107,138,2,68,5,39,210,84,96,2,12,7,33,2,89,4,45,37,40,70,112,79,21,7,35,177,17,14,32,38,28,16,4,3,7,37,14,12,86,52,98,16,12,7,28,9,2,14,5,21,2,10,119,16,30,14,21,73,77,53,66,137,70,49,17,46,40,14,79,42,73,37,35,26,14,58,114,12,33,9,2,12,40,4,159,2,68,98,84,75,135,16,101,9,5
5,44,89,18,12,19,72,26,42,16,47,72,63,65,5,28,7,16,80,44,19,21,35,32,28,5,27,106,58,31,65,30,5,16,42,38,72,58,24,39,5,58,9,5,42,17,2,51,38,53,40,19,4,52,7,168,16,12,25,7,19,9,262,13,17,9,77,49,31,154,121,12,107,2,12,21,91,35,19,4,19,2,61,56,49,107,28,56,14,47,9,17,149,9,3,49,30,7,54,18,63,12,61,9,4,47,33,42,26,23,7,84,19,98,2,19,105,18,10,63,9,58,21,47,9,5,12,14,21
6,7,42,45,21,18,12,54,46,59,35,49,9,16,12,2,31,11,54,16,14,17,16,114,52,3,36,19,47,4,3,21,21,30,7,96,65,21,26,11,12,12,32,5,65,28,10,53,10,9,4,26,10,14,4,72,5,17,4,19,12,63,88,61,9,96,23,47,47,21,11,7,5,84,47,67,17,7,2,19,4,63,56,5,9,54,35,37,40,138,9,44,51,40,21,28,17,11,7,35,26,23,3,11,21,47,5,21,11,3,53,91,30,5,31,16,5,37,82,23,12,2,5,7,49,35,53,63,7,24,4,5,159,7,149,12,11,28,35,7,61,2,16,3,100,45,74,5,5,44,12,46,3,14,2,23,9,19,42,56,68,42,19,30,21
7,9,72,8,30,16,19,16,208,21,28,16,96,9,31,74,44,66,14,98,5,7,70,30,44,12,23,231,35,19,18,92,35,175,9,21,7,96,16,30,31,23,37,52,53,24,16,11,31,42,21,35,7,2,19,26,95,14,7,47,65,17,30,91,124,39,14,49,19,44,103,5,91,7,18,28,7,42,56,35,14,5,75,35,25,21,24,42,18,9,3,112,14,98,19,23,9,10,53,12,112,58,26,19,42,9,2,14,26,47,44,40,14,42,11,35,77,28,3,23,9,38,4,21,126,59,37,9,24
8,16,7,119,7,28,24,46,28,108,37,2,17,81,45,37,103,25,7,70,19,30,82,21,9,24,2,23,12,100,21,54,32,43,16,40,16,37,14,24,42,74,56,17,44,65,126,21,26,44,12,35,12,109,98,5,47,30,4,66,2,5,2,68,19,35,44,21,9,40,2,3,39,45,4,28,47,96,46,59,25,23,3,2,70,24,53,42,5,61,25,3,65,187,20,63,8,51,53,8,16,5,63,18,70,38,11,3,11,33,40,91,119,2,81,43,28,44,70,9,42,33,21,152,30,53,5,45,18,68
9,70,23,23,3,11,61,63,16,28,32,10,84,75,26,4,10,7,4,33,44,12,63,5,70,46,3,74,19,9,28,7,7,33,9,66,4,17,70,14,11,11,45,5,37,73,30,12,23,30,21,47,105,2,122,2,82,9,7,51,21,12,93,49,5,14,18,29,36,1,5,56,11,66,88,24,2,2,26,9,80,58,72,19,23,45,14,11,3,60,3,30,19,7,18,14,3,9,58,61,5,107,96,37,7,19,11,33,28,16,14,14,119,10,23,56,30,63,119,10,23,12,16,44,24,46,93,71,6,29,2,42,26,2,21,30,31,23,30,52,7,4,112,7,12,47,27,43,4,3,11,24,51,42,33,42,21
10,14,2,14,75,67,5,38,74,21,168,21,31,4,17,11,54,28,47,21,9,30,73,9,56,119,5,7,23,91,37,12,117,2,7,33,18,24,22,24,45,60,28,126,24,4,14,7,10,2,7,5,79,68,11,56,12,2,119,38,14,9,23,17,9,23,10,14,121,12,107,30,10,67,5,14,5,18,45,32,28,77,17,123,31,2,110,35,49,23,16,42,31,18,16,15,21,53,19,54,16,42,72,42,12,7,112,2,35,33,16,42,73,91,44,2,12,40,23,42,40,74,21,10,25,24,28,14,23,26,14,51,49,18,3,14,19,114,114,19,28
11,7,42,35,11,12,84,9,52,25,52,23,14,37,124,14,7,23,152,2,10,49,74,12,2,7,7,82,7,14,33,44,84,2,3,18,7,89,16,7,94,20,1,22,3,35,14,63,87,27,1,11,47,44,42,33,54,9,7,42,35,2,5,26,37,16,7,56,45,2,72,14,63,10,74,24,72,30,24,74,5,16,7,35,89,7,12,51,19,44,9,12,2,7,96,35,16,40,51,5,12,91,25,19,23,45,16,14,14,19,93,42,40,7,16,7,77,28,110,67,3,2,44,38,4,12,89,179,96,5,30,26,21,23,5,81,28,38,23,4,101,96,2,47,7,25,35
12,26,7,56,2,21,40,37,28,110,121,121,47,14,11,1,7,14,37,2,35,10,21,11,101,2,77,49,9,7,24,32,33,42,33,32,40,63,9,40,9,3,11,3,58,5,86,105,9,10,4,31,14,37,12,2,5,44,2,70,40,7,21,26,18,77,33,7,12,93,68,44,91,56,28,28,19,4,7,42,42,31,7,23,28,5,16,16,49,3,11,143,35,56,25,40,7,16,19,75,42,35,21,65,37,35,19,12,16,11,85,109,12,35,21,28,16,28,173,49,51,28,21,49,19,19,100,131,23,37,45,9,175,9,3,9,107,16
13,7,10,51,65,33,68,53,52,16,51,73,25,24,58,2,7,21,26,16,66,14,58,16,103,58,14,24,16,9,10,4,54,49,51,3,37,12,46,28,28,52,2,44,24,32,45,16,175,84,93,47,21,21,49,54,23,16,7,21,35,31,37,37,61,33,2,79,59,11,178,46,49,59,32,7,12,2,215,5,18,152,68,18,21,12,96,133,14,28,21,49,14,11,14,21,70,112,19,2,7,7,98,52,37,47,2,7,98,7,19,51,58,126,45,25,3,25,73,11,5,89,16,5
14,1,5,53,75,16,3,7,77,137,28,28,38,72,2,28,21,96,43,62,23,19,5,38,71,24,57,69,46,5,14,51,12,149,23,59,135,5,49,12,14,2,11,45,47,32,17,11,19,14,51,10,39,21,40,42,16,63,35,152,77,2,19,23,21,3,88,31,2,28,26,14,21,16,16,82,46,52,9,12,19,14,32,33,9,59,39,61,2,19,28,14,149,70,28,7,5,51,7,63,52,42,91,123,17,37,21,152,16,37,35,14,84,5,14,9,110,47,44,2,3,7,35,14,16,26,95,33,70,56,58,14
15,5,58,96,70,2,7,70,35,38,49,49,28,44,16,75,63,28,9,3,95,28,101,46,68,9,7,59,30,54,30,2,52,58,2,9,31,9,40,61,81,5,21,23,17,16,14,61,34,17,40,16,14,44,63,10,35,28,4,17,70,11,24,70,70,93,47,63,2,28,33,51,2,26,68,4,126,14,42,3,65,28,9,19,30,26,63,70,32,17,44,19,79,96,14,35,2,3,9,5,53,31,18,10,28,18,19,12,2,2,33,2,28,17,14,39,24,72,16,5,12,88,26,42,26,18,10,18,45,28,7,9,14,47,16,39,12,3,49,58,35,16,40,21,19,39,3,7,7,16,7,12,119,18,26,37,5,5
16,88,2,65,75,72,17,25,17,67,28,68,2,49,42,14,7,14,12,37,19,65,20,71,6,148,24,11,21,33,5,32,61,7,25,94,35,61,30,42,9,68,7,40,23,2,10,4,3,56,42,4,21,3,60,73,21,37,65,24,111,2,45,10,95,24,107,14,126,7,75,93,16,14,110,5,14,42,2,14,5,2,7,44,33,84,21,7,23,5,2,7,73,49,51,96,9,14,9,26,19,25,21,21,38,2,12,39,47,9,3,49,4,38,79,7,23,28,3,14,107,7,16,17,32,26,23,26,33,21,7,18,77,105,31,37,131,30,12,102,3,9,5,70
17,14,17,14,58,35,9,10,53,40,12,16,72,3,39,33,154,5,9,47,67,3,30,35,51,7,54,16,21,26,103,67,7,38,109,3,25,33,21,23,23,24,56,65,91,10,18,147,19,19,16,9,87,39,17,84,2,47,93,26,28,30,14,23,5,12,25,3,2,9,24,14,2,5,30,58,12,2,26,33,7,9,58,26,68,42,18,45,32,33,9,12,46,85,21,4,56,10,2,9,33,30,47,2,3,23,35,19,46,94,77,46,21,70,12,23,79,24,14,63,25,33,33,19,2,56,61,18,19,14,30,21,89,133,70,14,75,7,7,18,12,119,35,40,2,12,104
18,5,116,89,135,3,7,35,18,49,47,5,4,61,26,14,128,9,84,26,49,2,12,2,5,33,49,254,54,49,30,54,4,150,107,14,77,2,28,33,79,5,28,89,14,14,23,26,25,80,11,12,49,7,35,26,9,47,53,10,28,51,9,73,4,12,7,33,21,16,14,16,7,23,15,46,35,5,68,35,30,2,56,26,12,104,120,65,26,28,16,12,200,7,66,21,42,14,37,142,126,7,7,94,2,12,25,47,23,72,148,9,89,65,44,49,89,9,49
19,18,37,14,40,14,39,17,49,11,3,16,14,54,9,70,9,42,30,10,7,21,12,28,9,9,10,51,7,47,21,53,40,86,14,75,28,5,95,40,2,54,9,3,63,30,5,112,16,86,47,5,39,7,26,9,26,7,44,26,16,19,23,19,30,5,23,82,7,42,5,44,26,60,5,20,62,11,52,2,30,24,49,9,65,5,2,26,54,25,17,60,3,30,35,72,84,52,14,7,65,7,23,19,37,52,16,19,30,33,2,30,28,10,51,2,17,7,37,9,14,35,114,31,2,35,31,21,39,154,17,105,9,121,19,5,67,14,3,70,7,11,12,5,7,39,12,40,95,35,3,4,45,42,18,119,45,30,19,4,12,5,18,31
20,21,14,28,14,4,131,23,47,30,66,42,86,26,2,75,63,4,30,31,5,18,35,54,12,23,16,54,112,14,42,102,8,16,2,61,2,45,21,7,9,9,87,72,9,63,28,14,14,26,2,45,14,65,63,28,44,14,45,7,7,4,26,9,54,68,30,19,42,35,32,24,28,74,12,2,17,7,4,52,65,16,175,5,14,117,18,19,51,7,33,114,68,47,2,16,12,37,138,28,2,140,24,18,10,49,16,7,5,14,4,19,14,9,110,14,14,84,30,28,129,20,24,68,39,7,19,35,19,63,46,3,4,61,79,19,19,25,19,49,7,40,23,7
21,70,2,107,17,4,42,7,73,28,23,7,37,10,168,88,31,7,65,9,19,12,16,7,2,21,5,35,14,9,31,44,5,21,35,7,51,2,31,2,100,77,10,9,131,11,24,28,23,23,10,51,16,5,26,2,12,37,44,40,58,24,56,16,103,9,16,28,101,9,56,5,14,9,2,31,4,68,35,34,57,273,2,17,21,11,12,33,16,19,2,21,37,17,35,56,32,3,18,49,178,51,12,7,2,42,28,49,35,14,5,46,45,88,26,12,49,11,17,4,7,52,7,98,9,16,59,2,77,40,42,102,38,37,16,5,28,12,16,12,14,18,80,9,33,28,11,26,19,7,60
22,21,2,103,35,35,98,95,14,21,110,117,35,4,26,30,7,35,21,105,80,16,75,4,18,80,24,16,68,42,6,17,19,39,3,65,7,35,2,17,91,25,38,4,35,49,7,19,44,31,37,5,23,63,23,19,12,18,7,7,63,91,19,2,112,5,37,3,67,12,51,63,3,25,45,11,42,7,49,10,42,7,74,21,47,2,26,30,14,21,35,24,42,37,100,35,26,89,16,54,81,16,45,16,7,12,19,112,7,44,16,40,56,93,10,14,60,33,19,2,5,93,121,49,19,26,2,14,54,32,31,11,14,5,16,24,13,52,37,24
23,16,14,61,33,44,37,66,72,16,21,3,2,63,33,65,72,24,28,9,63,23,68,98,21,12,21,4,17,18,7,3,84,11,5,21,9,14,49,16,71,32,10,30,86,52,123,54,54,16,35,33,121,100,17,49,7,28,37,9,26,40,51,14,126,51,24,105,11,73,39,82,21,35,152,32,66,123,61,21,26,74,31,4,3,16,9,5,7,28,7,16,42,24,156,2,3,32,124,44,3,16,33,91,9,7,47,42,77,168,18,166,12,14,49,4,84,103,26,14
24,5,7,28,70,28,21,19,39,52,7,11,24,58,7,9,14,3,23,93,3,102,12,9,187,35,7,8,144,4,12,9,10,7,21,9,14,86,10,58,30,17,70,30,37,24,30,14,79,31,2,16,12,14,16,70,75,65,38,58,54,2,33,30,56,9,10,25,14,105,14,17,74,7,33,70,33,4,7,47,9,26,40,11,122,42,7,16,23,35,47,7,63,7,47,2,82,18,21,9,21,15,4,12,44,110,68,7,30,12,16,37,154,68,14,173,147,49,46,7,3,16,16,54,133,42,19,91,23,5,4,5,40,46,14,21,26,5,21,44,14
25,12,2,40,65,21,21,103,54,14,23,35,7,35,21,21,14,63,2,75,106,27,2,10,2,7,19,16,21,58,40,107,5,5,67,5,12,14,44,21,28,28,9,73,16,49,9,12,35,12,28,42,30,23,21,40,117,35,14,21,65,16,38,30,72,10,60,10,9,16,47,56,35,47,7,23,12,49,32,19,2,101,65,5,2,33,4,5,42,9,56,23,15,42,14,30,42,37,10,86,40,2,79,12,7,21,28,12,67,52,77,4,38,133,35,44,26,9,16,94,58,7,7,44,185,56,69,3,14,4,54,38,77,23,7,9,82,12,2,7,67,31,65,14,5,5,11,3,39,5,23,3,7,9,16
26,52,112,18,14,3,39,33,42,5,21,11,7,17,11,38,11,124,44,7,17,53,49,14,33,128,12,28,9,49,17,79,26,23,65,14,68,72,21,5,77,37,45,53,31,42,30,12,39,14,47,5,49,49,53,14,28,3,28,2,19,30,23,14,4,55,4,35,16,45,12,35,2,2,7,45,39,61,9,31,9,35,47,56,11,14,68,30,5,23,75,16,87,7,37,9,52,28,37,47,118,120,18,40,84,21,2,89,35,7,19,2,56,12,63,60,28,3,14,77,51,21,2,16,71,39,12,30,40,224,14,105,98,5,77,7,30,16,7,7,7
27,7,58,54,21,33,27,5,84,59,16,47,88,49,129,9,42,23,124,19,35,37,21,89,7,7,14,49,23,30,56,40,5,16,33,65,37,47,7,7,21,37,10,23,35,23,31,84,2,40,14,77,6,24,12,2,82,70,79,9,10,65,84,21,61,42,86,5,21,95,40,19,147,2,28,65,19,35,44,68,58,10,4,49,75,5,44,2,40,5,4,35,49,14,19,21,70,19,16,7,5,130,3,294,4,98,3,11,122,4,7,5,61,4,40,12,2,7,2,28,45,58,12,81,21,38,18,3,46,21,31,58,42
28,26,70,109,47,33,12,112,49,14,46,61,77,117,70,56,77,74,7,3,21,21,21,2,54,7,9,75,28,39,28,51,17,12,254,9,54,14,56,23,19,7,5,114,9,66,11,14,21,33,20,66,47,34,13,2,72,82,9,7,19,19,46,28,5,5,105,35,2,86,42,66,48,8,37,7,47,16,9,63,31,30,7,7,23,68,47,30,5,58,37,47,46,36,30,16,10,23,84,25,64,60,7,21,35,26,74,59,19,14,7,16,23,7,87,14,16,23,3,9,42,51,24,16,75,107,21,77,30,28,5,2,14,21,47,16,5
29,62,26,23,30,35,12,19,14,2,63,7,7,140,5,16,14,21,124,44,63,103,4,14,42,17,49,4,21,38,39,3,2,82,93,12,56,37,16,59,9,114,28,40,33,14,196,74,52,7,7,32,7,7,5,89,46,19,21,5,21,28,60,54,112,12,44,51,12,9,17,35,35,9,33,9,23,14,77,31,105,14,28,70,25,7,5,7,2,5,124,2,63,51,42,31,37,14,9,33,96,65,26,67,14,45,4,33,7,30,5,2,54,19,2,40,2,70,23,17,16,56,28,5,39,61,44,26,16,150,133,21,74,10,60,7,14,3
30,42,175,54,16,6,31,45,11,24,7,11,47,49,42,37,17,53,45,63,28,31,67,37,63,40,4,26,9,3,4,10,4,75,33,14,30,14,19,137,94,2,126,58,24,14,39,157,30,40,70,105,32,26,84,2,7,38,14,4,59,42,60,5,12,49,2,7,44,10,9,23,45,9,91,12,16,163,31,51,33,56,58,54,105,35,44,19,32,3,9,7,63,47,11,45,49,16,79,14,51,12,73,79,5,46,26,86,17,35,42,37,47,42,7,74,77,24,20,17,9,45,95,70,19
31,20,16,79,5,23,19,44,35,70,12,135,19,23,80,53,10,4,3,14,35,28,7,84,30,16,5,56,23,119,3,81,3,77,18,84,7,19,42,46,5,96,30,35,42,80,51,79,35,14,42,19,9,10,7,4,10,32,5,12,2,114,7,14,28,75,5,4,14,45,44,44,38,2,19,65,47,84,7,9,42,44,45,7,16,14,2,12,77,219,12,9,91,33,30,10,9,21,19,58,40,56,14,7,81,66,18,91,14,5,16,12,44,112,82,89,14,23,30,54,58,19,70,9,61,21,19,53,49,45,30,5,58,32,1,9,23,17,25,59,4,17
32,14,2,5,68,36,38,7,3,58,54,16,21,23,7,17,9,93,7,28,28,54,14,33,2,21,12,9,58,21,3,7,14,35,23,2,73,28,74,66,7,121,14,33,30,37,45,70,32,5,2,17,2,56,19,28,2,47,128,77,89,2,40,7,7,7,35,56,6,101,2,38,44,9,59,28,35,4,5,14,2,5,7,91,2,28,17,14,14,30,2,19,35,7,51,73,46,10,16,23,38,79,7,23,12,23,19,51,7,24,63,65,58,14,21,31,9,14,16,94,70,30,2,10,21,30,21,28,12,21,77,7,56,14,4,3,18,264,19,14,4,87,49,81,47,35,16,96,51,17,14,7,2,26,7,2,14,12,7,2,23,19,77,2,2
33,14,5,14,77,8,38,3,18,70,12,49,37,87,20,36,18,17,7,93,28,168,86,77,33,7,37,21,10,81,28,7,45,53,10,14,4,28,38,119,11,7,12,44,35,5,16,3,42,81,52,9,51,10,14,4,26,100,24,39,46,59,38,2,28,5,23,2,24,30,77,16,12,5,11,91,5,44,14,38,14,198,2,47,19,58,21,58,17,23,14,21,16,21,19,14,14,11,64,7,58,21,5,21,95,56,42,5,82,39,7,3,2,28,2,28,7,70,5,28,75,151,5,2,14,73,65,35,5,28,65,63,103,2,103,7,2,42,51,49,75,44,3,28
34,48,44,7,98,30,12,19,9,5,9,12,42,16,9,10,42,14,42,21,9,10,42,4,19,107,61,96,4,41,34,42,5,58,82,49,16,19,9,16,42,70,10,7,37,16,14,14,54,33,14,81,10,2,12,23,23,45,35,44,42,9,28,49,122,70,130,54,9,35,24,11,17,4,3,9,28,40,46,73,56,25,19,16,19,9,24,4,3,28,16,21,91,23,26,33,49,4,52,27,5,3,77,28,60,12,56,35,70,28,14,9,14,47,7,47,28,25,117,26,35,9,128,24,95,73,88,24,77,16,72,87,18,52,30,33,44,5,51,51,31,14,9,9,24,16,26,9,30
35,3,10,16,21,89,39,10,2,9,101,16,96,7,4,178,18,49,26,9,19,21,9,28,20,36,17,30,16,5,14,5,2,40,28,60,38,126,70,18,17,25,80,11,63,5,21,33,2,12,14,14,18,52,35,4,77,52,46,115,125,26,3,7,7,65,14,100,47,23,24,28,98,123,61,30,14,61,2,24,14,58,5,35,25,9,36,109,21,5,19,32,21,45,4,35,10,2,12,98,102,7,61,14,154,2,59,11,33,5,23,21,5,60,35,10,58,42,7,2,17,2,44,19,21,23,12,51,7,14,7,5,63,135,115,2,23,26,7,42,9,59,4,33,79,5,12
36,7,12,16,40,37,30,33,86,10,9,18,31,7,63,140,16,84,119,28,40,44,7,73,35,28,9,114,96,35,23,17,18,140,38,32,5,14,33,74,3,21,4,28,94,35,53,33,75,18,38,28,49,53,5,5,16,12,4,56,54,30,19,19,44,19,9,16,28,91,143,18,126,3,53,7,42,33,51,21,143,28,114,23,80,4,23,10,14,16,9,3,16,52,98,32,12,30,28,91,10,11,40,12,193,38,2,58,49,7,21,38,32,5,68,4,42,19,131,9,131
37,33,51,6,20,39,84,5,14,9,33,98,14,28,70,2,3,23,82,67,19,51,3,14,4,75,44,5,35,68,16,2,5,23,19,35,14,14,2,42,28,115,76,38,19,35,28,14,35,16,21,105,21,51,5,79,52,114,86,23,5,96,48,115,168,126,12,7,23,42,42,91,5,7,33,37,9,12,33,2,9,59,25,96,37,33,61,23,7,5,28,65,68,6,19,35,28,10,21,7,35,2,42,5,16,14,16,10,2,30,40,33,7,18,154,47,14,21,26,30,21,9,26,16,52,4,33,37,14,19,35,2,19,2,119,12,7,28,2,61,42,5,44,72,26,35
38,24,21,30,16,49,3,2,7,14,35,12,32,21,3,156,14,14,21,14,23,5,33,63,7,2,33,11,21,66,11,21,14,19,28,51,10,21,9,82,2,65,70,38,7,2,12,7,39,33,9,49,58,14,12,12,103,86,25,38,114,24,11,24,4,63,42,28,28,45,30,5,81,33,7,16,12,58,21,59,53,17,23,25,10,26,14,28,23,19,4,75,14,154,40,2,96,35,9,12,70,14,23,9,19,63,19,58,33,49,16,2,91,10,18,7,17,28,70,16,35,12,121,16,10,88,70,52,53,38,23,23,5,14,26,49,21,2,56,49,2,19,82,37,26,16,12,2,9,10,35,28,16,2,28,19,21,58,14,24,42
39,10,16,2,56,5,19,7,81,5,68,23,33,93,19,7,16,159,30,2,23,3,5,158,75,26,35,16,100,3,28,4,24,42,16,7,9,40,7,21,63,9,28,14,28,7,31,14,30,28,26,2,40,32,45,4,28,10,30,5,4,14,66,53,28,12,54,16,7,16,40,12,46,24,53,44,19,7,7,42,26,103,14,32,26,7,105,91,56,60,5,19,63,14,42,91,37,19,2,75,5,4,38,51,26,16,35,19,39,17,7,11,33,2,23,43,23,163,56,17,100,100,45,42,4,26,35,14,16,45,23,9,14,9,29,18,17,32,47,5,23,9,68,156,33,65,5,56,26,18,12,12,21,9
40,4,15,30,12,14,35,4,12,73,7,9,5,42,21,32,28,19,33,4,3,21,49,114,19,2,58,17,91,77,2,40,123,61,86,17,79,28,42,7,37,101,123,38,32,82,47,44,47,9,21,26,11,66,95,16,61,35,10,37,44,28,49,33,23,26,14,68,28,14,116,54,21,35,26,4,119,12,21,56,35,44,12,82,7,2,84,2,5,86,31,65,68,4,2,10,70,37,42,82,14,9,24,4,21,28,10,49,67,19,91,19,16,2,5,21,86,35,47,7,7,5,83,31,21,12,18,33,21,16,3,39,47,63,77,79,45,37,7
41,44,82,54,18,12,26,7,2,40,11,61,110,70,23,86,21,3,18,33,40,23,75,25,10,49,25,3,23,5,7,16,6,29,23,26,26,2,54,37,89,53,12,33,44,40,28,4,59,28,2,21,21,12,7,25,47,77,9,14,7,35,66,39,38,30,5,9,21,12,21,58,49,61,39,47,21,26,21,11,24,9,51,12,65,73,42,77,2,42,7,9,21,91,42,45,56,2,63,28,12,53,101,4,10,2,30,24,2,5,23,133,114,28,49,52,7,72,128,3,2,68,37,56,65,5,12,84,53,3,28,35,18,47,72,14,5,42,11,75,7,31,18,28,35,47,44,17,11
42,32,208,21,9,136,175,4,12,44,80,7,11,47,58,14,14,12,19,102,26,68,84,25,5,14,30,10,14,4,3,74,10,42,16,35,16,7,42,89,49,7,58,3,2,2,108,25,7,45,14,4,87,9,44,5,56,119,20,20,18,7,24,25,12,79,38,84,2,7,61,39,126,180,28,19,7,114,16,105,3,11,35,31,23,65,24,49,39,9,40,14,19,7,44,54,14,9,17,11,12,2,33,14,61,18,168,19,23,35,14,89,51,24,2,2,103,7,16,73,9,26,30,51,89,2,35,14,28,42,12,7,21,2,5,5
43,9,35,24,21,2,16,11,76,56,14,16,86,21,66,21,18,26,86,56,59,7,4,42,12,14,23,35,17,21,35,4,45,79,33,2,2,5,19,86,86,21,49,67,45,28,28,47,56,2,21,38,9,75,6,50,32,82,12,9,12,53,42,10,105,72,21,12,137,33,75,63,4,89,9,3,11,28,12,7,49,30,68,5,91,177,35,19,9,7,14,21,40,32,94,21,14,63,21,37,19,25,12,26,4,5,79,10,42,32,10,53,35,5,12,44,26,56,168,2,7,35,47,46,7,3,48,1,18,24,2,7,61,67,24,11,45,44,28,7,30,28,42,5,93,12
44,12,49,78,34,74,38,7,63,49,28,4,26,140,58,47,15,43,21,84,3,7,79,44,10,11,47,28,61,16,61,25,73,58,98,54,140,14,2,5,32,56,49,73,20,113,53,5,2,3,86,9,12,7,7,7,30,5,40,65,37,82,28,152,11,28,3,11,42,40,19,30,5,4,26,26,42,74,63,28,2,96,24,21,53,24,25,5,5,2,47,35,16,23,103,21,142,126,5,72,10,7,11,56,82,33,84,44,91,77,9,14,33,16,5,35,23,3,79,12,18,59,14,56,7,77,2,5,28,11,21,45
45,4,56,84,28,10,11,17,18,10,65,9,77,28,9,5,3,70,2,35,30,49,24,23,28,7,14,40,4,19,7,65,10,9,35,14,7,2,5,7,9,38,130,5,44,10,63,91,39,112,17,149,9,61,12,28,37,37,42,14,17,25,45,25,33,14,5,16,21,26,51,68,18,33,9,14,28,24,42,11,47,61,16,19,37,47,14,11,3,18,21,52,4,28,56,17,11,26,19,72,37,14,19,35,26,35,11,10,21,58,21,12,9,16,3,62,26,45,39,47,28,32,12,66,95,61,26,18,3,69,10,30,10,7,79,2,28,52,4,3,18,10,63,14,32,33,5,37,19,46,17,7,32,35,54,56,16,112,54,70,23,3
46,35,75,198,31,23,33,11,19,19,2,2,7,5,28,68,7,25,28,3,63,72,58,154,7,42,49,21,35,10,70,51,7,21,12,21,14,11,117,19,100,21,98,44,80,14,23,25,33,84,52,16,33,15,14,66,12,5,32,5,12,37,79,42,14,26,9,7,26,21,5,207,17,172,21,49,5,12,14,16,39,3,5,28,4,3,37,7,5,46,19,47,35,121,49,16,28,3,46,7,31,72,44,10,56,11,47,110,9,2,40,75,4,35,17,16,35,30,73,37,16,68,28,119,26,98,93,16,17,28,4,28,68,12,28
47,14,28,49,28,7,16,12,58,2,35,3,35,39,12,44,21,14,61,49,2,3,9,7,61,23,9,5,84,28,9,96,105,82,2,5,65,23,19,46,8,53,5,56,30,33,49,7,42,7,21,33,14,9,28,26,11,35,66,46,3,9,35,9,26,7,42,51,131,26,49,72,9,5,82,4,84,24,39,140,24,23,75,9,26,4,23,5,21,24,149,58,3,7,20,5,66,28,63,7,9,54,4,5,18,38,9,33,9,38,14,14,63,2,5,4,61,9,31,4,19,23,26,9,31,42,25,17,21,32,105,89,72,24,2,26,2,30,5,26,25,33,70,26,74,10,37,14,58,31,6,29,11,19,7,54,7,105
48,106,21,12,2,54,40,112,21,42,16,5,72,21,5,18,10,21,25,10,37,42,19,7,60,38,32,47,77,19,43,38,194,5,77,74,19,30,63,56,10,49,65,28,16,5,53,15,25,73,37,12,7,4,17,11,7,107,17,21,7,18,5,42,7,3,32,38,30,16,26,40,11,45,62,19,42,61,26,56,11,24,21,2,5,28,4,52,11,33,19,25,12,77,9,19,35,9,33,2,10,2,28,26,11,14,16,12,5,30,3,21,230,15,60,133,10,21,9,5,114,26,9,12,39,33,180,9,12,42,30,35,23,10,35,28,7,14,112,67,21,7,5,7,37,21,12,35,5,7,42,14,14,133
49,14,168,16,12,18,7,24,14,11,12,21,33,30,9,5,5,21,18,26,5,23,28,35,49,5,11,5,12,7,16,54,23,7,47,25,49,10,25,24,11,118,34,54,14,4,17,49,16,37,28,19,51,38,6,52,5,25,42,5,28,58,42,24,42,44,21,47,21,9,26,74,21,73,16,112,14,147,49,16,12,65,49,21,7,7,5,54,14,42,60,21,12,12,25,31,49,9,5,161,23,30,7,126,17,63,39,17,63,44,26,14,44,14,7,2,26,14,37,19,33,28,98,18,40,91,40,76,47,5,5,16,14,58,3,23,49,30,61,19,18,10,56,18,3,32,12,33,56,18,10,28,35,30,47,28,28,11,24,18,3,30
50,38,7,24,60,87,42,60,5,13,1,105,7,7,40,30,2,7,12,12,35,42,30,7,68,37,9,38,23,49,33,32,5,149,5,56,131,42,2,21,12,60,63,164,25,56,12,121,58,38,56,44,12,42,56,221,1,9,5,7,14,30,5,53,21,3,14,77,9,70,2,3,128,119,16,80,53,17,53,68,7,21,2,47,65,31,28,37,56,5,2,18,5,3,84,23,119,75,9,2,61,7,23,26,2,10,32,19,79,136,60,14,12,23,94,74,84,79,19,3,79,61,86,12,46
51,7,23,16,108,14,21,4,68,33,14,30,37,3,9,112,14,14,16,26,54,28,25,17,133,35,25,3,9,2,26,16,104,39,23,21,5,21,32,28,54,98,16,12,32,5,5,19,18,17,198,77,89,7,4,3,9,28,84,44,5,16,31,77,135,7,44,110,16,21,42,10,11,19,19,11,38,4,28,21,12,70,72,17,44,7,2,7,28,68,56,16,110,2,5,7,16,38,16,107,21,5,12,11,45,14,53,10,46,24,51,2,35,10,7,25,54,2,96,2,14,3,30,77,82,37,105,12,56,7,7,28,37,7,7,56,40,93,40,74,26,49,7,5,25,63,40,5,46
52,2,28,28,91,7,98,9,19,30,24,2,7,30,38,100,16,45,79,21,2,14,7,35,14,41,4,42,2,117,16,12,37,5,11,68,2,73,28,32,10,72,33,23,56,7,12,11,3,42,21,4,3,2,5,72,7,16,26,96,9,9,28,14,28,17,44,19,28,2,44,40,26,56,23,14,124,18,33,100,42,19,5,34,19,40,12,4,61,30,7,31,63,16,67,31,49,47,2,96,2,21,5,49,63,18,26,26,16,9,12,28,19,114,95,24,2,28,7,17,23,5,16,23,89,30,5,9,21,40,9,5,2,5,9,98,47,23,24,65,19,16,56,82,2,19,16,96,4,33,40,58,91,14,2,12,7,23,21,54,61,14
53,10,14,95,52,112,2,35,5,9,2,199,63,2,5,136,120,56,33,37,26,9,19,2,3,44,12,28,30,58,10,74,47,30,7,33,7,16,66,6,22,2,16,26,117,21,23,44,45,77,21,53,26,2,31,11,5,7,28,27,43,142,38,2,107,12,70,149,68,26,44,21,89,23,44,187,23,14,17,28,163,5,4,66,39,131,58,96,21,35,7,77,5,9,135,24,51,21,12,28,7,72,14,65,59,4,24,42,4,59,100,7,47,2,81,8,130
54,42,26,19,9,11,26,80,23,56,35,110,25,3,9,21,19,7,7,28,4,19,23,10,14,11,10,11,12,2,10,16,7,22,13,21,23,17,32,10,23,12,30,23,63,14,47,33,37,30,7,12,9,5,12,46,33,30,110,34,8,77,32,8,14,11,28,61,51,26,2,37,29,35,2,42,25,3,5,67,14,117,9,42,14,70,89,61,60,5,5,7,15,73,49,12,19,2,7,18,19,38,25,59,46,108,30,42,2,10,18,24,23,2,3,88,138,5,74,40,16,35,49,14,38,30,58,33,28,2,31,58,40,86,30,17,79,68,56,104,17,19,35,95,3,30,44,73,44,84,16,40,35,42,35
55,2,2,12,58,31,18,3,49,100,5,4,26,23,31,7,11,28,10,35,20,15,39,17,79,30,80,21,21,4,26,5,42,25,59,7,14,65,26,7,9,40,58,12,4,49,3,25,26,5,9,189,12,95,45,2,19,30,9,33,30,7,12,25,10,184,19,68,21,23,9,31,88,21,19,9,5,33,53,21,24,16,54,11,7,73,28,14,28,135,5,44,72,84,133,21,3,18,10,62,61,3,44,2,42,7,28,5,9,31,23,2,17,25,84,2,52,30,17,14,84,2,61,23,26,42,16,37,5,82,39,31,9,9,21,24,14,11,10,21,4,166,44,45,9,14,47,21,58,37,40,12,16,26,18,26,5,98
56,98,21,3,7,11,19,7,21,40,28,81,68,100,14,35,47,12,56,56,32,12,19,18,66,67,12,16,49,7,3,11,5,14,30,5,42,40,9,11,61,63,12,40,4,17,130,42,87,30,19,91,39,10,21,18,26,7,9,7,52,28,16,21,9,40,75,4,5,12,4,7,28,10,13,17,16,108,60,26,7,16,3,28,7,23,12,4,56,23,26,12,7,65,40,28,5,58,70,49,5,4,91,73,53,45,30,44,7,16,47,14,47,7,26,30,42,12,49,14,184,2,45,14,34,47,33,112,21,44,38,86,23,19,12,56,56,2,47,18,21,49,68,58,89,7,7,19,11,3,16,68
57,67,19,35,39,80,14,2,18,87,28,45,4,45,16,9,5,54,21,37,7,79,17,28,70,2,14,5,7,44,2,31,44,110,30,2,33,2,54,19,21,90,8,44,56,21,44,5,75,9,5,42,16,2,5,40,9,19,23,70,16,42,133,35,40,49,23,7,5,21,70,9,10,74,31,30,54,7,23,28,35,74,57,23,37,87,21,16,61,7,25,21,14,84,54,19,88,19,68,23,72,3,30,12,105,7,107,16,47,37,9,66,21,7,44,24,25,17,58,37,17,23,21,103,11,42,38,25,12,32,54,19,93,10,53,52,74,129,49
58,35,112,10,11,3,23,23,26,58,103,7,28,9,14,122,46,126,38,2,2,7,77,10,9,16,10,18,17,11,19,9,7,35,82,100,5,5,16,44,45,37,2,98,61,2,150,21,37,82,63,2,5,56,70,11,21,19,16,38,2,12,4,31,1,10,26,2,49,47,33,32,21,80,42,70,14,53,17,23,19,53,136,7,2,12,51,7,12,72,28,5,25,59,23,54,23,100,24,16,28,182,18,64,16,19,25,17,14,84,32,42,24,70,4,73,35,60,10,56,30,58,35,33,12,21,7,77,58,72,51,22,9,23,112,42,5,9,52
59,21,10,51,12,102,26,12,63,7,86,12,25,91,5,72,68,154,139,3,175,68,21,42,77,23,7,14,52,4,3,79,30,19,42,156,3,2,5,23,35,49,47,9,21,19,28,2,5,23,14,26,53,3,4,10,70,7,4,59,9,131,126,16,2,17,16,35,12,7,2,5,37,30,19,42,145,4,17,28,9,14,9,24,79,63,7,135,77,49,3,32,14,3,9,84,16,5,28,54,11,5,40,35,18,3,11,17,14,51,107,49,38,7,11,91,70,16,57,18,59,4,10,28,2,37,12,9,31,23,54,7,21,18,19,12,37,67,5,66,30,14,19,4,12
60,145,2,33,2,12,54,18,234,198,233,12,26,42,7,45,29,26,63,12,23,54,63,39,3,25,7,14,17,35,23,236,7,4,59,14,7,116,3,77,32,7,157,11,3,39,164,11,31,51,12,14,21,154,23,42,7,35,26,35,35,9,21,5,25,7,38,4,75,7,23,14,24,74,142,71,7,186,5,30,38,9,79,17,46,17,7,37,21,23,24,46,5,75,46,103,5,30,47,7,21,16,51,24,7,4,3,4,112,14,24,2,26,4,7,12,75,14,107,5,88
61,4,5,44,14,10,88,19,2,38,72,19,13,66,16,38,9,63,75,25,12,35,5,42,9,16,208,5,39,31,156,6,76,70,23,12,42,2,20,62,39,47,9,17,46,12,30,7,40,7,84,26,2,33,74,5,7,42,23,52,112,14,30,26,30,14,16,5,28,56,9,14,82,14,89,11,40,35,9,5,7,2,19,12,37,5,212,5,58,77,19,35,35,158,26,26,42,4,66,28,60,28,44,57,32,94,14,11,77,96,9,38,60,33,2,12,23,21,45,25,10,18,112,12,14,9,12,44,40,21,26,6,82,40
62,7,2,31,11,21,5,19,51,77,20,15,4,1,23,5,7,21,65,19,16,9,94,56,48,36,42,11,17,11,38,21,74,73,9,21,7,30,33,35,28,54,49,14,9,35,40,35,72,21,33,32,5,5,11,77,38,16,2,66,21,4,21,3,53,10,65,30,24,30,16,42,10,28,72,65,40,16,14,66,14,30,34,29,56,49,28,12,130,52,39,28,40,42,61,16,96,39,59,32,7,21,26,21,12,30,112,49,30,14,14,40,40,32,38,11,68,110,30,110,25,38,27,61,45,18,26,35,28,14,28,16,14,42,33,44,7,3,77,49,44,33,81,14,14,28,17,9
63,21,79,19,9,33,9,7,35,40,18,21,28,10,9,26,4,192,25,54,30,47,12,9,42,107,3,16,26,30,21,54,23,42,40,16,49,26,60,84,5,63,2,80,11,66,9,5,35,60,21,96,56,51,26,44,3,102,10,46,38,9,105,26,84,4,53,6,9,33,11,54,28,40,11,24,16,19,107,51,3,18,28,10,49,91,39,75,5,58,54,9,96,51,12,74,54,14,9,10,23,2,7,31,42,14,14,37,16,38,56,37,9,66,95,110,107,21,33,26,4,35,33,28,33,4,70,63,19,2,66,14,42,42,77,39
64,1,14,61,26,13,3,26,102,47,61,65,26,7,11,33,14,19,18,49,12,21,68,60,33,47,147,32,12,107,14,73,58,49,14,23,117,9,12,23,17,72,5,14,7,4,35,17,16,14,5,14,37,42,37,7,40,7,5,37,47,46,68,19,4,28,47,264,219,9,73,25,42,45,21,37,30,21,63,31,48,24,77,46,61,47,16,19,7,30,28,52,7,21,60,12,40,74,42,26,124,30,28,33,28,128,7,110,39,28,110,79,5,23,3,23,33,49,11,3,56,14,37,26,170,18
65,2,30,10,4,24,23,161,14,49,40,51,16,61,14,58,19,33,9,9,35,3,74,47,44,17,63,2,9,89,138,18,19,21,33,16,70,7,33,35,23,30,103,5,2,40,25,84,66,14,49,21,37,2,80,74,66,16,110,35,18,5,9,21,35,31,53,42,5,30,31,37,7,12,4,66,28,30,7,7,2,21,40,5,42,4,2,64,16,63,23,115,16,5,16,7,35,9,3,79,5,63,30,2,47,40,16,19,105,2,68,20,12,7,12,21,63,28,21,5,2,14,5,11,42,40,9,31,56,20,33,45,74,35,45,2,9,21,24,53,38,7,11,17,14,100,33,51,16,24,18,26,19,11,7,40,30,40,2,19,7
66,6,126,7,32,68,61,9,23,7,5,28,72,21,19,49,40,9,12,79,5,133,9,82,102,94,74,49,19,40,2,21,23,72,10,25,61,19,35,7,42,5,126,51,7,5,9,2,82,12,14,44,12,21,35,9,79,31,70,21,2,26,16,79,14,5,19,16,89,32,38,25,54,33,11,33,65,3,14,37,14,37,54,19,98,70,28,35,9,58,40,33,9,16,33,35,4,29,35,11,89,56,47,4,10,23,33,18,14,33,23,5,11,19,21,63,21,17,2,121,10,35,51,128,12,16,21,12,33,16,21,61,56,42,2,12,25,3,55,3,5,46,5,54,44,7,9,3,2,5,11,12,37,49
67,33,72,21,7,30,47,9,31,60,63,21,5,2,26,12,11,7,14,24,2,65,10,18,3,23,30,58,26,87,18,28,14,40,7,14,21,49,33,4,63,24,14,2,48,34,53,24,4,45,14,28,46,49,7,21,19,9,17,4,17,46,108,4,35,47,5,14,23,49,21,96,16,82,49,16,82,28,15,55,121,91,16,5,7,2,19,91,2,38,37,5,16,56,30,10,86,51,63,10,30,91,61,14,49,2,42,16,28,7,17,37,40,112,21,65,33,14,14,34,3,68,39,17,72,105,23,5,35,21,2,24,39,12,68,67,40,110,25,14,12,67,45,30,38,2,23,24,109,19
68,21,10,74,59,23,63,96,16,26,4,5,40,16,5,14,18,31,98,28,9,58,21,77,89,26,9,47,60,17,14,21,42,11,38,9,86,52,4,26,161,12,20,47,5,61,107,37,47,30,19,26,4,84,3,4,96,44,2,61,3,4,24,2,77,28,28,23,140,35,21,52,4,21,5,23,45,21,4,47,21,2,7,7,2,40,70,147,10,2,5,16,35,35,51,28,45,11,38,21,39,28,7,40,44,24,18,49,33,58,24,9,21,23,56,24,4,73,11,17,11,21,73,16,5,56,23,42,30,47,70,33,4,3,7,56,21,21,32,17,35,9,30,10,16,9,35,21,17,7,4,101,21,39,24,21
69,58,10,7,21,37,12,35,2,28,10,49,46,73,2,5,14,56,9,7,33,18,10,28,32,49,16,1,14,66,34,7,19,14,63,49,14,16,35,75,25,7,17,25,52,4,5,28,75,18,75,14,30,5,56,72,91,47,2,42,7,3,118,5,10,23,9,31,25,10,49,25,38,91,30,40,51,72,5,82,44,210,70,16,91,19,26,2,58,3,51,2,12,28,9,38,7,25,10,28,65,72,5,86,5,110,56,18,19,39,15,16,23,33,182,21,5,2,14,77,21,12,44,33,14,44,2,12,84,16,75,30,24,70,163,51,52,98,30,2,5
70,12,9,124,23,37,10,2,30,32,1,19,4,21,35,70,7,80,16,5,18,19,7,47,70,53,10,7,32,47,79,147,61,56,19,18,108,21,16,40,112,37,26,21,11,21,3,2,105,9,5,7,47,28,30,12,2,16,12,21,16,59,25,52,2,16,87,130,3,27,3,96,53,143,30,84,72,110,2,38,9,12,7,93,124,35,9,121,56,17,21,84,16,47,18,26,79,77,31,105,109,21,45,11,31,32,7,35,30,66,30,112,10,35,53,54,7,19,193,63,26
71,77,23,3,2,4,8,126,25,31,21,81,33,19,44,5,53,56,5,98,19,21,28,9,35,72,10,14,67,35,10,56,2,12,23,91,37,54,16,38,86,40,25,17,2,9,47,35,70,47,39,12,191,63,7,42,105,52,18,31,25,80,6,19,12,26,16,5,100,14,14,12,7,51,12,67,66,16,37,87,7,98,4,5,42,30,47,60,5,19,2,12,19,49,23,19,21,44,54,84,16,9,119,114,115,77,79,19,5,35,14,35,126,51,23,26,40,4,49,7,42,28,45,56,98,4,5,37,24,18,33,21,47
72,2,31,44,21,21,12,7,35,21,11,222,40,53,17,11,28,3,2,84,9,61,26,28,2,8,60,46,66,18,3,25,17,128,51,17,39,54,96,154,11,31,11,7,38,32,24,60,45,32,91,7,70,31,84,14,42,102,21,70,73,81,7,17,21,11,61,12,18,63,47,117,23,126,7,23,17,9,7,26,23,44,33,21,19,7,4,31,42,14,7,2,56,14,12,14,88,94,23,9,7,59,60,12,28,9,45,4,5,7,12,7,7,200,108,58,7,2,7,3,14,4,19,7,11,31,5,67,19,37,45,11,115,32,73,16,49,42
73,37,12,75,2,30,101,4,19,9,19,9,28,54,103,28,81,70,49,269,23,77,7,21,72,35,68,37,96,28,33,32,12,9,61,47,91,37,5,60,59,35,23,12,14,30,21,7,16,63,21,7,18,34,30,9,5,30,21,54,142,35,101,46,94,63,49,14,23,16,98,14,56,45,7,14,58,30,2,99,9,12,114,2,17,51,35,18,33,96,42,89,35,42,105,4,66,16,7,16,5,16,3,46,28,17,4,138,40,60,31,2,63,9,17,23,16,31,4,16,12,40,23,52,4,10,44,124
74,35,18,33,56,47,4,19,21,5,44,2,26,2,40,5,81,12,107,45,2,42,5,4,24,11,16,50,46,21,3,21,25,10,18,10,18,31,53,3,4,19,77,2,14,94,32,28,10,2,16,63,12,21,30,3,81,35,10,53,28,63,80,4,17,4,21,45,72,37,17,21,72,103,23,23,108,37,37,5,26,21,51,2,33,2,10,84,2,135,110,5,4,10,35,4,5,7,19,6,73,7,103,51,33,4,17,25,56,19,2,16,38,21,49,221,47,7,17,14,119,9,7,14,56,12,91,4,17,28,84,84,81,28,42,40,5,32,38,104,24,19,4,3,28,4,5,12,67,45,14,60,14,7
75,44,9,26,86,17,49,60,28,124,35,16,3,14,18,24,25,40,63,21,5,11,54,68,42,21,60,3,7,7,2,35,21,28,33,14,14,4,17,11,54,14,7,7,7,19,4,28,17,23,37,3,11,105,56,7,3,2,2,80,9,7,42,2,5,37,12,12,11,68,5,60,28,63,26,16,157,102,26,42,47,2,33,39,133,31,2,9,23,40,107,8,4,12,63,14,84,5,7,7,25,7,10,14,11,7,70,28,101,14,49,6,8,28,14,39,70,143,65,12,2,40,49,18,28,12,9,94,37,16,54,16,54,28,14,35,7,63,23,49,33,9,17,14,32,98,14,49,17,9,7,89,121,47,11,12
76,9,89,37,33,70,5,32,10,58,100,12,201,28,2,23,47,75,30,16,45,14,32,24,128,82,51,2,19,26,35,42,65,35,14,19,9,16,84,7,35,68,12,14,25,9,8,63,2,33,21,46,68,30,10,63,28,14,116,7,93,1,133,79,2,82,44,3,14,63,16,47,16,23,38,11,10,9,2,7,10,63,77,133,4,33,105,21,19,2,49,7,77,21,16,5,28,7,65,14,17,30,54,21,16,30,26,12,184,4,47,73,42,11,3,2,72,10,46,26,40,2,33,44,2,3,2,7,9,7,70,7,5,51,35,35,3,137,12
77,4,21,33,5,21,2,21,9,33,9,10,23,21,19,7,30,9,7,26,7,70,98,58,21,26,2,42,17,28,4,35,154,68,19,11,12,37,21,52,51,16,10,28,7,23,12,2,12,37,14,28,23,5,18,59,33,63,16,35,93,89,44,33,65,73,44,7,86,10,23,19,2,54,30,19,70,28,25,45,16,7,2,26,30,7,28,24,28,100,2,3,42,23,40,7,23,12,21,7,95,7,12,9,10,44,37,19,47,42,42,30,35,28,7,25,33,7,5,70,2,7,3,46,30,82,28,61,107,21,3,16,12,11,7,54,200,1,37,33,67,42,17,2,33,53,91,3,37,2,12,7,5,46,10,23,14,9,5,35,19,4,5,14,33,49,25
78,38,21,2,42,23,35,10,151,30,68,5,65,3,4,10,53,21,5,130,11,29,7,3,70,23,12,58,16,7,35,19,26,32,24,105,7,46,24,7,4,38,42,21,35,60,40,35,56,68,25,7,14,3,35,23,51,33,21,12,28,16,12,2,98,12,14,2,21,117,49,27,3,5,7,14,21,16,5,28,9,16,5,14,7,16,122,51,107,26,40,25,7,24,4,47,42,75,7,11,7,19,12,16,16,80,18,84,19,26,60,147,59,23,30,19,23,5,58,26,51,98,61,5,2,51,70,7,42,5,23,17,30,2,80,35,28,53,3,7,42,25,5,47,116,38,4,5,103,25,28,31
79,18,61,55,34,2,44,124,7,56,16,38,32,17,7,25,7,19,26,18,49,31,39,89,12,21,7,4,24,16,14,21,9,75,9,12,23,59,11,10,2,58,61,14,70,7,19,21,35,21,142,70,11,99,72,23,5,28,2,14,19,26,18,26,21,35,14,21,28,2,26,19,46,40,19,2,56,14,26,16,42,47,70,74,17,11,138,56,21,44,12,19,35,4,3,32,7,17,44,96,25,112,42,21,14,5,7,28,23,17,18,10,44,30,42,38,37,54,30,12,2,44,3,28,28,21,4,7,3,32,3,53,17,23,100,24,2,46,47,10,72,7,72,54,75,46,56,12,28,12,30,9,31,77,44,19,86,16
80,86,135,143,39,10,7,86,40,11,24,35,147,7,9,14,35,9,84,19,5,53,77,47,16,96,30,31,44,72,17,16,12,2,5,25,80,93,47,49,79,105,56,7,100,14,49,12,119,12,4,10,39,26,28,61,65,5,11,10,11,7,89,114,3,2,47,58,2,52,4,21,24,14,32,21,12,21,49,7,19,7,11,47,107,5,28,70,28,37,19,9,28,7,49,14,14,19,119,23,14,33,21,28,2,35,12,12,4,47,19,65,65,7,3,9,5,30,82,9,5,116,5,126,14,2,14,10,90,66,2,3,4,52,9,9,70,28,38,4
81,84,72,56,21,26,53,21,108,189,2,33,51,93,61,9,56,26,21,23,73,11,21,3,42,35,9,51,77,7,19,49,42,2,35,24,39,17,37,56,14,2,26,16,7,56,66,46,14,14,26,2,7,133,24,53,14,28,3,18,17,105,4,24,28,30,37,19,11,3,21,9,26,37,101,46,31,18,24,7,53,10,2,16,66,63,18,3,25,56,28,45,79,9,21,14,28,5,9,26,14,12,39,7,35,24,238,11,87,28,18,5,58,12,19,100,11,26,94,60,35,14,82,14,30,5,84,26,53,35,24,32,3,11,10,25,42,3,49,49,37,39
82,26,11,77,31,32,3,28,35,4,14,3,32,17,21,109,23,82,24,18,5,12,60,3,84,16,68,7,37,47,109,70,77,7,42,35,17,35,32,31,21,16,47,21,11,5,54,56,4,59,9,16,47,42,9,3,14,35,4,14,31,88,63,5,56,16,14,10,2,9,59,9,96,95,17,56,15,76,18,56,68,16,19,16,28,54,147,4,3,9,5,40,7,11,24,128,2,26,7,35,14,9,31,14,9,100,42,10,46,40,26,2,2,38,42,16,7,12,25,12,35,58,26,26,21,14,44,12,95,5,47,14,7,88,7,14,75,51,47,75,121,5,60,96,26,16,19,88
83,70,3,58,49,42,23,7,42,26,2,21,38,4,87,11,24,51,2,7,26,16,70,33,26,11,21,14,35,19,100,45,59,20,16,24,30,7,16,42,31,4,45,2,33,35,37,19,29,15,5,84,4,21,94,25,5,16,31,14,126,9,61,93,7,37,40,14,40,42,37,2,19,35,19,21,28,84,25,18,1,7,42,77,9,47,19,51,26,9,5,28,2,89,14,4,75,14,23,12,2,24,60,28,59,81,3,4,24,11,47,5,37,40,21,77,63,9,14,37,5,35,91,28,12,16,30,38,11,33,110,95,17,11,133,63,12,40,25,5,47,51,37,47,19,30,33,18,17,39,38,18,26,9,28,10,25
84,26,30,7,35,47,21,58,21,52,30,49,46,17,40,7,7,88,17,107,7,14,51,17,18,19,93,61,22,34,16,19,30,5,41,24,59,7,53,10,16,19,7,4,42,17,11,31,2,9,26,2,35,21,21,35,17,16,40,233,84,7,30,42,38,20,15,30,35,26,58,33,77,2,21,16,10,9,12,107,42,82,21,14,28,35,16,47,4,42,63,89,33,133,11,49,61,77,9,7,31,4,52,4,21,73,23,19,56,7,44,9,10,30,9,24,121,14,93,40,23,38,9,56,60,73,5,81,14,40,7,112,46,47,28,63,80,2,7,40,4,23
85,26,5,37,35,19,21,88,10,51,40,51,12,28,11,28,35,12,2,28,68,7,16,12,33,84,9,12,7,4,14,40,9,10,123,14,59,58,65,12,6,10,7,3,60,26,37,91,42,40,19,32,10,18,45,2,12,4,28,42,115,79,9,49,17,2,107,28,12,20,85,14,16,9,15,39,52,95,17,14,67,7,38,25,3,32,17,4,17,16,12,2,21,2,24,7,21,11,35,19,26,32,19,9,19,79,3,14,37,14,2,35,54,11,31,9,5,40,4,35,101,53,17,142,19,18,5,23,12,19,21,191,12,25,12,14,2,66,7,37,84,26,23,37,3,140,32,14,14,14,56,24,32,28,75,72,12,100,3
86,79,129,14,77,4,38,44,42,68,9,23,10,7,7,2,9,26,26,72,23,5,9,52,9,19,16,86,7,84,17,46,38,11,3,60,70,19,70,100,14,5,65,28,10,49,93,5,91,65,30,7,24,58,28,9,10,79,93,26,44,5,19,25,4,6,30,5,35,18,56,3,11,54,58,12,30,3,35,2,19,23,54,16,56,12,20,3,7,2,56,5,28,2,7,7,3,25,45,25,33,5,25,52,72,40,93,9,17,74,26,30,45,23,23,3,32,5,82,30,51,84,31,60,26,54,18,28,96,2,19,9,26,75,25,26,63,7,5,23,51,19,30,12,12,18,40,75,2,19,2,60,29,51,35,30
87,21,72,49,56,33,42,37,21,103,84,30,16,38,49,81,45,21,2,5,84,74,28,33,26,28,14,4,73,42,4,61,2,28,45,9,96,4,45,4,33,37,35,3,32,5,9,10,32,24,9,5,53,14,17,102,10,46,73,56,23,9,7,3,63,16,14,42,49,51,19,7,12,16,28,12,72,30,28,19,2,49,56,10,137,40,35,194,67,84,26,105,9,14,35,37,14,15,2,5,14,23,23,21,14,31,70,70,16,12,48,26,49,70,24,74,5,14,37,42,5,21,61,35,11,3,16,35,26,16,2,7,21,5,91,2,31,23,35,9,89,65,5,7,56
88,38,109,28,10,9,9,24,49,9,46,19,17,4,47,5,98,21,37,14,33,93,63,65,40,63,30,12,30,31,56,37,21,75,28,32,45,44,61,14,16,44,59,18,7,66,7,86,51,31,30,2,19,68,100,23,10,2,12,39,159,28,5,49,14,2,40,11,26,32,94,2,17,95,45,11,112,101,95,23,10,5,81,10,23,2,17,32,35,79,136,53,12,21,10,11,21,17,4,21,5,9,122,23,58,38,46,157,2,79,45,2,56,7,93,40,28,2,5,33,72,5,23,14,12,51,54,30,49,49,16,12
89,51,5,23,14,44,7,10,9,56,149,105,7,26,63,89,9,9,16,4,34,128,21,28,40,163,21,17,2,21,19,16,30,31,16,26,86,23,75,5,7,21,13,78,32,5,30,49,14,7,10,102,12,9,66,14,28,7,49,16,70,5,30,51,117,26,53,17,37,40,39,12,19,16,19,4,96,12,9,2,201,5,16,14,147,28,33,49,4,10,28,2,9,17,9,112,14,47,28,25,5,33,23,16,12,79,12,2,24,14,72,47,7,83,36,154,70,16,12,39,19,51,3,35,4,10,21,4,26,21,35,12,16,16,24,39,47,21,12,11,14,56,14,10,30,37,68
90,28,30,9,21,54,70,44,12,12,42,53,33,5,7,4,31,2,2,21,7,38,56,7,11,3,16,40,23,14,5,32,3,42,58,14,12,14,37,5,16,2,19,47,22,17,17,16,16,12,126,26,102,12,14,70,47,7,21,11,12,82,63,14,46,70,19,7,23,31,18,28,75,98,60,3,2,54,7,12,18,3,28,37,112,2,82,5,11,94,7,9,32,57,9,70,23,101,2,33,49,18,59,4,56,3,11,65,22,30,37,17,53,75,56,16,52,49,11,3,9,28,2,5,19,21,7,60,3,72,16,24,46,3,32,248,60,9,17,19,58,21,110,23,9,52,198,30,10,44,2,47
