17,28 / 9 / 2006
19,25 / 2 / 2004,26 / 2 / 2011
20,1 / 8 / 2009
21,7 / 6 / 2007,31 / 12 / 2016,30 / 6 / 2016,10 / 9 / 2022
22,24 / 1 / 2017
23,29 / 8 / 2006,6 / 8 / 2009
24,7 / 1 / 1999,28 / 11 / 2006,19 / 9 / 2006,13 / 3 / 2008,19 / 2 / 2009,21 / 12 / 2013,25 / 7 / 2013,9 / 8 / 2022
25,29 / 1 / 2000,24 / 5 / 2011,11 / 9 / 2018,21 / 9 / 2019
26,31 / 5 / 2003,13 / 9 / 2011,31 / 1 / 2013
27,22 / 7 / 2010,26 / 4 / 2018,20 / 10 / 2020,27 / 4 / 2021
28,10 / 4 / 1999,31 / 12 / 2001,2 / 1 / 2014,26 / 11 / 2016,8 / 5 / 2021
29,22 / 7 / 1998,14 / 2 / 1998,13 / 6 / 2001,31 / 12 / 2005,25 / 3 / 2006,4 / 3 / 2006,3 / 11 / 2011,5 / 3 / 2013,22 / 8 / 2015,6 / 5 / 2017,23 / 6 / 2020
30,5 / 7 / 2003,26 / 4 / 2008,19 / 4 / 2008,29 / 10 / 2009,2 / 9 / 2014,19 / 12 / 2020
31,20 / 10 / 2001,11 / 8 / 2001,26 / 3 / 2005,5 / 5 / 2011,20 / 7 / 2013,10 / 12 / 2016,24 / 11 / 2016,13 / 7 / 2021
32,3 / 12 / 2002,10 / 1 / 2006,11 / 3 / 2014,24 / 11 / 2015,26 / 1 / 2017,17 / 12 / 2020,5 / 6 / 2021,23 / 6 / 2022
33,27 / 10 / 2001,31 / 8 / 2002,26 / 11 / 2003,9 / 12 / 2006,1 / 9 / 2009,12 / 10 / 2010,18 / 5 / 2010,15 / 10 / 2015,20 / 9 / 2016,28 / 8 / 2021,18 / 1 / 2022
34,10 / 10 / 1998,25 / 5 / 2005,23 / 10 / 2012,13 / 12 / 2018,30 / 10 / 2018,18 / 5 / 2019,24 / 4 / 2021,10 / 2 / 2022
35,20 / 9 / 2003,16 / 7 / 2003,13 / 12 / 2005,17 / 11 / 2005,28 / 7 / 2005,2 / 9 / 2006,2 / 5 / 2008,17 / 11 / 2009,4 / 12 / 2010,2 / 2 / 2012,31 / 10 / 2013,28 / 10 / 2014,15 / 7 / 2014,19 / 9 / 2017,25 / 5 / 2019,28 / 1 / 2021
36,29 / 11 / 2000,5 / 1 / 2002,22 / 3 / 2003,5 / 1 / 2005,19 / 5 / 2007,5 / 2 / 2009,21 / 9 / 2010,6 / 8 / 2013,4 / 3 / 2014,14 / 8 / 2021
37,27 / 5 / 1998,8 / 3 / 2000,17 / 2 / 2001,26 / 10 / 2006,2 / 1 / 2007,10 / 12 / 2009,21 / 5 / 2009,3 / 6 / 2010,12 / 1 / 2010,21 / 10 / 2014,14 / 5 / 2015,7 / 1 / 2015,21 / 11 / 2019
38,4 / 7 / 1998,28 / 8 / 1999,7 / 11 / 2001,27 / 7 / 2002,22 / 1 / 2003,26 / 6 / 2004,11 / 8 / 2007,24 / 7 / 2007,7 / 7 / 2009,8 / 7 / 2010,19 / 6 / 2012,21 / 11 / 2013,17 / 12 / 2016,4 / 10 / 2016,16 / 2 / 2016,6 / 7 / 2017,17 / 6 / 2017,19 / 9 / 2019,17 / 8 / 2019,13 / 10 / 2020,14 / 12 / 2021,22 / 6 / 2021,30 / 1 / 2021
39,3 / 6 / 1998,23 / 1 / 1999,7 / 3 / 2001,25 / 10 / 2003,8 / 9 / 2004,31 / 3 / 2004,14 / 3 / 2006,31 / 12 / 2009,27 / 10 / 2009,23 / 11 / 2010,15 / 6 / 2010,16 / 2 / 2010,18 / 6 / 2016,6 / 12 / 2018,25 / 8 / 2018,20 / 3 / 2018,22 / 6 / 2019,16 / 3 / 2019,5 / 12 / 2020
40,18 / 2 / 1998,14 / 8 / 1999,3 / 3 / 1999,18 / 1 / 2003,20 / 12 / 2007,27 / 3 / 2007,25 / 6 / 2009,4 / 4 / 2009,30 / 12 / 2010,11 / 11 / 2010,24 / 8 / 2010,16 / 8 / 2014,15 / 1 / 2015,1 / 3 / 2016,21 / 11 / 2017,26 / 8 / 2017,13 / 6 / 2017,16 / 7 / 2020,4 / 7 / 2020,30 / 9 / 2021,20 / 5 / 2021,6 / 2 / 2021
41,18 / 10 / 2000,26 / 11 / 2005,18 / 3 / 2006,27 / 3 / 2010,27 / 12 / 2011,24 / 3 / 2012,20 / 11 / 2014,11 / 11 / 2014,3 / 11 / 2014,6 / 6 / 2015,11 / 6 / 2016,10 / 5 / 2016,19 / 5 / 2018,27 / 2 / 2018,2 / 4 / 2019,10 / 9 / 2020,1 / 8 / 2020,13 / 2 / 2021,9 / 2 / 2021,6 / 9 / 2022
42,17 / 6 / 2000,21 / 3 / 2001,14 / 3 / 2001,23 / 10 / 2002,11 / 10 / 2003,10 / 9 / 2003,24 / 7 / 2004,15 / 11 / 2005,5 / 2 / 2005,11 / 2 / 2006,20 / 11 / 2008,15 / 7 / 2010,1 / 9 / 2011,9 / 2 / 2012,18 / 4 / 2013,5 / 5 / 2014,15 / 3 / 2014,23 / 7 / 2015,19 / 8 / 2017,5 / 11 / 2018,11 / 6 / 2019,22 / 10 / 2020,10 / 8 / 2021
43,4 / 9 / 1999,4 / 11 / 2000,30 / 9 / 2000,28 / 9 / 2002,6 / 11 / 2004,20 / 9 / 2005,16 / 3 / 2006,7 / 1 / 2006,27 / 11 / 2008,29 / 7 / 2008,24 / 7 / 2008,17 / 6 / 2008,16 / 5 / 2009,31 / 7 / 2010,29 / 7 / 2010,5 / 1 / 2010,30 / 8 / 2011,3 / 2 / 2011,25 / 1 / 2011,21 / 8 / 2012,29 / 5 / 2012,3 / 1 / 2012,28 / 12 / 2013,10 / 4 / 2014,5 / 7 / 2016,9 / 11 / 2017,13 / 11 / 2018,7 / 6 / 2018,4 / 6 / 2018,10 / 5 / 2018,5 / 1 / 2019,19 / 3 / 2020,23 / 9 / 2021,3 / 7 / 2021,16 / 7 / 2022,8 / 1 / 2022
44,1 / 12 / 1999,3 / 2 / 1999,18 / 4 / 2001,9 / 3 / 2002,13 / 11 / 2004,14 / 7 / 2004,3 / 7 / 2004,3 / 12 / 2005,6 / 6 / 2006,2 / 11 / 2007,16 / 6 / 2007,12 / 9 / 2009,4 / 5 / 2010,15 / 11 / 2011,11 / 6 / 2011,3 / 5 / 2011,15 / 12 / 2012,10 / 4 / 2012,6 / 6 / 2013,6 / 11 / 2014,16 / 1 / 2014,27 / 6 / 2015,14 / 7 / 2016,3 / 7 / 2018,31 / 8 / 2019,9 / 5 / 2020,12 / 10 / 2021,1 / 6 / 2021,18 / 2 / 2021,2 / 4 / 2022
45,20 / 5 / 1998,17 / 1 / 1998,6 / 2 / 1999,23 / 2 / 2000,3 / 1 / 2000,1 / 9 / 2001,29 / 10 / 2005,6 / 8 / 2005,12 / 8 / 2006,21 / 3 / 2006,24 / 12 / 2007,31 / 3 / 2007,1 / 3 / 2007,9 / 8 / 2008,24 / 6 / 2008,21 / 2 / 2008,10 / 1 / 2008,23 / 5 / 2009,24 / 7 / 2010,29 / 4 / 2010,2 / 7 / 2011,7 / 4 / 2011,24 / 12 / 2012,30 / 8 / 2012,18 / 3 / 2014,5 / 11 / 2015,9 / 5 / 2015,25 / 8 / 2016,23 / 1 / 2016,13 / 10 / 2018,21 / 7 / 2018,30 / 6 / 2018,29 / 3 / 2018,31 / 10 / 2019,28 / 9 / 2019,8 / 2 / 2022
46,24 / 11 / 1999,20 / 3 / 1999,6 / 3 / 1999,31 / 3 / 2001,17 / 1 / 2001,13 / 1 / 2001,27 / 11 / 2002,6 / 12 / 2003,6 / 3 / 2004,10 / 1 / 2004,1 / 10 / 2005,23 / 7 / 2005,19 / 10 / 2006,4 / 8 / 2007,18 / 9 / 2008,16 / 9 / 2008,3 / 7 / 2008,28 / 6 / 2008,11 / 8 / 2009,24 / 3 / 2009,5 / 3 / 2009,26 / 6 / 2010,4 / 6 / 2011,26 / 3 / 2011,18 / 8 / 2012,12 / 7 / 2012,7 / 9 / 2013,7 / 10 / 2014,10 / 6 / 2014,15 / 4 / 2014,3 / 12 / 2015,17 / 2 / 2015,5 / 2 / 2015,7 / 6 / 2016,25 / 11 / 2017,27 / 12 / 2018,17 / 7 / 2018,12 / 4 / 2018,24 / 12 / 2019,4 / 7 / 2019,3 / 11 / 2020,4 / 11 / 2021,2 / 1 / 2021,24 / 9 / 2022,25 / 1 / 2022
47,19 / 12 / 1998,28 / 10 / 1998,28 / 3 / 1998,3 / 4 / 1999,13 / 5 / 2000,19 / 9 / 2001,3 / 1 / 2001,2 / 5 / 2002,9 / 7 / 2003,24 / 11 / 2004,12 / 6 / 2004,8 / 9 / 2005,5 / 7 / 2005,16 / 9 / 2006,22 / 6 / 2006,8 / 4 / 2006,21 / 8 / 2007,15 / 7 / 2008,11 / 3 / 2008,21 / 11 / 2009,3 / 6 / 2009,15 / 1 / 2009,3 / 1 / 2009,28 / 9 / 2010,19 / 6 / 2010,25 / 10 / 2011,14 / 6 / 2011,1 / 3 / 2012,28 / 11 / 2013,15 / 5 / 2014,17 / 11 / 2015,15 / 9 / 2015,8 / 9 / 2015,30 / 12 / 2017,26 / 9 / 2017,21 / 3 / 2017,29 / 12 / 2018,18 / 12 / 2018,29 / 10 / 2019,5 / 9 / 2019,28 / 3 / 2019,23 / 7 / 2020,5 / 5 / 2020,11 / 1 / 2020,31 / 7 / 2021,15 / 5 / 2021,20 / 1 / 2022
48,11 / 7 / 1998,25 / 3 / 2000,28 / 7 / 2001,22 / 6 / 2002,25 / 5 / 2002,17 / 9 / 2003,16 / 8 / 2003,2 / 7 / 2003,2 / 8 / 2005,16 / 11 / 2006,15 / 7 / 2006,24 / 5 / 2007,30 / 12 / 2008,13 / 12 / 2008,20 / 5 / 2008,8 / 5 / 2008,1 / 3 / 2008,3 / 9 / 2009,24 / 2 / 2009,21 / 2 / 2009,2 / 1 / 2009,22 / 5 / 2010,4 / 1 / 2011,2 / 10 / 2012,6 / 9 / 2012,4 / 6 / 2012,6 / 3 / 2012,24 / 1 / 2012,19 / 10 / 2013,24 / 8 / 2013,30 / 9 / 2014,19 / 4 / 2014,12 / 12 / 2015,30 / 7 / 2015,10 / 2 / 2015,29 / 10 / 2016,19 / 7 / 2016,2 / 7 / 2016,28 / 5 / 2016,29 / 3 / 2016,24 / 8 / 2017,20 / 6 / 2017,8 / 6 / 2017,8 / 11 / 2018,11 / 10 / 2018,16 / 8 / 2018,14 / 11 / 2019,6 / 4 / 2019,17 / 11 / 2020,17 / 3 / 2020,4 / 12 / 2021,26 / 10 / 2021,7 / 8 / 2021,24 / 6 / 2021,10 / 3 / 2022
49,6 / 10 / 1999,7 / 7 / 1999,9 / 12 / 2000,12 / 6 / 2002,25 / 1 / 2003,20 / 11 / 2004,5 / 6 / 2004,12 / 1 / 2006,9 / 8 / 2007,19 / 7 / 2007,9 / 6 / 2007,26 / 4 / 2007,11 / 12 / 2008,30 / 8 / 2008,20 / 10 / 2009,6 / 10 / 2009,19 / 5 / 2009,7 / 5 / 2009,23 / 3 / 2010,6 / 9 / 2011,1 / 2 / 2011,4 / 9 / 2012,7 / 6 / 2012,3 / 4 / 2014,16 / 4 / 2015,6 / 12 / 2016,27 / 9 / 2016,7 / 4 / 2016,14 / 12 / 2017,8 / 8 / 2017,30 / 5 / 2017,19 / 1 / 2017,12 / 6 / 2018,12 / 5 / 2018,8 / 1 / 2018,27 / 6 / 2019,15 / 9 / 2022,3 / 3 / 2022
50,6 / 12 / 1997,20 / 6 / 1998,29 / 7 / 2000,27 / 4 / 2002,23 / 3 / 2002,29 / 11 / 2003,28 / 5 / 2003,5 / 3 / 2003,10 / 3 / 2004,23 / 5 / 2006,27 / 10 / 2007,2 / 8 / 2007,17 / 2 / 2007,23 / 12 / 2008,3 / 11 / 2008,2 / 8 / 2008,5 / 4 / 2008,3 / 2 / 2009,23 / 2 / 2010,10 / 12 / 2011,18 / 8 / 2011,23 / 7 / 2011,7 / 4 / 2012,3 / 10 / 2013,30 / 5 / 2013,14 / 5 / 2013,13 / 4 / 2013,18 / 11 / 2014,14 / 10 / 2014,25 / 3 / 2014,18 / 7 / 2015,11 / 7 / 2015,19 / 11 / 2016,16 / 6 / 2016,23 / 11 / 2017,12 / 10 / 2017,10 / 6 / 2017,24 / 11 / 2018,2 / 3 / 2019,27 / 8 / 2020,21 / 1 / 2021,9 / 1 / 2021,14 / 4 / 2022
51,25 / 7 / 1998,2 / 2 / 2000,19 / 1 / 2000,22 / 9 / 2001,25 / 7 / 2001,3 / 3 / 2001,26 / 1 / 2002,30 / 4 / 2003,2 / 4 / 2003,3 / 11 / 2004,29 / 12 / 2005,20 / 6 / 2006,13 / 5 / 2006,26 / 4 / 2006,6 / 12 / 2007,30 / 10 / 2007,8 / 11 / 2008,9 / 10 / 2008,11 / 9 / 2008,29 / 4 / 2008,10 / 4 / 2008,26 / 11 / 2009,12 / 11 / 2009,31 / 3 / 2009,9 / 11 / 2010,27 / 7 / 2010,24 / 11 / 2012,15 / 9 / 2012,16 / 8 / 2012,9 / 6 / 2012,8 / 5 / 2012,29 / 3 / 2012,7 / 5 / 2013,16 / 9 / 2014,7 / 6 / 2014,27 / 5 / 2014,22 / 12 / 2015,19 / 9 / 2015,27 / 12 / 2016,26 / 3 / 2016,14 / 9 / 2017,3 / 8 / 2017,1 / 6 / 2017,6 / 10 / 2018,24 / 4 / 2018,20 / 6 / 2019,2 / 2 / 2019,30 / 7 / 2020,13 / 3 / 2021,16 / 6 / 2022,24 / 5 / 2022,17 / 2 / 2022,5 / 2 / 2022
52,5 / 12 / 1998,12 / 6 / 1999,15 / 1 / 2000,4 / 6 / 2001,21 / 8 / 2002,3 / 8 / 2002,1 / 6 / 2002,15 / 3 / 2003,22 / 5 / 2004,13 / 10 / 2005,20 / 4 / 2005,9 / 4 / 2005,4 / 11 / 2006,1 / 8 / 2006,29 / 7 / 2006,2 / 5 / 2006,18 / 12 / 2007,7 / 8 / 2007,3 / 4 / 2007,13 / 9 / 2008,10 / 7 / 2008,6 / 6 / 2009,21 / 4 / 2009,7 / 1 / 2009,7 / 12 / 2010,26 / 8 / 2010,15 / 10 / 2011,9 / 8 / 2011,26 / 5 / 2011,28 / 4 / 2011,5 / 3 / 2011,9 / 8 / 2012,28 / 2 / 2012,10 / 1 / 2012,14 / 11 / 2013,10 / 10 / 2013,23 / 5 / 2013,9 / 5 / 2013,14 / 2 / 2013,8 / 1 / 2013,24 / 12 / 2014,15 / 11 / 2014,18 / 10 / 2014,4 / 9 / 2014,30 / 8 / 2014,8 / 3 / 2014,7 / 11 / 2015,2 / 4 / 2015,4 / 8 / 2016,16 / 7 / 2016,26 / 4 / 2016,22 / 8 / 2017,2 / 5 / 2017,22 / 3 / 2018,5 / 10 / 2019,6 / 8 / 2019,15 / 9 / 2020,18 / 3 / 2021,7 / 5 / 2022
53,25 / 11 / 1998,7 / 11 / 1998,7 / 1 / 1998,2 / 12 / 2000,28 / 4 / 2001,28 / 2 / 2001,15 / 11 / 2003,9 / 8 / 2003,24 / 5 / 2003,4 / 9 / 2004,14 / 4 / 2004,3 / 1 / 2004,16 / 8 / 2005,9 / 7 / 2005,11 / 6 / 2005,12 / 2 / 2005,7 / 12 / 2006,18 / 11 / 2006,6 / 7 / 2006,25 / 8 / 2007,10 / 5 / 2007,28 / 4 / 2007,24 / 4 / 2008,17 / 8 / 2009,8 / 8 / 2009,16 / 8 / 2011,5 / 2 / 2011,7 / 8 / 2012,17 / 7 / 2012,16 / 11 / 2013,21 / 9 / 2013,10 / 9 / 2013,13 / 7 / 2013,9 / 7 / 2013,15 / 6 / 2013,11 / 6 / 2015,29 / 1 / 2015,8 / 11 / 2016,24 / 9 / 2016,28 / 4 / 2016,12 / 3 / 2016,19 / 1 / 2016,15 / 4 / 2017,29 / 9 / 2018,18 / 9 / 2018,30 / 8 / 2018,14 / 5 / 2019,13 / 6 / 2020,7 / 5 / 2020,8 / 7 / 2021,17 / 5 / 2022,1 / 2 / 2022
54,16 / 9 / 1998,1 / 7 / 1998,29 / 4 / 1998,22 / 12 / 1999,18 / 8 / 1999,24 / 4 / 1999,21 / 4 / 1999,1 / 12 / 2001,27 / 12 / 2002,14 / 8 / 2002,10 / 8 / 2002,30 / 3 / 2002,28 / 8 / 2004,16 / 4 / 2005,11 / 11 / 2006,18 / 2 / 2006,31 / 1 / 2006,2 / 10 / 2007,28 / 12 / 2009,29 / 8 / 2009,23 / 4 / 2009,27 / 1 / 2009,26 / 10 / 2010,31 / 12 / 2011,22 / 12 / 2011,29 / 11 / 2011,12 / 11 / 2011,22 / 9 / 2011,17 / 5 / 2011,1 / 12 / 2012,28 / 5 / 2013,13 / 10 / 2015,14 / 4 / 2015,21 / 3 / 2015,3 / 1 / 2015,29 / 12 / 2016,6 / 8 / 2016,22 / 3 / 2016,15 / 3 / 2016,3 / 3 / 2016,9 / 1 / 2016,23 / 12 / 2017,14 / 8 / 2017,4 / 4 / 2017,9 / 3 / 2017,10 / 7 / 2018,19 / 8 / 2019,2 / 7 / 2019,30 / 3 / 2019,21 / 3 / 2020,27 / 11 / 2021,24 / 8 / 2021,10 / 7 / 2021,29 / 5 / 2021,3 / 9 / 2022,11 / 6 / 2022,22 / 1 / 2022
55,31 / 12 / 1997,27 / 6 / 1998,17 / 6 / 1998,1 / 4 / 1998,19 / 6 / 1999,20 / 1 / 1999,9 / 6 / 2001,23 / 5 / 2001,24 / 2 / 2001,14 / 12 / 2002,5 / 12 / 2002,16 / 11 / 2002,9 / 10 / 2002,11 / 5 / 2002,16 / 1 / 2002,20 / 8 / 2003,14 / 8 / 2004,28 / 4 / 2004,24 / 11 / 2005,23 / 3 / 2005,7 / 7 / 2007,19 / 4 / 2007,3 / 3 / 2007,3 / 2 / 2007,23 / 9 / 2008,22 / 7 / 2008,7 / 2 / 2008,3 / 12 / 2009,3 / 10 / 2009,21 / 7 / 2009,10 / 3 / 2009,16 / 11 / 2010,3 / 4 / 2010,15 / 12 / 2011,19 / 7 / 2011,11 / 12 / 2012,25 / 9 / 2012,14 / 8 / 2012,14 / 7 / 2012,28 / 9 / 2013,23 / 8 / 2014,31 / 5 / 2014,11 / 2 / 2014,7 / 1 / 2014,4 / 8 / 2015,30 / 6 / 2015,7 / 3 / 2015,5 / 3 / 2015,20 / 8 / 2016,12 / 4 / 2016,25 / 7 / 2017,2 / 3 / 2017,2 / 2 / 2017,7 / 8 / 2018,10 / 4 / 2018,1 / 6 / 2019,19 / 2 / 2019,7 / 1 / 2019,15 / 6 / 2021,26 / 1 / 2021,25 / 8 / 2022,9 / 7 / 2022
56,3 / 12 / 1997,15 / 9 / 1999,14 / 4 / 1999,16 / 12 / 2000,19 / 2 / 2000,6 / 6 / 2001,21 / 2 / 2001,16 / 2 / 2002,6 / 2 / 2002,19 / 1 / 2002,20 / 12 / 2003,21 / 8 / 2004,21 / 4 / 2004,1 / 12 / 2005,3 / 1 / 2005,25 / 5 / 2006,19 / 1 / 2006,12 / 5 / 2007,6 / 12 / 2008,25 / 9 / 2008,26 / 9 / 2009,14 / 7 / 2009,27 / 11 / 2010,28 / 10 / 2010,13 / 5 / 2010,15 / 4 / 2010,26 / 1 / 2010,14 / 4 / 2011,19 / 2 / 2011,23 / 2 / 2012,7 / 2 / 2012,12 / 12 / 2013,20 / 6 / 2013,8 / 6 / 2013,2 / 5 / 2013,9 / 4 / 2013,7 / 3 / 2013,6 / 9 / 2014,12 / 6 / 2014,1 / 12 / 2015,3 / 11 / 2015,10 / 9 / 2016,2 / 8 / 2016,28 / 7 / 2016,9 / 7 / 2016,20 / 2 / 2016,14 / 11 / 2017,19 / 10 / 2017,9 / 9 / 2017,14 / 2 / 2017,27 / 9 / 2018,21 / 6 / 2018,25 / 1 / 2018,18 / 7 / 2019,6 / 7 / 2019,18 / 2 / 2020,5 / 8 / 2021,10 / 6 / 2021,7 / 7 / 2022,10 / 5 / 2022,12 / 3 / 2022,3 / 2 / 2022,11 / 1 / 2022
57,21 / 11 / 1998,12 / 8 / 1998,23 / 10 / 1999,11 / 9 / 1999,11 / 8 / 1999,27 / 12 / 2000,7 / 10 / 2000,1 / 7 / 2000,7 / 6 / 2000,10 / 3 / 2001,31 / 12 / 2002,10 / 12 / 2002,10 / 11 / 2005,25 / 8 / 2005,7 / 5 / 2005,23 / 2 / 2005,9 / 2 / 2005,18 / 7 / 2006,14 / 8 / 2007,6 / 11 / 2008,12 / 8 / 2008,15 / 4 / 2008,22 / 3 / 2008,18 / 3 / 2008,5 / 12 / 2009,10 / 11 / 2009,23 / 6 / 2009,3 / 3 / 2009,19 / 10 / 2010,24 / 6 / 2010,13 / 4 / 2010,27 / 2 / 2010,21 / 1 / 2010,5 / 11 / 2011,27 / 9 / 2011,28 / 7 / 2011,16 / 7 / 2011,12 / 4 / 2011,24 / 4 / 2012,20 / 4 / 2013,23 / 3 / 2013,27 / 11 / 2014,23 / 10 / 2014,2 / 8 / 2014,29 / 7 / 2014,29 / 5 / 2014,21 / 1 / 2014,24 / 12 / 2015,7 / 2 / 2015,17 / 11 / 2016,9 / 4 / 2016,11 / 2 / 2016,2 / 11 / 2017,28 / 2 / 2017,9 / 2 / 2017,20 / 1 / 2018,18 / 1 / 2018,8 / 6 / 2019,30 / 5 / 2019,22 / 12 / 2020,15 / 10 / 2020,4 / 1 / 2020,21 / 12 / 2021,9 / 11 / 2021,16 / 10 / 2021,3 / 5 / 2021,6 / 8 / 2022,5 / 5 / 2022,19 / 4 / 2022,24 / 2 / 2022
58,11 / 4 / 1998,20 / 5 / 2000,31 / 10 / 2001,10 / 10 / 2001,20 / 6 / 2001,31 / 1 / 2001,27 / 2 / 2002,13 / 12 / 2003,24 / 9 / 2003,26 / 4 / 2003,30 / 6 / 2004,9 / 8 / 2005,2 / 4 / 2005,2 / 3 / 2005,24 / 8 / 2006,17 / 8 / 2006,20 / 4 / 2006,9 / 3 / 2006,10 / 12 / 2007,25 / 9 / 2007,14 / 7 / 2007,24 / 3 / 2007,4 / 10 / 2008,22 / 10 / 2009,18 / 11 / 2010,6 / 10 / 2011,3 / 6 / 2011,19 / 4 / 2011,29 / 12 / 2012,3 / 3 / 2012,15 / 10 / 2013,14 / 9 / 2013,13 / 12 / 2014,19 / 7 / 2014,1 / 7 / 2014,28 / 1 / 2014,10 / 10 / 2015,4 / 7 / 2015,3 / 11 / 2016,19 / 3 / 2016,30 / 11 / 2017,26 / 10 / 2017,20 / 7 / 2017,22 / 11 / 2018,8 / 5 / 2018,20 / 2 / 2018,5 / 12 / 2019,26 / 11 / 2019,5 / 11 / 2019,14 / 9 / 2019,3 / 9 / 2019,27 / 10 / 2020,21 / 7 / 2020,4 / 2 / 2020,18 / 9 / 2021,17 / 6 / 2021,2 / 2 / 2021,27 / 9 / 2022,26 / 4 / 2022,27 / 1 / 2022
59,27 / 12 / 1997,30 / 12 / 1998,6 / 6 / 1998,27 / 12 / 1999,10 / 11 / 1999,2 / 10 / 1999,23 / 6 / 1999,17 / 2 / 1999,11 / 3 / 2000,29 / 12 / 2001,26 / 5 / 2001,17 / 7 / 2002,3 / 7 / 2002,4 / 12 / 2004,13 / 9 / 2005,27 / 8 / 2005,28 / 5 / 2005,2 / 2 / 2005,23 / 11 / 2006,29 / 6 / 2006,13 / 4 / 2006,11 / 3 / 2006,17 / 1 / 2006,14 / 1 / 2006,29 / 11 / 2007,10 / 3 / 2007,11 / 11 / 2008,14 / 10 / 2008,19 / 7 / 2008,16 / 4 / 2009,29 / 1 / 2009,8 / 1 / 2009,18 / 12 / 2010,2 / 11 / 2010,25 / 9 / 2010,3 / 9 / 2011,16 / 4 / 2011,27 / 12 / 2012,20 / 12 / 2012,5 / 11 / 2012,16 / 10 / 2012,23 / 8 / 2012,10 / 7 / 2012,5 / 6 / 2012,21 / 2 / 2012,26 / 11 / 2013,11 / 12 / 2014,19 / 8 / 2014,29 / 4 / 2014,15 / 2 / 2014,3 / 10 / 2015,17 / 3 / 2015,24 / 1 / 2015,13 / 12 / 2016,29 / 9 / 2016,11 / 8 / 2016,21 / 5 / 2016,19 / 5 / 2016,15 / 7 / 2017,12 / 1 / 2017,20 / 9 / 2018,9 / 8 / 2018,12 / 11 / 2019,30 / 4 / 2019,14 / 3 / 2019,29 / 12 / 2020,1 / 12 / 2020,6 / 8 / 2020,28 / 7 / 2020,19 / 5 / 2020,3 / 3 / 2020,30 / 10 / 2021,26 / 8 / 2021,17 / 9 / 2022,31 / 3 / 2022
60,24 / 6 / 1998,4 / 3 / 1998,31 / 3 / 1999,5 / 8 / 2000,3 / 6 / 2000,16 / 5 / 2001,25 / 9 / 2002,24 / 4 / 2002,3 / 9 / 2003,28 / 6 / 2003,25 / 8 / 2004,7 / 7 / 2004,23 / 12 / 2006,9 / 2 / 2006,13 / 12 / 2007,11 / 10 / 2007,29 / 3 / 2007,22 / 3 / 2007,25 / 1 / 2007,6 / 3 / 2008,2 / 7 / 2009,27 / 6 / 2009,20 / 1 / 2009,17 / 4 / 2010,9 / 2 / 2010,15 / 2 / 2011,27 / 1 / 2011,8 / 1 / 2011,27 / 10 / 2012,31 / 7 / 2012,3 / 5 / 2012,27 / 3 / 2012,8 / 3 / 2012,17 / 12 / 2013,5 / 12 / 2013,23 / 6 / 2015,30 / 4 / 2015,10 / 11 / 2016,21 / 10 / 2017,4 / 5 / 2017,15 / 11 / 2018,13 / 9 / 2018,22 / 5 / 2018,3 / 4 / 2018,23 / 1 / 2018,12 / 12 / 2019,15 / 10 / 2019,3 / 8 / 2019,16 / 7 / 2019,23 / 4 / 2019,31 / 10 / 2020,29 / 8 / 2020,20 / 8 / 2020,26 / 6 / 2021,11 / 5 / 2021,25 / 2 / 2021,14 / 6 / 2022
61,16 / 12 / 1998,3 / 10 / 1998,23 / 9 / 1998,20 / 11 / 1999,9 / 6 / 1999,3 / 5 / 1999,8 / 11 / 2000,14 / 10 / 2000,2 / 9 / 2000,22 / 4 / 2000,5 / 4 / 2000,1 / 3 / 2000,8 / 9 / 2001,4 / 8 / 2001,27 / 6 / 2001,24 / 1 / 2001,29 / 5 / 2002,15 / 5 / 2002,8 / 5 / 2002,2 / 1 / 2002,29 / 10 / 2003,3 / 5 / 2003,17 / 7 / 2004,24 / 1 / 2004,9 / 3 / 2005,26 / 2 / 2005,27 / 7 / 2006,3 / 6 / 2006,7 / 2 / 2006,21 / 1 / 2006,15 / 12 / 2007,20 / 10 / 2007,27 / 9 / 2007,6 / 9 / 2007,4 / 9 / 2007,18 / 12 / 2008,11 / 10 / 2008,13 / 5 / 2008,29 / 3 / 2008,9 / 12 / 2009,19 / 11 / 2009,11 / 7 / 2009,30 / 5 / 2009,30 / 4 / 2009,16 / 10 / 2010,9 / 10 / 2010,3 / 7 / 2010,3 / 12 / 2011,26 / 11 / 2011,22 / 11 / 2011,21 / 4 / 2011,12 / 3 / 2011,29 / 1 / 2011,22 / 12 / 2012,20 / 11 / 2012,7 / 7 / 2012,17 / 5 / 2012,5 / 1 / 2012,23 / 12 / 2013,17 / 1 / 2013,9 / 12 / 2014,20 / 9 / 2014,26 / 7 / 2014,28 / 11 / 2015,25 / 6 / 2015,13 / 6 / 2015,19 / 5 / 2015,28 / 4 / 2015,9 / 4 / 2015,14 / 3 / 2015,19 / 2 / 2015,1 / 12 / 2016,14 / 6 / 2016,21 / 4 / 2016,2 / 2 / 2016,9 / 12 / 2017,28 / 11 / 2017,12 / 9 / 2017,12 / 8 / 2017,16 / 5 / 2017,4 / 8 / 2018,28 / 6 / 2018,17 / 4 / 2018,23 / 7 / 2019,13 / 4 / 2019,10 / 10 / 2020,1 / 9 / 2020,11 / 7 / 2020,18 / 1 / 2020,16 / 1 / 2020,16 / 3 / 2021,23 / 7 / 2022,12 / 7 / 2022,31 / 5 / 2022,22 / 3 / 2022
62,26 / 9 / 1998,27 / 4 / 1998,10 / 1 / 1998,11 / 11 / 2000,9 / 8 / 2000,6 / 5 / 2000,12 / 4 / 2000,28 / 11 / 2001,7 / 12 / 2002,5 / 10 / 2002,13 / 7 / 2002,20 / 3 / 2002,15 / 10 / 2003,27 / 11 / 2004,20 / 3 / 2004,31 / 1 / 2004,24 / 12 / 2005,27 / 10 / 2005,22 / 10 / 2005,7 / 7 / 2005,6 / 4 / 2005,13 / 6 / 2006,16 / 8 / 2007,8 / 5 / 2007,22 / 2 / 2007,19 / 6 / 2008,3 / 5 / 2008,8 / 4 / 2008,15 / 9 / 2009,18 / 6 / 2009,8 / 6 / 2010,6 / 3 / 2010,20 / 8 / 2011,29 / 11 / 2012,17 / 1 / 2012,31 / 12 / 2013,19 / 11 / 2013,1 / 10 / 2013,11 / 6 / 2013,23 / 4 / 2013,21 / 3 / 2013,16 / 3 / 2013,14 / 3 / 2013,28 / 8 / 2014,22 / 7 / 2014,3 / 7 / 2014,20 / 3 / 2014,25 / 2 / 2014,4 / 1 / 2014,9 / 12 / 2015,5 / 9 / 2015,12 / 2 / 2015,17 / 1 / 2015,10 / 3 / 2016,4 / 2 / 2016,22 / 6 / 2017,27 / 5 / 2017,14 / 8 / 2018,31 / 7 / 2018,28 / 12 / 2019,17 / 10 / 2019,8 / 10 / 2019,25 / 7 / 2019,26 / 2 / 2019,25 / 7 / 2020,27 / 2 / 2020,13 / 11 / 2021,7 / 10 / 2021,2 / 10 / 2021,20 / 7 / 2021,6 / 7 / 2021,8 / 4 / 2021,28 / 6 / 2022,12 / 4 / 2022,24 / 3 / 2022
63,10 / 6 / 1998,21 / 3 / 1998,21 / 1 / 1998,4 / 12 / 1999,21 / 6 / 2000,26 / 10 / 2002,13 / 9 / 2003,9 / 6 / 2004,7 / 4 / 2004,22 / 12 / 2005,27 / 9 / 2005,30 / 7 / 2005,18 / 5 / 2005,2 / 12 / 2006,24 / 6 / 2006,1 / 4 / 2006,4 / 2 / 2006,28 / 1 / 2006,21 / 7 / 2007,4 / 1 / 2007,7 / 10 / 2008,7 / 8 / 2008,31 / 10 / 2009,19 / 3 / 2009,26 / 2 / 2009,30 / 10 / 2010,11 / 9 / 2010,27 / 5 / 2010,1 / 4 / 2010,30 / 1 / 2010,28 / 1 / 2010,8 / 11 / 2011,30 / 6 / 2011,18 / 3 / 2011,8 / 3 / 2011,21 / 7 / 2012,12 / 6 / 2012,11 / 2 / 2012,26 / 10 / 2013,16 / 2 / 2013,22 / 11 / 2014,8 / 11 / 2014,9 / 8 / 2014,12 / 7 / 2014,25 / 7 / 2015,3 / 2 / 2015,20 / 12 / 2016,18 / 10 / 2016,31 / 5 / 2016,30 / 4 / 2016,26 / 1 / 2016,29 / 6 / 2017,6 / 6 / 2017,31 / 1 / 2017,26 / 7 / 2018,16 / 6 / 2018,6 / 3 / 2018,19 / 11 / 2019,29 / 8 / 2019,1 / 8 / 2019,4 / 4 / 2019,21 / 3 / 2019,17 / 10 / 2020,22 / 7 / 2021,19 / 1 / 2021,28 / 5 / 2022,30 / 4 / 2022,29 / 3 / 2022,19 / 3 / 2022,12 / 2 / 2022
64,29 / 7 / 1998,4 / 2 / 1998,20 / 12 / 2000,27 / 5 / 2000,17 / 4 / 2002,12 / 11 / 2003,10 / 5 / 2003,19 / 4 / 2003,15 / 12 / 2004,11 / 8 / 2004,26 / 5 / 2004,27 / 3 / 2004,24 / 3 / 2004,22 / 9 / 2005,20 / 8 / 2005,19 / 2 / 2005,16 / 8 / 2006,3 / 8 / 2006,20 / 7 / 2006,24 / 11 / 2007,26 / 6 / 2007,6 / 2 / 2007,9 / 12 / 2008,4 / 12 / 2008,25 / 11 / 2008,19 / 2 / 2008,22 / 1 / 2008,27 / 4 / 2009,6 / 5 / 2010,27 / 4 / 2010,9 / 3 / 2010,20 / 2 / 2010,6 / 2 / 2010,7 / 1 / 2010,13 / 8 / 2011,7 / 5 / 2011,29 / 3 / 2011,10 / 3 / 2011,4 / 12 / 2012,5 / 7 / 2012,12 / 1 / 2012,20 / 8 / 2013,23 / 7 / 2013,28 / 3 / 2013,19 / 1 / 2013,30 / 10 / 2014,28 / 6 / 2014,22 / 4 / 2014,6 / 3 / 2014,23 / 1 / 2014,18 / 1 / 2014,19 / 11 / 2015,1 / 9 / 2015,11 / 4 / 2015,5 / 11 / 2016,1 / 10 / 2016,16 / 8 / 2016,14 / 5 / 2016,2 / 1 / 2016,11 / 11 / 2017,21 / 9 / 2017,16 / 9 / 2017,17 / 8 / 2017,4 / 7 / 2017,11 / 5 / 2017,23 / 3 / 2017,14 / 3 / 2017,3 / 11 / 2018,16 / 10 / 2018,29 / 5 / 2018,17 / 5 / 2018,19 / 10 / 2019,9 / 4 / 2019,8 / 1 / 2019,18 / 8 / 2020,26 / 5 / 2020,12 / 5 / 2020,25 / 2 / 2020,16 / 12 / 2021,16 / 11 / 2021,2 / 11 / 2021,5 / 10 / 2021,9 / 3 / 2021,14 / 1 / 2021,13 / 9 / 2022,12 / 5 / 2022
65,13 / 10 / 1999,8 / 9 / 1999,24 / 7 / 1999,10 / 3 / 1999,4 / 10 / 2000,6 / 9 / 2000,12 / 8 / 2000,22 / 12 / 2001,19 / 12 / 2001,5 / 12 / 2001,12 / 10 / 2002,4 / 10 / 2003,6 / 9 / 2003,6 / 8 / 2003,2 / 8 / 2003,23 / 10 / 2004,7 / 2 / 2004,10 / 12 / 2005,4 / 10 / 2005,30 / 4 / 2005,27 / 6 / 2006,17 / 6 / 2006,29 / 4 / 2006,28 / 3 / 2006,6 / 11 / 2007,15 / 9 / 2007,30 / 6 / 2007,12 / 6 / 2007,15 / 5 / 2007,24 / 12 / 2008,16 / 2 / 2008,5 / 2 / 2008,3 / 1 / 2008,22 / 9 / 2009,14 / 3 / 2009,2 / 12 / 2010,23 / 9 / 2010,20 / 5 / 2010,3 / 5 / 2010,25 / 6 / 2011,26 / 4 / 2011,5 / 4 / 2011,11 / 1 / 2011,18 / 12 / 2012,30 / 10 / 2012,18 / 9 / 2012,13 / 9 / 2012,28 / 8 / 2012,10 / 5 / 2012,19 / 4 / 2012,29 / 8 / 2013,10 / 8 / 2013,24 / 1 / 2013,19 / 6 / 2014,13 / 5 / 2014,22 / 2 / 2014,29 / 9 / 2015,16 / 7 / 2015,7 / 5 / 2015,11 / 10 / 2016,2 / 12 / 2017,23 / 5 / 2017,16 / 2 / 2017,28 / 1 / 2017,17 / 1 / 2017,4 / 9 / 2018,28 / 7 / 2018,27 / 4 / 2019,26 / 1 / 2019,29 / 9 / 2020,22 / 9 / 2020,14 / 7 / 2020,20 / 2 / 2020,11 / 2 / 2020,18 / 11 / 2021,25 / 9 / 2021,27 / 5 / 2021,11 / 2 / 2021,2 / 8 / 2022,2 / 7 / 2022,23 / 4 / 2022,22 / 2 / 2022,3 / 1 / 2022
66,14 / 1 / 1998,20 / 10 / 1999,11 / 10 / 2000,19 / 7 / 2000,31 / 5 / 2000,17 / 10 / 2001,30 / 6 / 2001,10 / 7 / 2002,18 / 5 / 2002,13 / 4 / 2002,3 / 4 / 2002,5 / 11 / 2003,22 / 9 / 2004,18 / 9 / 2004,6 / 10 / 2005,29 / 9 / 2005,4 / 8 / 2005,19 / 12 / 2006,30 / 9 / 2006,6 / 5 / 2006,4 / 5 / 2006,23 / 3 / 2006,21 / 2 / 2006,27 / 12 / 2007,17 / 7 / 2007,12 / 7 / 2008,21 / 6 / 2008,24 / 1 / 2008,3 / 11 / 2009,29 / 9 / 2009,10 / 9 / 2009,30 / 6 / 2009,18 / 4 / 2009,14 / 2 / 2009,24 / 1 / 2009,6 / 11 / 2010,17 / 6 / 2010,29 / 9 / 2011,9 / 6 / 2011,10 / 12 / 2012,6 / 11 / 2012,4 / 10 / 2012,26 / 7 / 2012,21 / 6 / 2012,5 / 5 / 2012,20 / 3 / 2012,13 / 3 / 2012,19 / 1 / 2012,2 / 3 / 2013,18 / 9 / 2014,9 / 9 / 2014,20 / 2 / 2014,13 / 2 / 2014,8 / 2 / 2014,25 / 1 / 2014,19 / 12 / 2015,18 / 8 / 2015,14 / 2 / 2015,27 / 2 / 2016,18 / 12 / 2017,5 / 10 / 2017,18 / 3 / 2017,23 / 8 / 2018,19 / 7 / 2018,23 / 6 / 2018,13 / 3 / 2018,8 / 2 / 2018,10 / 10 / 2019,24 / 8 / 2019,22 / 8 / 2019,13 / 6 / 2019,29 / 4 / 2019,8 / 9 / 2020,18 / 7 / 2020,4 / 6 / 2020,28 / 5 / 2020,1 / 2 / 2020,23 / 1 / 2020,23 / 11 / 2021,28 / 9 / 2021,24 / 7 / 2021,25 / 5 / 2021,27 / 3 / 2021,5 / 1 / 2021,22 / 9 / 2022,20 / 8 / 2022,28 / 4 / 2022
67,30 / 9 / 1998,9 / 9 / 1998,1 / 8 / 1998,15 / 12 / 1999,3 / 11 / 1999,16 / 10 / 1999,26 / 5 / 1999,17 / 3 / 1999,16 / 8 / 2001,19 / 6 / 2002,2 / 2 / 2002,27 / 12 / 2003,4 / 6 / 2003,8 / 6 / 2005,22 / 1 / 2005,22 / 7 / 2006,22 / 4 / 2006,16 / 2 / 2006,6 / 10 / 2007,13 / 9 / 2007,26 / 7 / 2007,22 / 11 / 2008,23 / 8 / 2008,14 / 8 / 2008,8 / 1 / 2008,12 / 12 / 2009,14 / 11 / 2009,24 / 10 / 2009,17 / 3 / 2009,20 / 7 / 2010,29 / 5 / 2010,25 / 5 / 2010,20 / 12 / 2011,11 / 10 / 2011,13 / 10 / 2012,12 / 11 / 2013,5 / 9 / 2013,1 / 8 / 2013,27 / 7 / 2013,16 / 7 / 2013,11 / 7 / 2013,18 / 5 / 2013,5 / 7 / 2014,27 / 2 / 2014,18 / 2 / 2014,14 / 11 / 2015,8 / 10 / 2015,23 / 5 / 2015,2 / 5 / 2015,30 / 7 / 2016,25 / 2 / 2016,9 / 2 / 2016,19 / 12 / 2017,12 / 12 / 2017,29 / 8 / 2017,25 / 5 / 2017,1 / 9 / 2018,15 / 3 / 2018,8 / 3 / 2018,30 / 1 / 2018,16 / 1 / 2018,28 / 11 / 2019,23 / 11 / 2019,27 / 7 / 2019,21 / 5 / 2019,7 / 2 / 2019,3 / 12 / 2020,24 / 11 / 2020,8 / 10 / 2020,19 / 9 / 2020,2 / 7 / 2020,12 / 3 / 2020,22 / 2 / 2020,19 / 10 / 2021,16 / 2 / 2021,4 / 8 / 2022,3 / 5 / 2022,26 / 3 / 2022
68,28 / 12 / 1998,2 / 12 / 1998,17 / 10 / 1998,18 / 4 / 1998,25 / 3 / 1998,9 / 12 / 1999,9 / 10 / 1999,29 / 9 / 1999,21 / 8 / 1999,13 / 1 / 1999,6 / 12 / 2000,4 / 7 / 2001,10 / 1 / 2001,8 / 1 / 2001,30 / 11 / 2002,16 / 10 / 2002,14 / 9 / 2002,22 / 12 / 2004,13 / 10 / 2004,11 / 9 / 2004,10 / 7 / 2004,23 / 6 / 2004,3 / 6 / 2004,25 / 10 / 2005,12 / 7 / 2005,28 / 6 / 2005,5 / 3 / 2005,3 / 10 / 2006,11 / 5 / 2006,3 / 1 / 2006,17 / 11 / 2007,8 / 11 / 2007,3 / 7 / 2007,31 / 7 / 2008,7 / 6 / 2008,22 / 5 / 2008,9 / 2 / 2008,24 / 11 / 2009,17 / 2 / 2009,14 / 10 / 2010,7 / 10 / 2010,15 / 5 / 2010,11 / 5 / 2010,22 / 4 / 2010,8 / 4 / 2010,29 / 12 / 2011,20 / 9 / 2011,8 / 9 / 2011,26 / 7 / 2011,12 / 7 / 2011,30 / 4 / 2011,22 / 11 / 2012,8 / 9 / 2012,1 / 9 / 2012,21 / 1 / 2012,3 / 12 / 2013,4 / 7 / 2013,16 / 5 / 2013,16 / 4 / 2013,26 / 8 / 2014,17 / 6 / 2014,20 / 5 / 2014,13 / 3 / 2014,12 / 11 / 2015,17 / 10 / 2015,11 / 8 / 2015,27 / 1 / 2015,30 / 1 / 2016,17 / 10 / 2017,10 / 10 / 2017,18 / 7 / 2017,4 / 2 / 2017,3 / 1 / 2017,15 / 5 / 2018,13 / 2 / 2018,10 / 9 / 2019,20 / 8 / 2019,18 / 6 / 2019,17 / 1 / 2019,24 / 12 / 2020,1 / 10 / 2020,3 / 9 / 2020,27 / 6 / 2020,11 / 6 / 2020,14 / 5 / 2020,17 / 8 / 2021,18 / 5 / 2021,15 / 4 / 2021,1 / 4 / 2021,1 / 3 / 2022
69,17 / 8 / 1998,7 / 3 / 1998,18 / 12 / 1999,26 / 6 / 1999,29 / 5 / 1999,30 / 12 / 2000,9 / 9 / 2000,16 / 8 / 2000,15 / 7 / 2000,26 / 4 / 2000,29 / 3 / 2000,15 / 9 / 2001,25 / 8 / 2001,21 / 4 / 2001,20 / 4 / 2002,2 / 3 / 2002,5 / 4 / 2003,4 / 1 / 2003,9 / 12 / 2004,17 / 11 / 2004,14 / 2 / 2004,20 / 10 / 2005,18 / 8 / 2005,16 / 12 / 2006,12 / 9 / 2006,8 / 6 / 2006,14 / 2 / 2006,30 / 8 / 2007,29 / 5 / 2007,12 / 4 / 2007,27 / 1 / 2007,6 / 9 / 2008,23 / 2 / 2008,17 / 1 / 2008,1 / 12 / 2009,28 / 7 / 2009,12 / 5 / 2009,5 / 10 / 2010,30 / 9 / 2010,31 / 8 / 2010,21 / 8 / 2010,19 / 8 / 2010,12 / 6 / 2010,10 / 6 / 2010,19 / 1 / 2010,10 / 11 / 2011,29 / 10 / 2011,14 / 7 / 2011,5 / 7 / 2011,28 / 6 / 2011,16 / 6 / 2011,17 / 8 / 2013,30 / 7 / 2013,18 / 7 / 2013,13 / 6 / 2013,19 / 3 / 2013,16 / 12 / 2014,4 / 10 / 2014,11 / 9 / 2014,5 / 6 / 2014,10 / 11 / 2015,27 / 10 / 2015,8 / 8 / 2015,7 / 7 / 2015,26 / 2 / 2015,3 / 12 / 2016,8 / 10 / 2016,7 / 10 / 2017,5 / 9 / 2017,16 / 3 / 2017,2 / 8 / 2018,5 / 6 / 2018,30 / 4 / 2018,1 / 2 / 2018,13 / 1 / 2018,7 / 12 / 2019,24 / 10 / 2019,27 / 8 / 2019,13 / 8 / 2019,11 / 7 / 2019,11 / 5 / 2019,23 / 3 / 2019,3 / 1 / 2019,24 / 10 / 2020,25 / 8 / 2020,18 / 6 / 2020,29 / 2 / 2020,21 / 1 / 2020,21 / 9 / 2021,30 / 8 / 2022,28 / 7 / 2022,26 / 7 / 2022,7 / 6 / 2022,4 / 6 / 2022
70,26 / 8 / 1998,18 / 3 / 1998,2 / 6 / 1999,8 / 5 / 1999,24 / 2 / 1999,20 / 2 / 1999,30 / 1 / 1999,20 / 9 / 2000,3 / 5 / 2000,9 / 2 / 2000,5 / 2 / 2000,27 / 12 / 2001,19 / 12 / 2002,6 / 4 / 2002,13 / 3 / 2002,2 / 10 / 2004,16 / 6 / 2004,8 / 5 / 2004,18 / 2 / 2004,20 / 12 / 2005,17 / 12 / 2005,6 / 12 / 2005,15 / 10 / 2005,15 / 9 / 2005,10 / 9 / 2005,14 / 10 / 2006,7 / 10 / 2006,22 / 8 / 2006,4 / 7 / 2006,1 / 7 / 2006,30 / 5 / 2006,27 / 4 / 2006,1 / 12 / 2007,16 / 10 / 2007,10 / 4 / 2007,13 / 3 / 2007,15 / 2 / 2007,9 / 1 / 2007,28 / 8 / 2008,12 / 6 / 2008,14 / 2 / 2008,31 / 1 / 2008,5 / 1 / 2008,17 / 9 / 2009,5 / 9 / 2009,16 / 7 / 2009,5 / 5 / 2009,23 / 12 / 2010,30 / 11 / 2010,4 / 3 / 2010,1 / 12 / 2011,21 / 7 / 2011,18 / 6 / 2011,26 / 4 / 2012,31 / 1 / 2012,22 / 8 / 2013,12 / 3 / 2013,26 / 2 / 2013,18 / 12 / 2014,25 / 11 / 2014,7 / 8 / 2014,22 / 5 / 2014,3 / 5 / 2014,22 / 3 / 2014,1 / 2 / 2014,21 / 11 / 2015,20 / 10 / 2015,20 / 8 / 2015,21 / 5 / 2015,21 / 7 / 2016,23 / 6 / 2016,28 / 12 / 2017,16 / 12 / 2017,31 / 10 / 2017,1 / 7 / 2017,18 / 4 / 2017,29 / 11 / 2018,11 / 8 / 2018,26 / 5 / 2018,5 / 4 / 2018,6 / 2 / 2018,2 / 11 / 2019,17 / 9 / 2019,10 / 8 / 2019,26 / 3 / 2019,16 / 2 / 2019,20 / 6 / 2020,8 / 2 / 2020,28 / 12 / 2021,3 / 6 / 2021,23 / 3 / 2021,5 / 7 / 2022,14 / 5 / 2022,16 / 4 / 2022
71,18 / 11 / 1998,11 / 11 / 1998,8 / 8 / 1998,7 / 4 / 1999,22 / 7 / 2000,10 / 11 / 2001,5 / 9 / 2001,14 / 2 / 2001,28 / 12 / 2002,23 / 11 / 2002,9 / 11 / 2002,24 / 8 / 2002,14 / 5 / 2003,22 / 2 / 2003,12 / 2 / 2003,12 / 11 / 2005,8 / 10 / 2005,19 / 7 / 2005,18 / 6 / 2005,11 / 5 / 2005,31 / 10 / 2006,9 / 10 / 2007,4 / 6 / 2007,24 / 4 / 2007,20 / 2 / 2007,20 / 1 / 2007,13 / 11 / 2008,27 / 3 / 2008,28 / 2 / 2008,9 / 6 / 2009,26 / 5 / 2009,7 / 2 / 2009,2 / 9 / 2010,28 / 8 / 2010,11 / 3 / 2010,2 / 1 / 2010,24 / 12 / 2011,27 / 10 / 2011,17 / 9 / 2011,11 / 8 / 2011,2 / 8 / 2011,23 / 6 / 2011,13 / 1 / 2011,15 / 11 / 2012,11 / 8 / 2012,14 / 12 / 2013,29 / 10 / 2013,22 / 10 / 2013,26 / 9 / 2013,19 / 9 / 2013,29 / 6 / 2013,9 / 3 / 2013,5 / 1 / 2013,23 / 12 / 2014,14 / 8 / 2014,21 / 6 / 2014,22 / 9 / 2015,17 / 9 / 2015,12 / 9 / 2015,29 / 8 / 2015,9 / 6 / 2015,3 / 3 / 2015,3 / 5 / 2016,31 / 3 / 2016,7 / 12 / 2017,16 / 11 / 2017,13 / 4 / 2017,30 / 3 / 2017,10 / 12 / 2019,25 / 6 / 2019,4 / 6 / 2019,13 / 8 / 2020,25 / 6 / 2020,30 / 5 / 2020,18 / 12 / 2021,30 / 11 / 2021,16 / 9 / 2021,25 / 3 / 2021,16 / 8 / 2022,21 / 6 / 2022,21 / 4 / 2022
72,13 / 12 / 1997,5 / 9 / 1998,9 / 5 / 1998,31 / 1 / 1998,22 / 5 / 1999,3 / 10 / 2001,12 / 9 / 2001,30 / 5 / 2001,20 / 11 / 2002,12 / 1 / 2002,9 / 1 / 2002,3 / 11 / 2003,22 / 10 / 2003,1 / 10 / 2003,18 / 6 / 2003,7 / 6 / 2003,23 / 4 / 2003,20 / 10 / 2004,9 / 10 / 2004,7 / 8 / 2004,31 / 7 / 2004,15 / 5 / 2004,12 / 5 / 2004,5 / 5 / 2004,7 / 1 / 2004,3 / 11 / 2005,3 / 9 / 2005,1 / 9 / 2005,28 / 12 / 2006,1 / 6 / 2006,20 / 5 / 2006,9 / 5 / 2006,29 / 9 / 2007,31 / 7 / 2007,31 / 5 / 2007,25 / 10 / 2008,5 / 7 / 2008,29 / 5 / 2008,22 / 4 / 2008,2 / 2 / 2008,26 / 1 / 2008,27 / 8 / 2009,28 / 5 / 2009,26 / 3 / 2009,17 / 1 / 2009,13 / 11 / 2010,8 / 5 / 2010,17 / 11 / 2011,13 / 10 / 2011,4 / 10 / 2011,25 / 8 / 2011,6 / 8 / 2011,10 / 5 / 2011,3 / 3 / 2011,22 / 2 / 2011,8 / 11 / 2012,28 / 7 / 2012,30 / 6 / 2012,14 / 6 / 2012,17 / 4 / 2012,31 / 3 / 2012,19 / 12 / 2013,3 / 8 / 2013,6 / 7 / 2013,15 / 1 / 2013,6 / 12 / 2014,2 / 12 / 2014,9 / 10 / 2014,6 / 5 / 2014,9 / 1 / 2014,1 / 10 / 2015,18 / 6 / 2015,26 / 5 / 2015,4 / 4 / 2015,10 / 3 / 2015,22 / 12 / 2016,29 / 11 / 2016,15 / 11 / 2016,31 / 10 / 2016,15 / 9 / 2016,26 / 7 / 2016,24 / 5 / 2016,4 / 11 / 2017,28 / 10 / 2017,20 / 5 / 2017,14 / 1 / 2017,4 / 12 / 2018,18 / 10 / 2018,25 / 9 / 2018,24 / 7 / 2018,5 / 7 / 2018,22 / 2 / 2018,23 / 12 / 2019,22 / 10 / 2019,12 / 1 / 2019,31 / 12 / 2020,12 / 9 / 2020,7 / 7 / 2020,1 / 6 / 2020,10 / 3 / 2020,5 / 3 / 2020,20 / 2 / 2021,8 / 9 / 2022,14 / 7 / 2022,17 / 3 / 2022,19 / 2 / 2022
73,14 / 10 / 1998,12 / 9 / 1998,15 / 7 / 1998,13 / 6 / 1998,2 / 5 / 1998,14 / 3 / 1998,25 / 9 / 1999,12 / 7 / 2000,21 / 11 / 2001,13 / 10 / 2001,30 / 10 / 2002,2 / 10 / 2002,11 / 9 / 2002,17 / 8 / 2002,31 / 7 / 2002,13 / 2 / 2002,23 / 1 / 2002,27 / 9 / 2003,25 / 6 / 2003,9 / 4 / 2003,5 / 2 / 2003,3 / 3 / 2004,28 / 2 / 2004,11 / 2 / 2004,15 / 12 / 2005,5 / 11 / 2005,30 / 8 / 2005,4 / 6 / 2005,4 / 5 / 2005,27 / 4 / 2005,19 / 3 / 2005,2 / 11 / 2006,28 / 10 / 2006,23 / 9 / 2006,5 / 9 / 2006,11 / 4 / 2006,23 / 2 / 2006,24 / 1 / 2006,18 / 9 / 2007,26 / 5 / 2007,18 / 1 / 2007,20 / 12 / 2008,16 / 12 / 2008,30 / 10 / 2008,30 / 9 / 2008,21 / 8 / 2008,1 / 7 / 2008,5 / 6 / 2008,4 / 3 / 2008,29 / 1 / 2008,29 / 12 / 2009,5 / 11 / 2009,1 / 10 / 2009,21 / 12 / 2010,4 / 11 / 2010,7 / 8 / 2010,14 / 1 / 2010,10 / 9 / 2011,28 / 5 / 2011,8 / 2 / 2011,13 / 12 / 2012,21 / 4 / 2012,12 / 4 / 2012,18 / 2 / 2012,7 / 11 / 2013,30 / 3 / 2013,2 / 1 / 2013,27 / 12 / 2014,16 / 10 / 2014,17 / 7 / 2014,14 / 6 / 2014,10 / 5 / 2014,8 / 5 / 2014,30 / 5 / 2015,16 / 5 / 2015,7 / 4 / 2015,13 / 10 / 2016,8 / 9 / 2016,9 / 8 / 2016,17 / 5 / 2016,23 / 4 / 2016,5 / 4 / 2016,5 / 12 / 2017,23 / 9 / 2017,27 / 6 / 2017,24 / 6 / 2017,13 / 5 / 2017,11 / 3 / 2017,22 / 9 / 2018,9 / 6 / 2018,3 / 5 / 2018,27 / 3 / 2018,10 / 3 / 2018,1 / 3 / 2018,24 / 2 / 2018,7 / 11 / 2019,26 / 9 / 2019,9 / 7 / 2019,19 / 3 / 2019,11 / 8 / 2020,16 / 6 / 2020,15 / 2 / 2020,28 / 1 / 2020,9 / 1 / 2020,9 / 12 / 2021,4 / 9 / 2021,12 / 8 / 2021,29 / 4 / 2021,22 / 4 / 2021,7 / 1 / 2021,30 / 6 / 2022,15 / 2 / 2022
74,24 / 12 / 1997,23 / 5 / 1998,29 / 12 / 1999,11 / 12 / 1999,27 / 11 / 1999,30 / 10 / 1999,30 / 6 / 1999,23 / 12 / 2000,25 / 10 / 2000,21 / 10 / 2000,2 / 8 / 2000,14 / 6 / 2000,12 / 12 / 2001,24 / 10 / 2001,29 / 9 / 2001,26 / 9 / 2001,22 / 8 / 2001,16 / 6 / 2001,18 / 9 / 2002,7 / 9 / 2002,23 / 2 / 2002,3 / 12 / 2003,26 / 3 / 2003,19 / 3 / 2003,2 / 1 / 2003,27 / 10 / 2004,9 / 12 / 2005,6 / 9 / 2005,15 / 6 / 2005,11 / 7 / 2006,15 / 4 / 2006,5 / 1 / 2006,20 / 11 / 2007,13 / 10 / 2007,14 / 6 / 2007,1 / 2 / 2007,8 / 1 / 2007,23 / 10 / 2008,19 / 8 / 2008,12 / 2 / 2008,2 / 1 / 2008,24 / 12 / 2009,19 / 12 / 2009,10 / 10 / 2009,28 / 12 / 2010,27 / 12 / 2010,2 / 10 / 2010,14 / 9 / 2010,4 / 2 / 2010,16 / 1 / 2010,24 / 9 / 2011,27 / 8 / 2011,23 / 8 / 2011,17 / 2 / 2011,6 / 12 / 2012,10 / 11 / 2012,11 / 10 / 2012,6 / 10 / 2012,19 / 7 / 2012,28 / 6 / 2012,26 / 1 / 2012,31 / 8 / 2013,11 / 5 / 2013,27 / 4 / 2013,26 / 3 / 2013,23 / 2 / 2013,12 / 2 / 2013,26 / 1 / 2013,30 / 12 / 2014,29 / 12 / 2015,3 / 9 / 2015,13 / 8 / 2015,14 / 7 / 2015,4 / 6 / 2015,26 / 3 / 2015,13 / 1 / 2015,5 / 1 / 2015,13 / 9 / 2016,9 / 6 / 2016,12 / 5 / 2016,24 / 10 / 2017,7 / 9 / 2017,24 / 4 / 2017,6 / 4 / 2017,25 / 2 / 2017,21 / 1 / 2017,15 / 12 / 2018,18 / 8 / 2018,19 / 6 / 2018,21 / 4 / 2018,17 / 2 / 2018,16 / 5 / 2019,12 / 12 / 2020,26 / 11 / 2020,3 / 10 / 2020,17 / 8 / 2020,14 / 3 / 2020,27 / 12 / 2021,11 / 12 / 2021,2 / 12 / 2021,31 / 8 / 2021,3 / 8 / 2021,20 / 4 / 2021,16 / 1 / 2021
75,21 / 10 / 1998,8 / 7 / 1998,28 / 2 / 1998,17 / 11 / 1999,13 / 2 / 1999,22 / 11 / 2000,22 / 1 / 2000,19 / 5 / 2001,8 / 11 / 2003,16 / 4 / 2003,10 / 11 / 2004,17 / 1 / 2004,19 / 11 / 2005,17 / 9 / 2005,21 / 5 / 2005,21 / 10 / 2006,14 / 9 / 2006,13 / 7 / 2006,4 / 4 / 2006,29 / 12 / 2007,11 / 9 / 2007,10 / 7 / 2007,23 / 6 / 2007,17 / 5 / 2007,3 / 4 / 2008,25 / 3 / 2008,20 / 3 / 2008,7 / 11 / 2009,9 / 5 / 2009,23 / 10 / 2010,18 / 9 / 2010,5 / 8 / 2010,13 / 7 / 2010,1 / 6 / 2010,20 / 4 / 2010,13 / 12 / 2011,9 / 4 / 2011,19 / 3 / 2011,7 / 1 / 2011,25 / 10 / 2012,4 / 8 / 2012,26 / 6 / 2012,12 / 5 / 2012,25 / 2 / 2012,24 / 10 / 2013,5 / 10 / 2013,27 / 6 / 2013,10 / 1 / 2013,4 / 11 / 2014,25 / 9 / 2014,12 / 8 / 2014,12 / 4 / 2014,31 / 12 / 2015,17 / 8 / 2015,23 / 4 / 2015,18 / 4 / 2015,31 / 3 / 2015,18 / 8 / 2016,24 / 3 / 2016,2 / 9 / 2017,9 / 5 / 2017,27 / 4 / 2017,24 / 12 / 2018,10 / 11 / 2018,23 / 10 / 2018,9 / 10 / 2018,4 / 10 / 2018,14 / 7 / 2018,5 / 5 / 2018,19 / 4 / 2018,14 / 12 / 2019,30 / 11 / 2019,26 / 10 / 2019,7 / 9 / 2019,29 / 6 / 2019,16 / 4 / 2019,12 / 3 / 2019,5 / 2 / 2019,15 / 12 / 2020,12 / 11 / 2020,10 / 11 / 2020,29 / 10 / 2020,6 / 6 / 2020,28 / 10 / 2021,2 / 9 / 2021,3 / 4 / 2021,4 / 3 / 2021,7 / 4 / 2022
76,17 / 12 / 1997,23 / 12 / 1998,28 / 11 / 1998,29 / 8 / 1998,19 / 8 / 1998,11 / 2 / 1998,27 / 10 / 1999,18 / 9 / 1999,10 / 7 / 1999,27 / 3 / 1999,10 / 2 / 1999,9 / 1 / 1999,13 / 12 / 2000,23 / 9 / 2000,8 / 7 / 2000,5 / 7 / 2000,24 / 6 / 2000,10 / 6 / 2000,18 / 7 / 2001,14 / 7 / 2001,7 / 7 / 2001,20 / 1 / 2001,6 / 11 / 2002,29 / 6 / 2002,27 / 8 / 2003,1 / 3 / 2003,8 / 2 / 2003,1 / 2 / 2003,29 / 12 / 2004,18 / 12 / 2004,16 / 10 / 2004,29 / 9 / 2004,19 / 5 / 2004,10 / 4 / 2004,18 / 10 / 2005,26 / 7 / 2005,2 / 7 / 2005,16 / 3 / 2005,15 / 1 / 2005,8 / 1 / 2005,11 / 12 / 2007,28 / 7 / 2007,21 / 4 / 2007,24 / 2 / 2007,30 / 1 / 2007,15 / 3 / 2008,15 / 1 / 2008,22 / 12 / 2009,17 / 10 / 2009,24 / 9 / 2009,19 / 9 / 2009,16 / 6 / 2009,13 / 6 / 2009,28 / 4 / 2009,28 / 3 / 2009,28 / 2 / 2009,10 / 1 / 2009,10 / 7 / 2010,10 / 4 / 2010,20 / 3 / 2010,24 / 11 / 2011,18 / 10 / 2011,17 / 11 / 2012,27 / 9 / 2012,20 / 9 / 2012,3 / 7 / 2012,2 / 5 / 2012,28 / 4 / 2012,14 / 2 / 2012,24 / 12 / 2013,17 / 10 / 2013,12 / 9 / 2013,27 / 8 / 2013,19 / 8 / 2013,25 / 6 / 2013,2 / 2 / 2013,29 / 1 / 2013,20 / 12 / 2014,31 / 7 / 2014,3 / 6 / 2014,8 / 4 / 2014,29 / 3 / 2014,17 / 12 / 2015,5 / 12 / 2015,26 / 11 / 2015,6 / 10 / 2015,28 / 3 / 2015,25 / 6 / 2016,19 / 4 / 2016,12 / 1 / 2016,7 / 1 / 2016,21 / 12 / 2017,5 / 8 / 2017,29 / 7 / 2017,13 / 7 / 2017,8 / 7 / 2017,29 / 4 / 2017,7 / 7 / 2018,14 / 6 / 2018,3 / 10 / 2019,12 / 9 / 2019,7 / 3 / 2019,12 / 2 / 2019,28 / 12 / 2020,21 / 11 / 2020,17 / 9 / 2020,5 / 9 / 2020,7 / 3 / 2020,30 / 1 / 2020,7 / 1 / 2020,30 / 12 / 2021,12 / 6 / 2021,27 / 2 / 2021,18 / 6 / 2022
77,12 / 12 / 1998,7 / 10 / 1998,19 / 9 / 1998,13 / 5 / 1998,28 / 1 / 1998,28 / 7 / 1999,17 / 7 / 1999,24 / 3 / 1999,10 / 5 / 2000,24 / 11 / 2001,1 / 8 / 2001,28 / 3 / 2001,17 / 3 / 2001,7 / 8 / 2002,22 / 5 / 2002,13 / 8 / 2003,23 / 7 / 2003,14 / 6 / 2003,12 / 3 / 2003,11 / 12 / 2004,30 / 10 / 2004,14 / 1 / 2004,13 / 8 / 2005,11 / 8 / 2005,16 / 7 / 2005,14 / 7 / 2005,23 / 6 / 2005,29 / 1 / 2005,12 / 1 / 2005,7 / 11 / 2006,17 / 10 / 2006,10 / 10 / 2006,26 / 9 / 2006,9 / 9 / 2006,8 / 8 / 2006,18 / 4 / 2006,6 / 4 / 2006,27 / 11 / 2007,20 / 9 / 2007,28 / 8 / 2007,17 / 3 / 2007,23 / 1 / 2007,27 / 9 / 2008,9 / 9 / 2008,14 / 6 / 2008,19 / 1 / 2008,13 / 10 / 2009,20 / 6 / 2009,9 / 4 / 2009,16 / 12 / 2010,20 / 11 / 2010,4 / 9 / 2010,17 / 12 / 2011,19 / 11 / 2011,22 / 10 / 2011,30 / 7 / 2011,21 / 5 / 2011,2 / 4 / 2011,31 / 3 / 2011,12 / 2 / 2011,27 / 11 / 2012,18 / 10 / 2012,31 / 5 / 2012,17 / 3 / 2012,12 / 10 / 2013,8 / 8 / 2013,1 / 6 / 2013,9 / 2 / 2013,7 / 2 / 2013,12 / 1 / 2013,29 / 11 / 2014,13 / 11 / 2014,11 / 10 / 2014,17 / 4 / 2014,5 / 4 / 2014,6 / 8 / 2015,28 / 7 / 2015,16 / 6 / 2015,28 / 5 / 2015,27 / 4 / 2015,24 / 2 / 2015,15 / 12 / 2016,22 / 10 / 2016,15 / 10 / 2016,18 / 2 / 2016,10 / 8 / 2017,11 / 7 / 2017,15 / 6 / 2017,11 / 2 / 2017,5 / 1 / 2017,1 / 12 / 2018,27 / 10 / 2018,21 / 8 / 2018,31 / 5 / 2018,15 / 2 / 2018,4 / 1 / 2018,31 / 12 / 2019,19 / 12 / 2019,6 / 6 / 2019,23 / 5 / 2019,9 / 3 / 2019,8 / 8 / 2020,4 / 8 / 2020,21 / 10 / 2021,29 / 6 / 2021,30 / 3 / 2021,20 / 3 / 2021,4 / 2 / 2021,27 / 8 / 2022,19 / 7 / 2022,26 / 5 / 2022,8 / 3 / 2022,5 / 3 / 2022,13 / 1 / 2022
78,5 / 8 / 1998,16 / 5 / 1998,15 / 4 / 1998,24 / 1 / 1998,4 / 8 / 1999,31 / 7 / 1999,21 / 7 / 1999,2 / 1 / 1999,25 / 11 / 2000,15 / 11 / 2000,16 / 9 / 2000,23 / 8 / 2000,17 / 5 / 2000,12 / 2 / 2000,12 / 1 / 2000,11 / 7 / 2001,14 / 4 / 2001,11 / 4 / 2001,10 / 2 / 2001,4 / 9 / 2002,20 / 7 / 2002,15 / 6 / 2002,9 / 2 / 2002,12 / 7 / 2003,19 / 2 / 2003,4 / 8 / 2004,17 / 3 / 2004,24 / 9 / 2005,21 / 7 / 2005,21 / 6 / 2005,26 / 1 / 2005,12 / 10 / 2006,15 / 6 / 2006,18 / 5 / 2006,13 / 11 / 2007,3 / 11 / 2007,12 / 7 / 2007,5 / 7 / 2007,13 / 1 / 2007,2 / 12 / 2008,29 / 11 / 2008,20 / 9 / 2008,31 / 5 / 2008,27 / 5 / 2008,12 / 1 / 2008,15 / 10 / 2009,22 / 8 / 2009,18 / 7 / 2009,9 / 12 / 2010,9 / 9 / 2010,3 / 8 / 2010,17 / 7 / 2010,9 / 7 / 2011,19 / 5 / 2011,23 / 4 / 2011,22 / 3 / 2011,3 / 4 / 2012,18 / 6 / 2013,3 / 1 / 2013,4 / 12 / 2014,26 / 6 / 2014,24 / 5 / 2014,26 / 4 / 2014,24 / 10 / 2015,10 / 9 / 2015,27 / 8 / 2015,31 / 1 / 2015,22 / 1 / 2015,22 / 11 / 2016,6 / 10 / 2016,28 / 6 / 2016,13 / 2 / 2016,22 / 4 / 2017,1 / 4 / 2017,20 / 12 / 2018,31 / 3 / 2018,1 / 10 / 2019,15 / 6 / 2019,28 / 11 / 2020,21 / 5 / 2020,23 / 12 / 2021,14 / 9 / 2021,13 / 5 / 2021,23 / 8 / 2022,6 / 6 / 2022,21 / 5 / 2022,15 / 3 / 2022
79,14 / 11 / 1998,6 / 5 / 1998,22 / 9 / 1999,17 / 4 / 1999,18 / 3 / 2000,18 / 8 / 2001,2 / 11 / 2002,19 / 10 / 2002,26 / 6 / 2002,27 / 3 / 2002,16 / 3 / 2002,31 / 12 / 2003,21 / 6 / 2003,11 / 1 / 2003,15 / 9 / 2004,1 / 9 / 2004,19 / 6 / 2004,24 / 4 / 2004,4 / 2 / 2004,25 / 11 / 2006,5 / 8 / 2006,8 / 7 / 2006,26 / 1 / 2006,18 / 10 / 2007,23 / 8 / 2007,19 / 6 / 2007,10 / 2 / 2007,16 / 1 / 2007,15 / 11 / 2008,4 / 11 / 2008,4 / 9 / 2008,17 / 5 / 2008,17 / 4 / 2008,1 / 4 / 2008,8 / 3 / 2008,13 / 8 / 2009,11 / 6 / 2009,10 / 2 / 2009,10 / 8 / 2010,6 / 7 / 2010,24 / 4 / 2010,6 / 4 / 2010,16 / 3 / 2010,18 / 2 / 2010,14 / 5 / 2011,20 / 10 / 2012,5 / 4 / 2012,16 / 2 / 2012,14 / 1 / 2012,10 / 12 / 2013,30 / 11 / 2013,9 / 11 / 2013,4 / 5 / 2013,11 / 1 / 2014,24 / 9 / 2015,1 / 8 / 2015,20 / 6 / 2015,22 / 9 / 2016,4 / 6 / 2016,6 / 2 / 2016,21 / 1 / 2016,16 / 1 / 2016,27 / 7 / 2017,20 / 4 / 2017,18 / 2 / 2017,17 / 11 / 2018,25 / 10 / 2018,2 / 10 / 2018,8 / 9 / 2018,14 / 4 / 2018,24 / 3 / 2018,11 / 1 / 2018,3 / 12 / 2019,16 / 11 / 2019,9 / 5 / 2019,5 / 3 / 2019,21 / 2 / 2019,14 / 2 / 2019,31 / 1 / 2019,24 / 1 / 2019,19 / 1 / 2019,15 / 1 / 2019,10 / 12 / 2020,24 / 9 / 2020,9 / 6 / 2020,6 / 2 / 2020,25 / 1 / 2020,7 / 12 / 2021,6 / 11 / 2021,9 / 10 / 2021,4 / 5 / 2021,1 / 10 / 2022,18 / 8 / 2022
80,9 / 12 / 1998,24 / 10 / 1998,22 / 8 / 1998,21 / 2 / 1998,19 / 5 / 1999,27 / 1 / 1999,26 / 7 / 2000,29 / 4 / 2000,8 / 1 / 2000,5 / 1 / 2000,5 / 5 / 2001,2 / 5 / 2001,21 / 12 / 2002,6 / 3 / 2002,20 / 2 / 2002,30 / 1 / 2002,22 / 11 / 2003,19 / 7 / 2003,11 / 6 / 2003,8 / 3 / 2003,21 / 7 / 2004,21 / 2 / 2004,27 / 12 / 2005,2 / 11 / 2005,11 / 10 / 2005,23 / 8 / 2005,30 / 6 / 2005,14 / 12 / 2006,14 / 11 / 2006,26 / 8 / 2006,27 / 5 / 2006,22 / 11 / 2007,8 / 9 / 2007,5 / 5 / 2007,2 / 5 / 2007,7 / 4 / 2007,20 / 3 / 2007,26 / 8 / 2008,26 / 7 / 2008,26 / 6 / 2008,10 / 6 / 2008,15 / 5 / 2008,26 / 2 / 2008,8 / 9 / 2009,18 / 8 / 2009,23 / 7 / 2009,9 / 7 / 2009,7 / 3 / 2009,11 / 12 / 2010,14 / 8 / 2010,30 / 3 / 2010,18 / 3 / 2010,2 / 2 / 2010,15 / 3 / 2011,22 / 1 / 2011,18 / 1 / 2011,24 / 5 / 2012,10 / 3 / 2012,28 / 2 / 2013,22 / 1 / 2013,25 / 10 / 2014,13 / 9 / 2014,21 / 8 / 2014,8 / 7 / 2014,24 / 4 / 2014,27 / 3 / 2014,15 / 12 / 2015,29 / 10 / 2015,22 / 10 / 2015,2 / 7 / 2015,12 / 5 / 2015,5 / 5 / 2015,21 / 4 / 2015,19 / 3 / 2015,12 / 12 / 2016,27 / 10 / 2016,30 / 8 / 2016,27 / 8 / 2016,23 / 8 / 2016,5 / 3 / 2016,23 / 2 / 2016,20 / 11 / 2018,6 / 11 / 2018,7 / 4 / 2018,27 / 1 / 2018,19 / 11 / 2020,5 / 11 / 2020,22 / 8 / 2020,13 / 2 / 2020,2 / 1 / 2020,20 / 11 / 2021,14 / 10 / 2021,9 / 9 / 2021,22 / 5 / 2021,10 / 4 / 2021,23 / 2 / 2021,29 / 9 / 2022,13 / 8 / 2022,30 / 7 / 2022
81,4 / 11 / 1998,7 / 2 / 1998,6 / 11 / 1999,16 / 6 / 1999,5 / 6 / 1999,26 / 8 / 2000,15 / 3 / 2000,4 / 3 / 2000,21 / 7 / 2001,27 / 1 / 2001,17 / 12 / 2002,24 / 12 / 2003,18 / 10 / 2003,23 / 8 / 2003,12 / 4 / 2003,17 / 4 / 2004,3 / 4 / 2004,28 / 1 / 2004,30 / 12 / 2006,21 / 12 / 2006,12 / 12 / 2006,5 / 12 / 2006,10 / 8 / 2006,10 / 6 / 2006,30 / 3 / 2006,7 / 3 / 2006,2 / 2 / 2006,15 / 11 / 2007,16 / 10 / 2008,25 / 7 / 2009,14 / 4 / 2009,22 / 1 / 2009,13 / 1 / 2009,12 / 8 / 2010,22 / 6 / 2010,20 / 10 / 2011,24 / 3 / 2011,1 / 3 / 2011,13 / 11 / 2012,11 / 9 / 2012,25 / 8 / 2012,2 / 8 / 2012,26 / 5 / 2012,14 / 4 / 2012,4 / 2 / 2012,25 / 5 / 2013,21 / 5 / 2013,30 / 4 / 2013,4 / 4 / 2013,5 / 2 / 2013,6 / 2 / 2014,9 / 7 / 2015,12 / 11 / 2016,25 / 10 / 2016,6 / 9 / 2016,3 / 9 / 2016,1 / 9 / 2016,21 / 6 / 2016,16 / 4 / 2016,8 / 3 / 2016,28 / 1 / 2016,11 / 4 / 2017,7 / 3 / 2017,23 / 2 / 2017,7 / 2 / 2017,10 / 12 / 2018,3 / 3 / 2018,21 / 12 / 2019,30 / 7 / 2019,28 / 5 / 2019,4 / 5 / 2019,7 / 11 / 2020,6 / 10 / 2020,23 / 5 / 2020,17 / 7 / 2021,1 / 7 / 2021,17 / 4 / 2021,11 / 3 / 2021,11 / 8 / 2022,5 / 4 / 2022,26 / 2 / 2022,10 / 1 / 2022
82,22 / 4 / 1998,1 / 9 / 1999,27 / 2 / 1999,18 / 11 / 2000,27 / 9 / 2000,30 / 8 / 2000,19 / 8 / 2000,24 / 5 / 2000,16 / 2 / 2000,15 / 12 / 2001,10 / 12 / 2001,3 / 11 / 2001,9 / 5 / 2001,26 / 4 / 2001,24 / 3 / 2001,24 / 12 / 2002,17 / 12 / 2003,15 / 2 / 2003,15 / 1 / 2003,1 / 6 / 2005,19 / 1 / 2005,9 / 11 / 2006,19 / 8 / 2006,4 / 12 / 2007,10 / 11 / 2007,22 / 9 / 2007,5 / 6 / 2007,17 / 4 / 2007,15 / 3 / 2007,27 / 2 / 2007,8 / 2 / 2007,27 / 12 / 2008,21 / 10 / 2008,18 / 10 / 2008,2 / 9 / 2008,16 / 8 / 2008,17 / 7 / 2008,17 / 12 / 2009,25 / 8 / 2009,20 / 8 / 2009,30 / 7 / 2009,2 / 5 / 2009,12 / 2 / 2009,21 / 10 / 2010,25 / 3 / 2010,13 / 3 / 2010,9 / 1 / 2010,1 / 10 / 2011,9 / 10 / 2012,16 / 6 / 2012,22 / 3 / 2012,15 / 3 / 2012,28 / 1 / 2012,24 / 7 / 2014,10 / 7 / 2014,4 / 2 / 2014,10 / 12 / 2015,31 / 10 / 2015,24 / 3 / 2015,28 / 2 / 2015,21 / 2 / 2015,14 / 4 / 2016,14 / 1 / 2016,22 / 7 / 2017,8 / 4 / 2017,10 / 2 / 2018,9 / 1 / 2018,24 / 9 / 2019,20 / 7 / 2019,2 / 5 / 2019,18 / 4 / 2019,25 / 11 / 2021,23 / 10 / 2021,7 / 9 / 2021,21 / 8 / 2021,27 / 7 / 2021,6 / 4 / 2021,20 / 9 / 2022
83,31 / 10 / 1998,15 / 5 / 1999,12 / 5 / 1999,16 / 1 / 1999,2 / 11 / 2000,28 / 10 / 2000,19 / 4 / 2000,23 / 6 / 2001,7 / 4 / 2001,12 / 12 / 2002,24 / 7 / 2002,6 / 7 / 2002,8 / 10 / 2003,30 / 7 / 2003,26 / 7 / 2003,21 / 5 / 2003,27 / 12 / 2004,28 / 7 / 2004,3 / 5 / 2004,29 / 11 / 2005,22 / 11 / 2005,30 / 3 / 2005,16 / 2 / 2005,25 / 2 / 2006,1 / 9 / 2007,28 / 10 / 2008,6 / 5 / 2008,28 / 11 / 2009,4 / 7 / 2009,4 / 6 / 2009,16 / 9 / 2010,29 / 6 / 2010,11 / 2 / 2010,9 / 12 / 2011,15 / 9 / 2011,24 / 2 / 2011,7 / 1 / 2012,23 / 11 / 2013,5 / 11 / 2013,8 / 10 / 2013,13 / 8 / 2013,6 / 4 / 2013,2 / 4 / 2013,27 / 9 / 2014,23 / 9 / 2014,1 / 4 / 2014,1 / 3 / 2014,30 / 1 / 2014,14 / 1 / 2014,28 / 12 / 2015,21 / 7 / 2015,3 / 6 / 2015,12 / 3 / 2015,5 / 5 / 2016,5 / 1 / 2016,30 / 9 / 2017,28 / 9 / 2017,25 / 3 / 2017,10 / 1 / 2017,27 / 11 / 2018,17 / 3 / 2018,8 / 8 / 2019,11 / 4 / 2019,28 / 2 / 2019,23 / 2 / 2019,30 / 6 / 2020,21 / 7 / 2022,15 / 1 / 2022
84,30 / 5 / 1998,8 / 4 / 1998,25 / 2 / 1998,7 / 8 / 1999,14 / 7 / 1999,13 / 3 / 1999,15 / 4 / 2000,8 / 4 / 2000,13 / 11 / 2002,10 / 12 / 2003,19 / 11 / 2003,29 / 3 / 2003,6 / 10 / 2004,13 / 3 / 2004,14 / 5 / 2005,7 / 9 / 2006,25 / 7 / 2006,22 / 12 / 2007,4 / 10 / 2007,14 / 4 / 2007,5 / 4 / 2007,13 / 2 / 2007,11 / 1 / 2007,2 / 10 / 2008,24 / 5 / 2008,15 / 12 / 2009,4 / 8 / 2009,11 / 4 / 2009,31 / 5 / 2011,20 / 1 / 2011,29 / 9 / 2012,22 / 9 / 2012,23 / 6 / 2012,22 / 5 / 2012,19 / 5 / 2012,15 / 5 / 2012,21 / 2 / 2013,8 / 1 / 2015,12 / 7 / 2016,7 / 5 / 2016,7 / 11 / 2017,3 / 10 / 2017,31 / 8 / 2017,22 / 12 / 2018,11 / 12 / 2018,15 / 9 / 2018,26 / 6 / 2018,17 / 12 / 2019,20 / 4 / 2019,29 / 1 / 2019,26 / 9 / 2020,14 / 1 / 2020,11 / 11 / 2021,11 / 9 / 2021,19 / 8 / 2021,19 / 6 / 2021,8 / 6 / 2021,6 / 5 / 2021,9 / 6 / 2022,4 / 1 / 2022
85,13 / 11 / 1999,5 / 5 / 1999,28 / 4 / 1999,1 / 4 / 2000,26 / 1 / 2000,6 / 10 / 2001,29 / 8 / 2001,7 / 2 / 2001,8 / 6 / 2002,5 / 6 / 2002,4 / 5 / 2002,17 / 5 / 2003,29 / 1 / 2003,8 / 1 / 2003,18 / 8 / 2004,29 / 5 / 2004,8 / 11 / 2005,25 / 6 / 2005,27 / 12 / 2006,21 / 9 / 2006,31 / 8 / 2006,2 / 3 / 2006,8 / 3 / 2007,6 / 3 / 2007,12 / 4 / 2008,25 / 11 / 2010,2 / 11 / 2011,21 / 6 / 2011,7 / 6 / 2011,15 / 1 / 2011,3 / 1 / 2011,7 / 12 / 2013,24 / 9 / 2013,4 / 6 / 2013,2 / 10 / 2014,24 / 6 / 2014,17 / 5 / 2014,25 / 8 / 2015,20 / 1 / 2015,24 / 12 / 2016,7 / 7 / 2016,26 / 5 / 2016,17 / 3 / 2016,18 / 11 / 2017,4 / 3 / 2017,6 / 9 / 2018,28 / 4 / 2018,12 / 10 / 2019,7 / 5 / 2019,9 / 2 / 2019,22 / 1 / 2019,10 / 1 / 2019,16 / 5 / 2020,15 / 7 / 2021,6 / 3 / 2021,12 / 1 / 2021,25 / 6 / 2022
86,4 / 4 / 1998,11 / 3 / 1998,28 / 6 / 2000,26 / 2 / 2000,14 / 11 / 2001,8 / 8 / 2001,12 / 5 / 2001,30 / 8 / 2003,26 / 2 / 2003,12 / 3 / 2005,21 / 11 / 2006,24 / 10 / 2006,5 / 10 / 2006,16 / 5 / 2006,28 / 2 / 2006,25 / 10 / 2007,18 / 11 / 2008,8 / 7 / 2008,7 / 4 / 2009,2 / 4 / 2009,21 / 3 / 2009,17 / 8 / 2010,2 / 3 / 2010,3 / 11 / 2012,24 / 7 / 2012,22 / 6 / 2013,17 / 9 / 2016,2 / 4 / 2016,18 / 5 / 2017,21 / 2 / 2017,7 / 1 / 2017,20 / 10 / 2018,12 / 7 / 2018,24 / 5 / 2018,3 / 2 / 2018,14 / 11 / 2020,29 / 7 / 2021,13 / 4 / 2021,2 / 3 / 2021,23 / 1 / 2021
87,20 / 12 / 1997,10 / 12 / 1997,18 / 7 / 1998,3 / 7 / 1999,22 / 3 / 2000,17 / 11 / 2001,4 / 4 / 2001,3 / 2 / 2001,28 / 8 / 2002,1 / 12 / 2004,25 / 9 / 2004,21 / 1 / 2004,23 / 4 / 2005,30 / 11 / 2006,18 / 8 / 2007,28 / 6 / 2007,3 / 5 / 2007,5 / 8 / 2008,3 / 6 / 2008,31 / 1 / 2009,14 / 12 / 2010,7 / 9 / 2010,8 / 10 / 2011,4 / 8 / 2011,7 / 7 / 2011,2 / 7 / 2013,29 / 4 / 2013,19 / 2 / 2013,5 / 8 / 2014,13 / 8 / 2016,23 / 7 / 2016,6 / 6 / 2016,28 / 3 / 2017,9 / 11 / 2019,13 / 7 / 2019,9 / 7 / 2020,1 / 9 / 2022,19 / 5 / 2022,9 / 4 / 2022
88,3 / 1 / 1998,25 / 8 / 1999,13 / 9 / 2000,21 / 9 / 2002,10 / 4 / 2002,7 / 5 / 2003,13 / 4 / 2005,21 / 6 / 2007,10 / 5 / 2008,14 / 5 / 2009,12 / 3 / 2009,1 / 7 / 2010,5 / 6 / 2010,13 / 2 / 2010,23 / 1 / 2010,10 / 2 / 2011,26 / 9 / 2015,10 / 1 / 2015,20 / 10 / 2016,14 / 10 / 2017,3 / 6 / 2017,28 / 8 / 2018,2 / 1 / 2018,29 / 1 / 2022
89,2 / 9 / 1998,23 / 10 / 2007,22 / 5 / 2007,8 / 10 / 2009,25 / 2 / 2010,6 / 12 / 2011,12 / 5 / 2011,2 / 11 / 2013,17 / 9 / 2013,3 / 9 / 2013,11 / 4 / 2013,1 / 8 / 2017,7 / 12 / 2020
