Ball Num,Start_date,Point 1,Point 2,Point 3,Point 4,Point 5,Point 6,Point 7,Point 8,Point 9,Point 10,Point 11,Point 12,Point 13,Point 14,Point 15,Point 16,Point 17,Point 18,Point 19,Point 20,Point 21,Point 22,Point 23,Point 24,Point 25,Point 26,Point 27,Point 28,Point 29,Point 30,Point 31,Point 32,Point 33,Point 34,Point 35,Point 36,Point 37,Point 38,Point 39,Point 40,Point 41,Point 42,Point 43,Point 44,Point 45,Point 46,Point 47,Point 48,Point 49,Point 50,Point 51,Point 52,Point 53,Point 54,Point 55,Point 56,Point 57,Point 58,Point 59,Point 60,Point 61,Point 62,Point 63,Point 64,Point 65,Point 66,Point 67,Point 68,Point 69,Point 70,Point 71,Point 72,Point 73,Point 74,Point 75,Point 76,Point 77,Point 78,Point 79,Point 80,Point 81,Point 82,Point 83,Point 84,Point 85,Point 86,Point 87,Point 88,Point 89,Point 90,Point 91,Point 92,Point 93,Point 94,Point 95,Point 96,Point 97,Point 98,Point 99,Point 100,Point 101,Point 102,Point 103,Point 104,Point 105,Point 106,Point 107,Point 108,Point 109,Point 110,Point 111,Point 112,Point 113,Point 114,Point 115,Point 116,Point 117,Point 118,Point 119,Point 120,Point 121,Point 122,Point 123,Point 124,Point 125,Point 126,Point 127,Point 128,Point 129,Point 130,Point 131,Point 132,Point 133,Point 134,Point 135,Point 136,Point 137,Point 138,Point 139,Point 140,Point 141,Point 142,Point 143,Point 144,Point 145,Point 146,Point 147,Point 148,Point 149,Point 150,Point 151,Point 152,Point 153,Point 154,Point 155,Point 156,Point 157,Point 158,Point 159,Point 160,Point 161,Point 162,Point 163,Point 164,Point 165,Point 166,Point 167
1,2009/1/22,0,9,56,61,65,112,128,149,187,259,301,327,329,352,387,399,439,499,523,525,541,562,565,651,705,712,735,749,751,840,859,896,922,985,989,999,1048,1051,1108,1143,1148,1213,1216,1241,1339,1363,1381,1388,1407,1449,1458,1493,1540,1552,1556,1603,1664,1675,1685,1699,1706,1720,1736,1745,1878,1930,1955,1988,2011,2042,2063,2074,2158,2371,2398,2436,2438,2464,2508,2513,2536,2611,2639,2646,2672,2681,2723,2728,2739,2774,2830,2837,2893,2905,2910,3012,3038,3113,3218,3267,3299,3355,3369,3409,3428,3435,3505,3509,3633,3649,3719,3729,3752,3820,3864,3887,3943,4009,4048,4069,4158,4163,4186,4237,4291,4307,4337,4340,4454,4464,4471,4503,4531,4564,4569,4580,4615,4657,4755,4772,4909,4944,4986,4989,5010,5024
2,2009/1/10,0,12,14,61,80,84,89,94,112,164,201,220,222,378,448,481,579,672,773,775,801,808,854,892,906,908,948,955,973,1020,1071,1085,1113,1260,1270,1291,1300,1379,1568,1570,1613,1624,1652,1671,1687,1729,1746,1792,1806,2033,2093,2133,2159,2191,2196,2201,2387,2394,2399,2420,2455,2457,2492,2567,2574,2590,2593,2600,2621,2639,2646,2651,2772,2807,2826,2840,2868,2884,2919,2950,2975,3066,3087,3106,3157,3199,3223,3232,3258,3290,3300,3339,3351,3360,3395,3444,3454,3472,3505,3510,3526,3538,3652,3701,3785,3799,3843,3976,4014,4144,4266,4319,4338,4392,4436,4455,4532,4536,4569,4602,4674,4837,4877,4879,4893,4907,4938,4982
3,2009/1/31,0,12,45,61,63,66,75,143,257,301,486,504,584,628,679,682,724,742,752,763,789,826,831,915,945,973,1027,1064,1211,1230,1295,1326,1335,1382,1435,1480,1524,1566,1585,1613,1661,1713,1727,1811,1818,1827,1830,1900,1911,1921,1928,1939,1949,1960,1970,1986,2070,2128,2250,2296,2314,2380,2397,2537,2653,2674,2683,2793,2826,2830,2961,2975,2978,2985,3001,3020,3113,3213,3241,3267,3300,3353,3391,3444,3449,3514,3531,3556,3577,3580,3628,3643,3645,3685,3750,3815,3974,3983,3986,4023,4128,4137,4228,4305,4375,4403,4413,4522,4562,4581,4583,4595,4609,4665,4727,4781,4784,4912,4956,4991,5012
4,2009/1/24,0,42,56,66,70,108,138,175,192,205,213,238,250,325,355,371,383,402,418,420,451,458,467,537,570,602,644,702,703,709,726,833,971,973,1041,1046,1085,1295,1379,1475,1477,1489,1496,1529,1531,1620,1624,1669,1706,1746,1816,1928,2007,2028,2035,2070,2247,2264,2278,2310,2348,2376,2392,2396,2399,2406,2443,2457,2469,2555,2607,2705,2721,2733,2740,2768,2777,2779,2793,2798,2819,2821,2831,2950,2966,2996,3010,3031,3104,3181,3234,3300,3437,3507,3556,3573,3619,3659,3673,3752,3794,3867,3904,3939,3965,3979,4037,4151,4163,4196,4205,4207,4219,4259,4263,4422,4424,4492,4590,4674,4749,4884,4900,5001,5010,5015
5,2009/4/14,0,44,133,151,163,182,254,280,322,338,385,457,520,585,590,618,625,641,721,765,784,805,840,872,900,905,932,1038,1096,1127,1192,1222,1227,1243,1285,1323,1395,1453,1477,1516,1521,1579,1588,1593,1635,1652,1654,1705,1743,1796,1836,1855,1859,1911,1918,2086,2102,2114,2139,2146,2165,2174,2436,2449,2466,2475,2552,2601,2632,2786,2907,2919,3026,3028,3040,3061,3152,3187,3206,3210,3229,3231,3292,3348,3397,3504,3532,3588,3602,3649,3658,3675,3824,3833,3836,3885,3915,3922,3976,3994,4057,4069,4130,4139,4143,4190,4223,4265,4291,4314,4321,4405,4424,4522,4524,4543,4648,4666,4676,4739,4748,4806,4827,4874,4883,4888,4900,4914,4935
6,2009/2/21,0,7,49,94,115,133,145,199,245,304,339,388,397,413,425,427,458,469,523,539,553,570,586,700,752,755,791,810,857,861,864,885,906,936,943,1039,1104,1125,1151,1162,1174,1186,1218,1223,1288,1316,1326,1379,1389,1398,1402,1428,1438,1452,1456,1528,1533,1550,1554,1573,1585,1648,1736,1797,1806,1902,1925,1972,2019,2040,2051,2058,2063,2147,2194,2261,2278,2285,2287,2306,2310,2373,2429,2434,2443,2497,2532,2569,2609,2747,2756,2800,2851,2891,2912,2940,2957,2968,2975,3010,3036,3059,3062,3073,3094,3141,3146,3167,3178,3181,3234,3325,3355,3360,3391,3407,3412,3449,3531,3554,3566,3568,3573,3580,3629,3664,3717,3780,3787,3811,3815,3820,3979,3986,4135,4147,4158,4186,4221,4228,4289,4291,4307,4310,4410,4455,4529,4534,4539,4583,4595,4641,4644,4658,4660,4683,4692,4711,4753,4809,4877,4919,4938,4968,4989
7,2009/2/5,0,9,81,89,119,135,154,170,378,399,427,443,539,548,579,653,697,763,777,875,880,887,957,987,1031,1043,1066,1297,1332,1351,1369,1461,1496,1671,1680,1701,1708,1804,1820,1850,1881,1904,1941,1993,2046,2070,2086,2097,2128,2170,2191,2226,2233,2235,2254,2280,2375,2389,2396,2443,2508,2525,2555,2646,2770,2809,2823,2872,2891,2935,3038,3043,3134,3141,3159,3187,3194,3236,3292,3327,3341,3346,3421,3456,3481,3502,3526,3568,3586,3595,3598,3710,3724,3822,3841,3864,3873,3883,3936,3948,4060,4118,4144,4163,4205,4214,4216,4230,4256,4303,4347,4387,4401,4443,4454,4489,4566,4594,4597,4620,4629,4667,4671,4692,4818,4877,4914,4923,4947
8,2009/1/15,0,16,23,142,149,177,201,247,275,383,420,422,439,520,565,602,705,730,737,807,826,856,938,959,968,992,994,1017,1029,1129,1150,1204,1236,1279,1295,1335,1351,1388,1402,1426,1468,1542,1598,1615,1659,1724,1850,1871,1897,1941,1953,1988,2000,2109,2207,2212,2259,2289,2293,2359,2361,2366,2368,2436,2455,2490,2534,2555,2564,2604,2606,2609,2648,2693,2697,2725,2772,2868,2914,2973,2998,3021,3024,3026,3096,3120,3173,3215,3220,3281,3306,3309,3374,3561,3581,3644,3652,3703,3756,3764,3780,3785,3848,3866,3936,3974,3985,3988,3999,4032,4072,4163,4282,4284,4365,4408,4436,4480,4550,4559,4601,4634,4655,4807,4837,4890,4895,4940,4958,5026
9,2009/1/13,0,70,93,116,119,130,191,254,270,298,330,340,424,499,525,529,539,546,550,583,627,639,702,707,777,823,826,900,919,928,956,963,970,1003,1012,1078,1082,1099,1169,1183,1194,1205,1250,1255,1292,1365,1395,1407,1430,1460,1481,1528,1633,1635,1757,1759,1841,1850,1857,1908,1929,1941,2034,2083,2088,2102,2120,2149,2185,2186,2191,2247,2258,2324,2412,2436,2438,2440,2466,2475,2555,2613,2685,2704,2727,2772,2786,2797,2800,2860,2863,2893,2912,2919,2937,2951,2954,2963,3021,3082,3087,3194,3290,3327,3334,3353,3364,3397,3425,3441,3455,3469,3588,3598,3621,3677,3707,3770,3889,3899,3922,3934,3950,3994,4018,4064,4157,4228,4234,4263,4265,4307,4333,4335,4356,4386,4417,4440,4470,4522,4529,4533,4645,4652,4664,4711,4738,4781,4785,4788,4799,4823,4874,4916,4949,4991,5012
10,2009/2/26,0,14,16,30,105,172,177,215,289,310,478,499,530,534,551,562,616,644,691,712,721,751,824,833,889,1008,1013,1020,1043,1134,1171,1183,1300,1302,1309,1342,1360,1384,1406,1430,1475,1535,1563,1689,1713,1717,1731,1738,1748,1750,1757,1762,1841,1909,1920,1976,1988,1990,2109,2147,2161,2170,2193,2210,2219,2242,2252,2266,2387,2399,2506,2536,2546,2613,2618,2632,2637,2655,2700,2732,2760,2837,2854,2977,3008,3010,3120,3155,3204,3227,3243,3285,3316,3334,3350,3365,3386,3439,3458,3512,3528,3570,3642,3684,3696,3703,3815,3817,3852,3885,3901,3943,4016,4107,4151,4153,4165,4205,4228,4270,4310,4384,4405,4415,4440,4464,4492,4506,4529,4555,4569,4620,4669,4687,4690,4704,4723,4837,4951,4970,4998
11,2009/2/3,0,7,49,84,95,107,191,200,252,277,329,352,366,403,527,541,548,571,723,725,735,784,858,870,872,879,886,968,975,989,1022,1066,1150,1152,1155,1173,1180,1269,1285,1292,1386,1406,1407,1429,1432,1467,1481,1544,1631,1658,1659,1670,1717,1761,1803,1836,1890,1899,1906,1948,1983,1985,1990,2016,2053,2069,2076,2132,2177,2179,2251,2265,2328,2338,2412,2436,2508,2538,2562,2636,2641,2657,2664,2699,2788,2795,2807,2858,2877,2921,2930,2942,2944,2951,3047,3082,3098,3138,3189,3194,3206,3297,3322,3341,3364,3409,3425,3439,3453,3472,3565,3607,3647,3654,3670,3677,3754,3782,3892,3959,3962,3964,4008,4046,4050,4062,4151,4330,4426,4431,4461,4487,4508,4531,4536,4617,4645,4683,4706,4710,4811,4907,4909,4956,4963,4988,5023
12,2009/4/2,0,26,33,89,91,112,152,189,217,327,448,569,616,630,641,642,649,663,700,702,737,747,768,779,880,882,959,1008,1017,1024,1048,1080,1113,1155,1188,1220,1260,1323,1332,1372,1381,1384,1395,1398,1456,1461,1547,1652,1661,1671,1675,1706,1720,1757,1769,1771,1776,1820,1822,1892,1932,1939,1960,1986,2004,2081,2114,2121,2133,2226,2294,2338,2429,2485,2513,2541,2560,2564,2571,2613,2655,2686,2693,2716,2744,2749,2765,2781,2830,2833,2844,2987,3022,3078,3103,3143,3150,3166,3185,3260,3302,3337,3358,3423,3460,3495,3514,3526,3542,3553,3638,3747,3759,3794,3815,3843,3859,3887,4060,4109,4160,4188,4209,4258,4277,4296,4396,4527,4550,4587,4632,4641,4816,4825,4828,4837,4944,4960
13,2009/1/17,0,7,17,68,133,166,234,287,339,355,406,479,504,528,586,588,595,616,642,658,724,738,796,812,915,973,987,1011,1027,1036,1046,1050,1104,1153,1204,1207,1244,1256,1302,1330,1358,1410,1412,1456,1480,1512,1557,1573,1748,1832,1925,1972,1993,2014,2063,2117,2140,2156,2163,2184,2219,2250,2287,2324,2385,2418,2420,2499,2558,2569,2747,2793,2842,2901,2933,2940,2952,2954,3169,3174,3192,3344,3412,3430,3451,3463,3559,3692,3706,3734,3755,3804,3818,3829,3843,3864,3934,4046,4065,4067,4074,4081,4179,4231,4268,4315,4317,4324,4422,4429,4448,4499,4557,4683,4728,4753,4756,4781,4854,4865,4870,4959,4975,4980
14,2009/1/7,0,1,6,59,134,150,153,160,237,374,402,430,468,540,542,570,591,687,730,792,815,834,839,877,948,972,1029,1098,1144,1149,1163,1214,1226,1375,1398,1457,1592,1597,1646,1658,1672,1674,1685,1730,1777,1809,1826,1837,1856,1870,1921,1931,1970,1991,2031,2073,2089,2152,2187,2339,2416,2418,2437,2460,2481,2484,2572,2603,2605,2633,2659,2673,2694,2710,2726,2808,2854,2906,2915,2927,2946,2960,2992,3025,3034,3093,3132,3193,3195,3214,3242,3256,3405,3475,3503,3510,3515,3566,3573,3636,3688,3730,3821,3944,3961,3998,4019,4171,4187,4224,4259,4273,4357,4362,4376,4385,4495,4542,4586,4588,4591,4598,4633,4647,4663,4689,4784,4817,4887,4943,5001,5015
15,2009/1/10,0,5,63,159,229,231,238,308,343,381,430,479,507,551,567,642,705,733,742,745,840,868,969,1015,1083,1092,1099,1158,1188,1242,1272,1274,1326,1384,1386,1395,1426,1435,1475,1536,1617,1622,1643,1666,1683,1699,1713,1774,1808,1825,1865,1881,1895,1939,2002,2012,2047,2075,2079,2096,2166,2177,2201,2271,2341,2434,2481,2544,2546,2574,2607,2658,2660,2686,2754,2758,2884,2898,2940,2943,3008,3036,3045,3064,3094,3120,3183,3253,3285,3302,3346,3365,3444,3540,3554,3589,3591,3594,3603,3608,3661,3692,3710,3720,3748,3766,3785,3797,3799,3801,3834,3836,3864,3881,3895,3934,3958,4030,4046,4051,4063,4151,4177,4219,4245,4263,4273,4291,4336,4364,4371,4380,4394,4441,4457,4496,4508,4511,4560,4618,4653,4669,4709,4730,4749,4788,4791,4798,4805,4821,4828,4840,4959,4977,5003,5040,5045,5050
16,2009/1/2,0,88,90,155,230,302,319,344,361,428,456,524,526,575,617,631,638,652,664,701,720,785,805,876,882,1030,1054,1065,1086,1119,1124,1156,1217,1224,1249,1343,1378,1439,1469,1511,1520,1588,1595,1635,1658,1660,1670,1674,1677,1733,1775,1779,1800,1803,1863,1936,1957,1994,2059,2083,2194,2196,2241,2251,2346,2370,2477,2491,2617,2624,2699,2792,2808,2822,2932,2937,2951,2993,2995,3009,3014,3016,3023,3067,3100,3184,3205,3212,3235,3240,3242,3249,3322,3371,3422,3518,3527,3541,3550,3576,3595,3620,3641,3662,3700,3702,3714,3753,3800,3809,3812,3861,3865,3903,3982,3989,4012,4040,4043,4057,4164,4171,4187,4204,4236,4262,4285,4311,4344,4365,4372,4390,4467,4572,4603,4640,4771,4801,4813,4915,4918,4927,4932,5002
17,2009/1/3,0,14,31,45,103,138,147,157,210,250,262,278,350,353,392,425,579,584,593,640,707,710,740,775,826,833,887,903,924,950,1053,1120,1127,1165,1274,1277,1302,1335,1356,1379,1402,1426,1482,1547,1638,1648,1666,1813,1832,1851,1867,1876,1963,2002,2019,2103,2105,2152,2245,2271,2299,2329,2343,2366,2371,2383,2408,2411,2413,2422,2446,2460,2462,2467,2497,2555,2567,2569,2595,2628,2635,2644,2702,2728,2796,2838,2856,2901,2933,2966,2975,2987,3033,3118,3139,3143,3199,3209,3211,3220,3253,3283,3330,3332,3335,3358,3393,3412,3458,3552,3629,3675,3696,3766,3778,3801,3880,3904,3918,3981,4006,4039,4072,4091,4093,4149,4210,4228,4247,4261,4291,4312,4401,4534,4604,4618,4693,4700,4707,4725,4737,4856,4891,4931,4933,4945,5049
18,2009/2/5,0,5,121,210,345,348,355,390,408,457,504,509,513,574,600,614,742,751,835,861,910,912,924,926,931,964,1013,1267,1321,1370,1400,1454,1458,1608,1715,1729,1806,1808,1836,1869,1948,1953,1981,2070,2084,2098,2121,2147,2172,2252,2263,2275,2324,2331,2366,2392,2401,2448,2501,2511,2539,2590,2599,2672,2676,2688,2695,2728,2749,2765,2779,2795,2802,2825,2840,2886,2921,2926,2994,3029,3059,3061,3117,3143,3155,3259,3379,3444,3470,3498,3514,3526,3726,3733,3799,3820,3862,3876,3913,4055,4181,4188,4195,4289,4291,4303,4328,4375,4398,4470,4618,4627,4716,4781,4825,4874,4963,4972,5021
19,2009/1/2,0,18,55,69,109,123,162,179,228,239,242,258,272,326,335,405,414,456,486,496,503,524,536,564,573,582,592,643,650,697,718,771,811,897,911,986,1014,1019,1114,1154,1156,1210,1219,1222,1285,1315,1320,1432,1448,1534,1581,1586,1625,1632,1658,1667,1693,1700,1744,1770,1786,1805,1828,1847,1877,1882,1905,1987,1994,2036,2041,2085,2111,2171,2176,2196,2258,2269,2321,2323,2353,2377,2426,2435,2500,2505,2507,2533,2587,2612,2629,2689,2692,2722,2757,2829,2913,2965,2979,2986,3051,3058,3081,3100,3137,3189,3205,3224,3254,3287,3289,3319,3347,3357,3408,3410,3427,3434,3471,3480,3494,3529,3643,3674,3676,3711,3742,3763,3802,3956,3973,4078,4087,4208,4227,4232,4299,4313,4316,4386,4393,4404,4416,4421,4428,4467,4479,4519,4614,4649,4652,4656,4701,4743,4761,4880,4925,4955,4974,4978,4990,4995,5013,5044
20,2009/1/27,0,21,35,63,77,81,212,235,282,312,378,420,506,532,534,609,672,676,706,737,742,760,795,849,861,884,900,954,1066,1080,1122,1224,1232,1248,1250,1311,1313,1358,1379,1386,1395,1404,1491,1563,1572,1635,1663,1677,1691,1717,1719,1764,1778,1843,1906,1934,1978,1992,2037,2044,2051,2055,2081,2090,2144,2212,2242,2261,2303,2338,2370,2394,2422,2496,2508,2510,2527,2534,2538,2590,2655,2671,2846,2851,2865,2982,3000,3019,3070,3077,3110,3224,3292,3339,3341,3357,3369,3406,3544,3572,3574,3714,3738,3756,3766,3815,3831,3838,3843,3857,3861,3880,3894,3903,4013,4027,4041,4125,4155,4183,4312,4332,4356,4424,4463,4470,4489,4524,4543,4606,4652,4655,4659,4720,4799,4818,4837,4862,4881,4930,4937,4977,5000,5007
21,2009/1/13,0,70,72,179,196,200,242,249,322,350,373,380,417,427,595,683,714,721,786,795,814,826,842,849,851,872,877,912,926,935,966,1010,1015,1036,1071,1078,1129,1131,1162,1164,1264,1341,1351,1360,1491,1502,1526,1554,1577,1600,1610,1661,1677,1682,1708,1710,1722,1759,1803,1843,1901,1925,1981,1997,2100,2109,2125,2153,2254,2263,2319,2324,2338,2347,2349,2380,2384,2452,2487,2521,2578,2851,2853,2870,2891,2902,2914,2947,2963,2982,2984,3005,3042,3059,3094,3150,3182,3185,3203,3252,3430,3481,3493,3500,3502,3544,3572,3621,3656,3670,3675,3721,3766,3854,3880,3892,3941,3952,3969,3973,3980,4032,4039,4137,4146,4162,4221,4223,4300,4340,4382,4484,4522,4559,4575,4580,4608,4620,4636,4648,4662,4680,4760,4769,4802,4830,4841,4867,4886,4893,4953
22,2009/4/21,0,21,23,126,161,196,294,389,403,424,534,651,686,690,716,746,753,788,809,914,994,1010,1085,1089,1107,1187,1211,1227,1295,1337,1343,1360,1379,1418,1421,1486,1493,1528,1530,1547,1638,1663,1701,1705,1740,1789,1796,1815,1859,1890,1927,1932,1955,2018,2041,2060,2072,2090,2097,2104,2167,2258,2277,2279,2391,2396,2433,2436,2503,2515,2566,2629,2632,2657,2702,2713,2755,2762,2811,2821,2863,2870,2944,2965,3012,3014,3040,3070,3084,3105,3140,3164,3206,3243,3343,3378,3404,3493,3509,3563,3644,3660,3705,3721,3728,3740,3759,3871,3878,3922,3938,3978,4034,4127,4137,4151,4211,4244,4263,4265,4270,4363,4484,4533,4552,4578,4580,4594,4648,4680,4711,4722,4736,4741,4757,4781,4794,4846,4883,4907
23,2009/1/8,0,16,30,91,124,168,205,271,343,359,380,383,385,448,481,546,618,642,670,679,742,765,833,931,952,964,985,989,1006,1024,1031,1034,1118,1129,1134,1155,1164,1178,1227,1243,1314,1346,1356,1386,1472,1524,1647,1701,1755,1771,1806,1839,1960,2060,2077,2126,2133,2161,2198,2207,2233,2273,2324,2338,2464,2515,2539,2644,2655,2728,2767,2849,2870,2905,3057,3089,3155,3278,3339,3360,3386,3460,3491,3495,3498,3514,3523,3528,3535,3563,3570,3586,3628,3652,3808,3810,3813,3845,3969,4013,4016,4032,4065,4156,4165,4172,4219,4261,4338,4506,4524,4690,4702,4716,4765,4769,4853,4956,4982,4996
24,2009/1/3,0,5,12,40,110,138,159,178,217,269,276,287,311,369,376,385,399,402,425,518,521,623,635,644,831,866,873,881,1025,1029,1041,1050,1060,1067,1088,1097,1111,1197,1207,1265,1295,1312,1382,1412,1449,1473,1503,1517,1596,1627,1629,1645,1657,1671,1687,1757,1832,1897,1935,1993,2047,2049,2082,2112,2168,2177,2187,2212,2226,2331,2345,2362,2436,2443,2476,2546,2579,2583,2590,2637,2646,2672,2712,2723,2845,2887,2894,2910,2933,2968,3015,3022,3085,3092,3139,3141,3223,3241,3262,3271,3292,3307,3311,3323,3367,3477,3545,3552,3582,3594,3610,3647,3801,3869,3883,4056,4203,4252,4298,4305,4308,4324,4340,4394,4527,4569,4588,4679,4702,4707,4711,4716,4756,4802,4816,4837,4863,4868,4889,4933,4947
25,2009/1/3,0,12,14,54,119,140,161,264,318,332,355,390,397,432,453,474,488,551,553,628,734,761,763,773,775,782,801,817,838,896,936,1043,1048,1053,1120,1125,1137,1151,1195,1216,1244,1272,1281,1354,1370,1419,1428,1440,1475,1487,1515,1557,1587,1610,1631,1671,1788,1823,1837,1858,1923,1939,1977,2007,2079,2089,2149,2159,2168,2184,2231,2287,2322,2369,2376,2399,2411,2460,2492,2511,2513,2614,2679,2684,2686,2719,2723,2728,2770,2779,2835,2858,2873,2915,2929,2959,3001,3038,3048,3134,3174,3176,3255,3267,3274,3295,3323,3335,3402,3454,3531,3535,3573,3706,3741,3785,3811,3820,3836,3930,3988,3995,4002,4046,4231,4287,4356,4359,4373,4377,4431,4469,4546,4569,4576,4585,4667,4679,4681,4688,4755,4786,4851,4865,4870,4875,4886,4889,4928,4933,4956,4959,4966,4975,4991
26,2009/2/28,0,52,164,182,196,199,238,271,313,318,339,350,357,374,385,423,434,558,602,609,626,679,728,742,775,903,915,943,952,1001,1018,1097,1123,1146,1211,1225,1293,1365,1386,1391,1468,1505,1550,1603,1634,1676,1706,1718,1757,1771,1818,1823,1872,1921,1974,1988,2016,2019,2047,2049,2068,2098,2121,2135,2139,2194,2198,2233,2249,2294,2306,2341,2343,2345,2352,2397,2436,2497,2506,2537,2546,2581,2628,2684,2695,2709,2777,2807,2812,2835,2910,2926,3013,3020,3057,3066,3118,3146,3183,3230,3348,3468,3486,3526,3610,3631,3633,3722,3757,3764,3783,3785,3841,3853,3916,3976,4004,4007,4021,4098,4149,4170,4172,4188,4259,4298,4310,4340,4380,4604,4618,4723,4821,4826,4903,4910,4940,4956,4963,4970,4977
27,2009/1/29,0,7,65,119,140,173,200,205,289,348,364,411,499,548,677,686,728,751,875,894,929,966,987,1076,1083,1090,1104,1153,1176,1206,1262,1302,1307,1323,1356,1421,1458,1505,1512,1519,1540,1577,1587,1610,1645,1668,1699,1783,1785,1825,1839,1916,1922,1946,1958,1960,2042,2112,2191,2200,2210,2275,2359,2380,2441,2483,2569,2574,2595,2690,2730,2749,2896,2898,2926,2991,3010,3045,3089,3157,3215,3225,3229,3278,3353,3358,3402,3404,3444,3449,3453,3488,3537,3551,3570,3591,3661,3680,3696,3703,3708,3838,3841,4135,4139,4237,4240,4251,4373,4377,4384,4389,4450,4454,4494,4506,4508,4515,4517,4545,4590,4648,4660,4741,4762,4800,4818,4821,4867,4888,4919,4977,5019
28,2009/1/24,0,26,96,205,252,285,297,409,458,472,518,579,656,773,843,899,976,1050,1057,1060,1081,1102,1123,1125,1179,1186,1195,1270,1298,1337,1365,1416,1433,1445,1699,1708,1762,1776,1832,1855,1874,1881,1886,2000,2009,2075,2086,2100,2121,2154,2174,2240,2287,2321,2334,2336,2408,2490,2499,2506,2525,2544,2590,2618,2623,2628,2733,2768,2770,2856,2898,2964,3012,3020,3057,3064,3111,3127,3136,3199,3230,3260,3267,3274,3297,3365,3412,3442,3447,3505,3542,3589,3635,3671,3701,3717,3727,3750,3834,3859,3923,3983,3990,4011,4046,4072,4146,4205,4224,4238,4245,4261,4284,4291,4378,4392,4408,4431,4434,4443,4485,4536,4560,4576,4651,4758,4779,4856,4886,4914,4919,4921,4935,4956,5003,5019,5024
29,2009/1/2,0,62,88,111,141,176,188,207,221,223,286,293,300,440,445,461,475,496,620,664,727,830,834,848,890,907,956,960,981,1019,1058,1061,1063,1145,1238,1250,1306,1343,1359,1418,1427,1541,1569,1609,1642,1656,1852,1926,1978,1985,1992,2024,2031,2038,2043,2132,2178,2197,2218,2223,2244,2272,2332,2386,2498,2510,2554,2605,2617,2626,2643,2678,2713,2722,2755,2764,2787,2801,2878,2909,3014,3028,3056,3126,3151,3158,3163,3170,3172,3177,3301,3303,3366,3417,3459,3490,3527,3541,3550,3583,3679,3744,3770,3837,3851,3896,3900,3933,3940,3970,3975,3977,4031,4050,4052,4092,4094,4164,4187,4204,4220,4276,4304,4309,4348,4409,4453,4479,4495,4645,4778,4799,4873,4883,4943,4950,4964,4967
30,2009/2/19,0,42,217,271,287,293,324,369,380,404,411,422,469,518,560,597,614,667,712,775,803,834,901,938,1001,1041,1045,1071,1080,1083,1087,1097,1101,1176,1209,1223,1253,1267,1286,1423,1517,1519,1645,1703,1727,1741,1780,1937,1967,2007,2077,2182,2214,2240,2324,2326,2333,2371,2385,2389,2448,2490,2550,2555,2567,2616,2618,2625,2669,2679,2688,2711,2756,2765,2856,2868,2884,3047,3078,3129,3162,3218,3276,3330,3435,3470,3514,3533,3565,3568,3577,3584,3647,3694,3705,3750,3799,3815,3894,3908,3959,3971,4044,4123,4128,4174,4200,4286,4303,4338,4380,4417,4464,4506,4513,4587,4664,4688,4708,4725,4734,4779,4874,4944,4963
31,2009/1/7,0,20,36,115,120,143,162,206,241,311,323,458,477,500,580,633,643,647,650,664,699,727,734,818,848,864,869,925,948,1067,1070,1151,1154,1231,1249,1333,1340,1359,1401,1447,1452,1548,1578,1613,1655,1735,1786,1865,1900,1914,1956,1975,1984,1994,2001,2005,2015,2047,2052,2064,2066,2180,2187,2201,2229,2304,2309,2313,2327,2372,2416,2460,2498,2500,2519,2584,2631,2715,2722,2731,2773,2817,2862,2869,2885,2899,2901,2913,2990,3209,3221,3230,3321,3354,3384,3394,3403,3424,3443,3501,3541,3597,3611,3618,3699,3765,3783,3874,3888,3893,3909,3921,3965,4077,4159,4248,4262,4285,4315,4369,4427,4446,4516,4525,4586,4607,4626,4679,4728,4773,4803,4808,4866,4898,4899,4908,4931,4948,4973,5032,5036,5053
32,2009/1/29,0,14,16,21,89,125,163,170,173,231,285,301,322,345,352,369,378,471,478,506,534,588,602,635,637,658,670,679,737,758,761,768,782,817,840,842,915,943,1017,1083,1090,1211,1225,1258,1288,1325,1370,1440,1472,1477,1479,1496,1498,1554,1573,1601,1603,1650,1778,1855,1944,1946,1986,1993,2000,2007,2042,2098,2104,2205,2207,2245,2289,2298,2357,2385,2420,2424,2429,2443,2445,2450,2457,2548,2550,2578,2595,2609,2623,2653,2655,2674,2709,2716,2767,2840,2886,2896,2912,2935,2973,3052,3059,3082,3094,3117,3136,3187,3194,3218,3281,3346,3404,3418,3439,3470,3479,3493,3509,3603,3673,3703,3705,3715,3736,3766,3787,3815,3827,3848,3925,3932,3988,4002,4006,4009,4027,4291,4310,4324,4328,4415,4464,4545,4592,4627,4643,4739,4790,4807,4821,4828,4830,4856,4863,4865,4879,4891,4898,4900,4923,4942,5019,5021,5023
33,2009/2/5,0,14,19,33,110,118,156,159,177,247,259,308,345,432,452,488,506,523,530,623,651,819,905,982,1015,1022,1059,1080,1090,1171,1199,1206,1251,1304,1314,1328,1332,1360,1398,1517,1528,1535,1547,1591,1626,1631,1647,1650,1692,1773,1825,1834,1885,1895,1909,1913,1939,2039,2063,2102,2148,2207,2245,2247,2275,2280,2303,2305,2329,2359,2436,2452,2464,2469,2480,2571,2576,2620,2634,2672,2686,2884,2886,2933,2952,3010,3031,3089,3106,3129,3143,3164,3180,3201,3220,3234,3248,3259,3323,3330,3388,3409,3414,3435,3530,3586,3628,3633,3715,3754,3761,3764,3766,3794,3796,3824,3831,3901,3906,3934,4009,4160,4165,4167,4181,4254,4319,4354,4359,4387,4452,4515,4618,4620,4723,4730,4732,4774,4825,4874,4949,4993,4996,5024
34,2009/1/2,0,48,92,99,197,227,239,258,267,272,281,293,335,351,360,370,412,426,468,489,498,508,550,554,573,680,741,837,841,882,916,958,963,1021,1103,1152,1168,1187,1196,1212,1254,1324,1334,1341,1378,1394,1408,1422,1476,1509,1523,1604,1614,1616,1628,1651,1674,1719,1754,1798,1840,1849,1877,1926,2048,2118,2248,2302,2311,2346,2370,2381,2398,2402,2405,2414,2442,2482,2528,2601,2657,2682,2701,2717,2736,2745,2769,2773,2776,2804,2820,2841,2932,2955,2981,3014,3063,3067,3119,3146,3151,3154,3231,3259,3319,3331,3387,3422,3492,3520,3534,3543,3557,3604,3611,3658,3686,3711,3828,3854,3889,3898,4026,4050,4145,4218,4306,4330,4407,4423,4495,4582,4600,4652,4682,4715,4759,4764,4815,4866,4897,4911,4920,4929,4953,4969,4995,5004,5034
35,2009/1/7,0,3,13,29,50,139,178,188,190,199,300,316,412,419,423,601,619,668,694,703,722,743,752,780,800,836,853,883,899,904,918,923,925,965,993,1053,1091,1217,1287,1305,1322,1347,1427,1438,1501,1506,1527,1560,1562,1574,1588,1602,1620,1672,1707,1711,1788,1840,1886,2001,2126,2152,2155,2162,2169,2234,2248,2348,2395,2418,2442,2470,2568,2691,2752,2782,2796,2857,2859,2883,2897,2955,2960,2995,3020,3029,3065,3174,3195,3200,3219,3251,3272,3317,3321,3356,3366,3368,3380,3478,3580,3587,3648,3662,3816,3818,3877,3888,3921,3926,3949,3970,3975,4035,4070,4080,4138,4180,4187,4189,4206,4208,4252,4271,4292,4315,4327,4378,4385,4399,4406,4411,4474,4609,4724,4726,4749,4775,4782,4824,4833,4892,4896,4929,5008,5013,5025
36,2009/3/5,0,7,19,35,75,112,142,175,261,271,280,298,329,336,399,539,555,639,758,786,826,870,877,950,985,1013,1022,1136,1232,1267,1290,1307,1325,1465,1503,1535,1540,1554,1587,1661,1664,1685,1689,1717,1811,1846,1899,1932,2007,2025,2063,2091,2140,2193,2198,2203,2219,2231,2235,2291,2345,2375,2394,2413,2457,2476,2485,2501,2529,2620,2763,2781,2907,2910,2963,2970,3012,3045,3096,3117,3260,3288,3402,3425,3505,3509,3532,3542,3556,3572,3581,3584,3600,3652,3750,3782,3794,3824,3852,3943,3953,3964,4004,4016,4209,4247,4249,4307,4356,4363,4384,4422,4454,4459,4527,4531,4573,4592,4723,4732,4863
37,2009/3/5,0,33,84,90,110,149,233,238,252,261,294,392,406,434,504,506,509,532,614,681,700,751,754,768,772,847,891,896,931,999,1015,1017,1022,1045,1064,1099,1113,1127,1129,1171,1199,1314,1390,1428,1447,1482,1510,1524,1559,1575,1596,1701,1722,1773,1778,1857,1909,2023,2109,2132,2137,2233,2281,2396,2564,2690,2702,2709,2732,2774,2816,2907,2912,2919,2952,2989,2998,3010,3043,3045,3054,3113,3138,3234,3271,3304,3365,3388,3395,3400,3428,3493,3561,3567,3586,3621,3649,3659,3680,3687,3722,3724,3766,3771,3787,3801,3817,3827,3829,3859,3899,3932,3939,3957,4111,4158,4172,4193,4219,4249,4270,4279,4305,4321,4373,4377,4410,4447,4461,4480,4515,4517,4536,4538,4657,4669,4676,4704,4706,4767,4809,4814,4858,4930,4956,4991
38,2009/1/31,0,24,45,75,91,140,143,145,152,166,201,213,245,266,269,425,439,453,474,488,511,516,549,612,619,621,654,665,686,752,763,784,798,817,845,896,906,927,936,1018,1020,1085,1155,1193,1200,1202,1214,1221,1260,1293,1302,1351,1409,1423,1435,1447,1550,1636,1661,1699,1813,1837,1848,1872,1876,1939,1981,2009,2037,2082,2112,2117,2198,2231,2238,2254,2266,2324,2345,2404,2457,2474,2497,2522,2532,2558,2572,2600,2623,2642,2646,2721,2735,2889,2929,2931,3027,3062,3071,3083,3153,3167,3190,3199,3218,3281,3300,3358,3391,3440,3456,3458,3549,3559,3577,3584,3601,3629,3699,3715,3750,3762,3883,3899,3909,3997,4067,4119,4172,4210,4233,4256,4261,4275,4301,4350,4371,4373,4429,4478,4480,4499,4581,4618,4644,4660,4672,4674,4683,4693,4728,4756,4772,4774,4802,4821,4842,4900,4914,4938,4980
39,2009/2/21,0,10,26,28,84,89,108,115,196,201,269,292,325,418,437,444,460,619,649,651,674,677,682,840,915,941,976,992,1092,1095,1123,1127,1151,1193,1209,1216,1225,1265,1272,1293,1356,1365,1393,1407,1435,1442,1473,1487,1517,1545,1571,1573,1613,1645,1690,1694,1722,1732,1762,1767,1771,1785,1851,1904,1932,1944,1998,2014,2021,2037,2077,2089,2135,2159,2212,2256,2275,2282,2289,2331,2357,2460,2474,2506,2532,2539,2644,2735,2791,2851,2856,2875,2938,2952,2994,3085,3122,3141,3143,3218,3223,3227,3265,3316,3342,3358,3393,3412,3451,3468,3475,3486,3519,3521,3544,3587,3610,3773,3829,3846,3946,4046,4091,4133,4137,4163,4198,4212,4228,4273,4296,4305,4319,4328,4357,4375,4392,4424,4471,4476,4499,4508,4576,4732,4765,4830,4835,4891,4917,4935,4947,4959,4980,4989
40,2009/1/3,0,4,19,49,61,75,110,114,126,199,206,215,220,262,283,315,343,362,395,399,402,423,472,586,605,607,665,682,773,850,852,892,1015,1076,1162,1179,1258,1286,1328,1335,1372,1473,1596,1634,1666,1748,1795,1839,1886,1895,1916,1942,1953,2019,2114,2130,2191,2226,2236,2273,2317,2345,2394,2427,2450,2476,2490,2558,2586,2600,2716,2770,2791,2826,2852,2856,2975,2987,3008,3064,3099,3143,3155,3237,3244,3246,3330,3332,3337,3423,3454,3519,3587,3591,3593,3603,3673,3710,3752,3834,3848,3857,3881,3885,3906,3934,3944,3993,4060,4079,4170,4189,4205,4207,4212,4233,4319,4354,4401,4408,4415,4420,4503,4534,4555,4567,4585,4618,4639,4655,4658,4697,4744,4807,4884,4963,5008,5045,5052
41,2009/1/8,0,44,126,180,198,210,236,243,245,285,296,357,467,537,560,646,667,670,688,721,761,784,859,884,894,943,968,971,994,999,1006,1022,1028,1057,1080,1106,1132,1134,1188,1225,1314,1367,1379,1412,1456,1496,1524,1528,1587,1615,1617,1638,1659,1671,1678,1703,1750,1827,1836,1850,1857,1892,1958,1997,2035,2065,2070,2079,2100,2112,2133,2191,2240,2301,2340,2387,2408,2434,2455,2466,2490,2499,2550,2562,2627,2700,2742,2819,2821,2863,2870,2879,2900,2991,3033,3078,3134,3136,3199,3227,3239,3292,3393,3397,3407,3409,3439,3463,3465,3470,3493,3626,3740,3768,3817,3869,3876,3948,4076,4079,4081,4149,4186,4242,4307,4312,4324,4408,4461,4464,4492,4527,4545,4592,4664,4678,4683,4725,4736,4811,4818,4849,4867,4895,4930,4977,5021,5038,5049
42,2009/3/3,0,32,240,261,270,406,581,585,597,641,721,728,739,786,844,858,872,884,903,1005,1031,1099,1183,1208,1213,1227,1257,1267,1281,1285,1288,1362,1372,1414,1430,1465,1481,1488,1530,1619,1668,1675,1733,1736,1738,1740,1848,1873,1880,1925,1939,1943,2030,2039,2083,2088,2144,2263,2283,2303,2321,2328,2352,2377,2389,2468,2506,2590,2592,2599,2660,2699,2825,3005,3033,3052,3059,3173,3189,3294,3297,3308,3343,3374,3397,3462,3486,3535,3574,3583,3623,3637,3656,3663,3707,3761,3775,3784,3801,3812,3824,3826,3859,3873,3934,3952,4120,4139,4162,4197,4211,4300,4351,4375,4377,4379,4482,4489,4505,4578,4587,4613,4643,4694,4783,4785,4820,4834,4862,4904,4916,4923,4944,4946,4951,4956
43,2009/2/5,0,9,44,68,89,91,107,118,194,250,264,280,366,387,453,474,492,518,604,660,719,726,730,772,784,798,821,856,873,894,929,933,978,1057,1090,1092,1094,1099,1118,1204,1290,1311,1360,1427,1472,1500,1528,1575,1631,1633,1654,1692,1701,1776,1782,1832,1864,1946,1958,1967,1979,2032,2074,2084,2189,2261,2282,2294,2431,2464,2539,2602,2606,2695,2704,2707,2718,2746,2758,2765,2814,2844,2912,2917,3008,3185,3220,3239,3248,3255,3269,3290,3330,3362,3456,3477,3491,3554,3575,3612,3631,3656,3668,3694,3698,3703,3782,3792,3834,3866,3876,3929,3964,3969,3981,4025,4051,4107,4275,4277,4284,4319,4366,4412,4419,4422,4470,4471,4489,4513,4515,4522,4583,4650,4674,4685,4730,4774,4802,4809,4839,4867,4909,4914,5007,5019
44,2009/1/15,0,12,61,139,173,247,285,292,355,404,432,436,462,602,660,707,722,765,786,870,873,880,959,1003,1013,1024,1071,1099,1160,1176,1237,1262,1335,1393,1491,1545,1685,1699,1701,1706,1738,1794,1843,1916,1936,2049,2102,2107,2109,2112,2198,2207,2219,2226,2233,2240,2270,2275,2315,2380,2417,2499,2527,2679,2690,2718,2721,2732,2774,2814,2833,2863,2868,2872,2898,2924,2966,3040,3103,3131,3133,3229,3253,3274,3327,3351,3376,3381,3386,3388,3435,3470,3486,3509,3612,3633,3775,3901,3906,3978,3988,3995,4006,4062,4144,4177,4261,4305,4396,4473,4482,4496,4529,4545,4550,4585,4608,4611,4690,4702,4720,4779,4793,4849,4856,4933,4935,4940,4968,4979,5000,5045
45,2009/3/3,0,4,60,144,172,182,193,210,228,238,303,312,389,417,426,431,434,504,506,541,571,620,644,667,695,702,716,756,760,779,786,851,861,870,905,919,926,928,933,940,949,987,1117,1122,1166,1176,1239,1330,1369,1481,1498,1647,1656,1717,1729,1757,1794,1831,1873,1887,1904,1929,1974,1999,2032,2046,2051,2067,2088,2114,2165,2233,2251,2284,2293,2307,2335,2359,2401,2412,2459,2520,2536,2555,2592,2639,2653,2664,2667,2685,2706,2758,2762,2790,2846,2863,2874,2900,2919,2991,3028,3042,3061,3096,3122,3157,3168,3178,3199,3257,3278,3290,3299,3315,3318,3380,3406,3451,3490,3537,3565,3597,3609,3675,3770,3831,3857,3875,3878,3947,3957,3987,3997,4004,4083,4085,4113,4165,4169,4172,4190,4200,4263,4277,4309,4342,4347,4384,4403,4449,4466,4473,4505,4540,4594,4650,4666,4778,4832,4902,4925,4928
46,2009/3/14,0,35,110,308,339,362,395,406,425,444,446,448,455,460,488,556,563,588,616,619,682,754,812,966,973,1015,1064,1085,1120,1130,1200,1251,1258,1279,1291,1312,1326,1337,1454,1473,1573,1594,1692,1736,1816,1830,1853,1878,1911,1995,2047,2063,2096,2111,2125,2191,2203,2208,2240,2245,2257,2294,2373,2415,2429,2455,2464,2471,2497,2518,2523,2730,2747,2919,2940,2989,2994,3006,3020,3036,3075,3078,3083,3111,3115,3118,3155,3162,3167,3213,3232,3279,3314,3435,3484,3500,3528,3531,3577,3584,3615,3687,3731,3741,3797,3808,3855,3965,3974,3976,4016,4091,4095,4130,4147,4163,4198,4228,4301,4338,4354,4422,4450,4569,4595,4693,4786,4802,4819,4847,4851,4879,4947,4959,4987
47,2009/2/10,0,14,42,91,119,126,142,154,212,214,249,252,287,326,338,382,403,417,478,527,529,532,541,548,609,632,641,646,730,758,767,863,968,1050,1052,1057,1122,1145,1164,1210,1218,1271,1276,1332,1362,1395,1444,1451,1493,1500,1521,1554,1568,1577,1605,1631,1642,1677,1743,1789,1792,1801,1836,1845,1871,1878,1920,1971,2102,2128,2177,2249,2258,2263,2345,2349,2433,2457,2496,2636,2660,2683,2758,2767,2793,2797,2820,2825,2846,2870,3019,3077,3080,3087,3107,3112,3178,3206,3269,3276,3285,3339,3343,3348,3366,3404,3413,3446,3455,3493,3507,3521,3584,3586,3591,3595,3656,3665,3696,3700,3719,3742,3768,3777,3808,3850,3875,3892,3913,3945,4050,4139,4211,4235,4237,4263,4265,4295,4300,4326,4351,4384,4454,4480,4554,4564,4601,4615,4673,4704,4710,4739,4750,4769,4776,4830,4837,4942
48,2009/1/2,0,106,127,139,141,195,235,347,368,410,426,431,503,524,529,547,557,578,603,613,650,692,711,718,778,816,848,895,972,991,1034,1072,1266,1271,1348,1422,1441,1471,1534,1590,1600,1649,1714,1742,1758,1763,1816,1831,1856,1929,1966,1978,1985,1989,2006,2017,2024,2131,2148,2169,2176,2194,2199,2241,2248,2251,2283,2321,2351,2367,2393,2433,2444,2489,2551,2570,2612,2673,2699,2755,2766,2790,2811,2813,2818,2846,2850,2902,2913,2946,2965,2990,3002,3079,3088,3107,3142,3151,3184,3186,3196,3198,3226,3252,3263,3277,3293,3305,3310,3340,3343,3364,3594,3609,3669,3802,3812,3833,3842,3847,3961,3987,3996,4008,4047,4080,4260,4269,4281,4323,4353,4388,4411,4421,4456,4484,4491,4505,4617,4684,4705,4712,4717,4724,4761,4782,4794,4829,4834,4841,4883,4897,4911,5044
49,2009/1/20,0,14,182,198,210,228,235,259,273,284,296,317,350,380,389,394,399,420,438,464,469,492,520,555,604,609,620,625,637,644,660,714,737,744,791,816,865,875,900,924,935,1053,1087,1141,1155,1159,1176,1225,1241,1278,1306,1325,1376,1414,1420,1472,1477,1502,1544,1549,1577,1635,1677,1701,1743,1787,1808,1855,1876,1885,1911,1985,2006,2079,2095,2207,2221,2368,2417,2433,2445,2510,2559,2580,2587,2594,2599,2653,2667,2709,2769,2790,2802,2814,2839,2870,2919,2928,2933,3094,3117,3147,3154,3280,3297,3360,3399,3416,3479,3523,3549,3563,3607,3621,3628,3630,3656,3670,3707,3726,3759,3787,3885,3903,3943,4034,4074,4150,4197,4202,4207,4223,4237,4295,4298,4321,4370,4400,4461,4480,4498,4508,4564,4582,4585,4617,4629,4662,4718,4736,4746,4774,4809,4839,4886,4914,4942,4953,4977,4995,4998,5028
50,2009/1/7,0,38,45,69,129,216,258,318,323,336,337,442,449,456,496,526,528,535,547,559,594,636,666,673,741,778,787,825,848,897,930,962,967,1116,1121,1177,1308,1350,1352,1373,1385,1445,1508,1672,1697,1753,1765,1886,1944,1982,2038,2082,2094,2136,2192,2413,2414,2423,2428,2435,2449,2479,2484,2537,2558,2561,2575,2652,2661,2731,2733,2736,2864,2983,2999,3079,3132,3149,3202,3270,3277,3298,3300,3347,3412,3443,3471,3508,3564,3569,3571,3589,3594,3597,3681,3704,3823,3898,3907,3909,3970,3977,4000,4026,4028,4038,4070,4089,4168,4304,4364,4378,4390,4413,4507,4581,4665,4744,4763,4766,4845,4906,4992,5004,5050
51,2009/1/27,0,7,30,46,154,168,189,193,261,294,308,338,375,378,387,499,513,527,543,569,623,651,676,693,826,861,886,889,898,900,926,942,1046,1085,1108,1129,1134,1155,1187,1215,1269,1367,1383,1395,1427,1432,1437,1456,1474,1491,1689,1766,1855,1862,1866,1869,1878,1906,1990,2034,2039,2055,2086,2163,2298,2305,2349,2459,2475,2496,2538,2548,2559,2578,2597,2608,2646,2650,2678,2699,2711,2781,2853,2870,2914,2921,2923,2930,2958,3026,3082,3098,3208,3210,3215,3222,3238,3276,3292,3399,3420,3425,3437,3448,3493,3507,3560,3570,3616,3640,3691,3693,3728,3738,3745,3770,3824,3826,3922,3924,3938,3941,3971,4048,4130,4167,4272,4284,4340,4347,4354,4382,4419,4426,4433,4489,4529,4622,4662,4736,4762,4811,4818,4823,4848,4911,4951,4956,5002
52,2009/1/20,0,2,30,58,149,156,254,263,282,312,336,338,345,375,413,513,529,574,653,674,676,690,697,732,746,787,791,833,835,952,968,980,1017,1022,1033,1101,1103,1176,1204,1236,1246,1318,1351,1374,1430,1437,1449,1460,1463,1505,1526,1530,1533,1535,1540,1612,1619,1635,1661,1757,1766,1775,1803,1817,1845,1862,1906,1925,1953,1955,1999,2039,2065,2121,2144,2158,2282,2300,2333,2433,2475,2494,2499,2533,2552,2592,2604,2608,2669,2699,2706,2737,2800,2816,2883,2914,2963,3010,3012,3108,3110,3131,3136,3185,3248,3266,3292,3318,3334,3343,3355,3383,3402,3516,3611,3635,3637,3665,3672,3689,3712,3717,3733,3756,3845,3875,3880,3889,3910,3950,3959,3964,3966,3971,3980,4078,4125,4148,4172,4237,4256,4272,4328,4410,4412,4431,4447,4543,4547,4580,4620,4678,4769,4783,4785,4797,4804,4827,4848,4902,4963,4977
53,2009/3/7,0,10,24,119,171,283,285,320,325,334,336,535,598,600,605,741,861,917,950,987,1013,1022,1041,1043,1046,1090,1102,1130,1160,1218,1228,1302,1349,1379,1386,1419,1426,1442,1508,1514,1536,1538,1554,1580,1697,1718,1741,1785,1830,1907,1928,1981,2007,2009,2040,2051,2056,2063,2091,2118,2161,2303,2341,2343,2450,2462,2532,2681,2749,2775,2819,2840,2929,2952,2996,3183,3206,3220,3237,3265,3428,3433,3437,3503,3542,3673,3731,3827,3848,3883,3890,3967,3972,3981,4116,4140,4191,4212,4224,4252,4259,4331,4345,4410,4469,4473,4497,4539,4543,4602,4702,4709,4756,4758,4839,4847,4977
54,2009/1/10,0,42,68,87,96,107,133,213,236,292,327,437,462,465,474,495,514,521,528,556,560,579,602,612,626,637,647,658,670,672,682,698,705,727,740,761,784,801,833,843,866,878,908,931,994,1008,1055,1088,1125,1155,1162,1174,1183,1188,1200,1246,1279,1309,1419,1453,1461,1538,1570,1578,1592,1603,1631,1692,1743,1769,1771,1808,1837,1872,1874,1916,1941,1944,1949,2016,2030,2147,2156,2198,2212,2282,2371,2432,2492,2497,2502,2509,2524,2597,2646,2658,2677,2679,2686,2704,2723,2761,2786,2845,2891,2999,3029,3071,3073,3083,3101,3125,3148,3150,3153,3241,3379,3384,3458,3498,3514,3549,3598,3612,3650,3680,3738,3771,3799,3801,3832,3890,3930,4016,4046,4063,4142,4210,4266,4370,4387,4406,4441,4536,4539,4569,4613,4686,4730,4814,4830,4870,4905,4947,4982
55,2009/1/13,0,2,4,16,74,105,123,126,175,275,280,284,310,333,364,371,382,410,420,455,475,490,529,546,625,655,735,756,777,781,807,812,854,879,938,945,959,1024,1050,1057,1066,1106,1164,1176,1180,1229,1232,1257,1283,1288,1297,1486,1498,1593,1638,1640,1659,1689,1698,1731,1761,1768,1780,1805,1815,1999,2018,2086,2107,2130,2139,2170,2258,2279,2298,2307,2312,2345,2398,2419,2443,2459,2513,2524,2531,2604,2632,2646,2674,2809,2814,2858,2930,3014,3147,3168,3171,3189,3199,3261,3322,3325,3369,3371,3413,3420,3448,3453,3462,3493,3516,3518,3535,3560,3644,3646,3698,3728,3745,3759,3843,3845,3906,3929,3955,3997,4013,4050,4055,4137,4176,4207,4216,4225,4246,4270,4284,4295,4305,4326,4330,4496,4540,4585,4594,4608,4655,4676,4734,4771,4811,4823,4839,4865,4883,4909,4914,5012
56,2009/2/28,0,98,119,122,129,140,159,166,187,227,255,336,404,504,518,553,600,612,668,724,756,768,787,805,871,938,950,966,1015,1022,1025,1036,1041,1055,1085,1090,1132,1172,1181,1192,1253,1316,1328,1368,1372,1389,1519,1561,1648,1678,1697,1788,1827,1837,1858,1876,1902,1909,1918,1925,1977,2005,2021,2042,2051,2091,2166,2170,2175,2187,2191,2198,2226,2236,2249,2266,2282,2390,2450,2476,2483,2499,2502,2530,2537,2560,2572,2576,2632,2655,2681,2693,2700,2765,2805,2833,2838,2896,2966,3015,3020,3024,3115,3188,3241,3286,3316,3360,3367,3383,3430,3444,3491,3498,3524,3554,3596,3608,3657,3671,3855,3857,3902,3916,3950,3997,4030,4142,4163,4207,4245,4331,4354,4373,4385,4441,4497,4499,4546,4564,4585,4634,4702,4760,4849,4856,4863,4882,4893,4896,4912,4980
57,2009/3/10,0,67,86,121,160,240,254,256,274,361,389,434,438,483,499,508,513,567,588,625,632,711,728,756,826,828,842,847,854,898,900,931,975,1085,1115,1117,1150,1152,1206,1225,1246,1336,1344,1388,1444,1465,1509,1514,1589,1598,1603,1645,1661,1663,1668,1708,1717,1736,1759,1829,1845,1887,2020,2055,2095,2144,2167,2174,2179,2200,2270,2279,2289,2363,2394,2424,2478,2485,2508,2536,2571,2645,2702,2725,2762,2849,2870,2886,2947,2954,2979,3000,3014,3098,3152,3171,3259,3278,3346,3369,3441,3444,3474,3486,3591,3598,3705,3721,3768,3805,3814,3880,3901,3908,3952,3976,4001,4018,4076,4113,4130,4153,4174,4277,4288,4330,4368,4393,4405,4437,4491,4510,4603,4613,4666,4718,4792,4921,4970
58,2009/1/3,0,35,147,157,168,171,194,217,243,301,404,411,439,448,462,584,630,756,794,796,798,805,882,892,901,917,927,945,962,973,992,1001,1008,1043,1125,1225,1230,1235,1251,1295,1340,1377,1379,1477,1538,1540,1690,1711,1748,1830,1893,1895,1900,1956,2026,2037,2058,2077,2093,2131,2133,2145,2149,2180,2181,2191,2217,2219,2268,2315,2348,2380,2401,2481,2523,2593,2607,2660,2677,2700,2719,2772,2908,2915,2917,2929,2980,2987,2999,3071,3099,3104,3129,3188,3211,3265,3288,3388,3412,3428,3456,3638,3656,3720,3736,3755,3780,3797,3811,3895,3927,3969,3993,4063,4067,4140,4175,4235,4245,4301,4331,4389,4424,4457,4469,4490,4497,4574,4632,4704,4755,4777,4786,4809,4921,4963,4968,4977,5029
59,2009/3/21,0,21,31,82,94,196,222,234,297,304,390,402,427,518,523,595,663,817,956,959,1134,1202,1223,1265,1342,1365,1372,1386,1438,1442,1445,1524,1554,1573,1615,1771,1774,1776,1781,1804,1839,1888,1935,1944,1965,1984,2012,2014,2019,2042,2056,2082,2135,2138,2142,2152,2222,2229,2233,2292,2301,2432,2558,2574,2576,2593,2609,2644,2656,2663,2665,2670,2707,2737,2756,2798,2943,2947,2964,2992,3001,3015,3024,3048,3127,3190,3197,3332,3409,3458,3461,3493,3507,3510,3519,3603,3619,3624,3652,3706,3717,3722,3762,3797,3815,3818,3829,3846,3860,3911,4018,4067,4105,4112,4123,4214,4284,4300,4357,4375,4434,4438,4448,4476,4478,4515,4527,4536,4567,4590,4644,4651,4672,4690,4709,4721,4758,4825,4830,4896,4926,4940,4959,4963,4975
60,2009/1/10,0,145,147,180,182,194,248,266,500,698,931,943,969,1011,1018,1063,1092,1118,1181,1193,1216,1270,1333,1372,1375,1400,1407,1421,1438,1473,1496,1732,1739,1743,1802,1816,1823,1939,1942,2019,2051,2058,2215,2226,2229,2268,2432,2443,2474,2525,2537,2551,2572,2726,2749,2791,2798,2833,2859,2894,2929,2938,2959,2964,2989,2996,3034,3038,3113,3120,3143,3157,3181,3255,3397,3468,3475,3661,3666,3696,3734,3743,3822,3839,3885,3902,3909,3946,3967,3990,4014,4060,4065,4140,4186,4289,4294,4324,4371,4378,4399,4415,4466,4490,4497,4501,4504,4508,4620,4634,4658,4660,4686,4690,4697,4709,4784,4798,4905,4910,4998
61,2009/2/3,0,4,9,53,67,77,165,184,186,224,296,315,328,394,410,448,457,520,595,620,632,667,672,714,723,739,947,952,991,1022,1178,1184,1260,1330,1353,1365,1407,1409,1429,1491,1530,1577,1586,1603,1649,1661,1691,1698,1738,1745,1829,1855,1857,1890,1964,1969,1976,2018,2041,2093,2205,2219,2249,2275,2305,2319,2335,2340,2368,2424,2433,2447,2529,2543,2632,2643,2683,2718,2727,2732,2739,2741,2760,2772,2809,2814,3026,3031,3089,3166,3185,3220,3255,3413,3439,3465,3507,3511,3577,3605,3665,3693,3737,3794,3826,3920,3934,3945,4022,4118,4127,4165,4225,4258,4260,4272,4295,4316,4361,4386,4396,4414,4526,4538,4552,4561,4573,4617,4657,4678,4704,4710,4792,4832
62,2009/4/9,0,7,9,40,51,72,77,96,147,224,244,259,263,264,287,292,299,320,385,404,420,429,523,579,627,663,705,716,733,744,782,803,877,950,959,980,987,1017,1050,1085,1113,1167,1216,1230,1239,1274,1314,1349,1421,1442,1475,1507,1512,1517,1528,1605,1643,1659,1661,1727,1748,1752,1773,1776,1829,1839,1904,1934,1958,1988,2004,2046,2056,2084,2156,2221,2261,2277,2291,2357,2371,2401,2435,2464,2520,2569,2597,2609,2739,2791,2830,2858,2898,2940,3001,3017,3113,3152,3211,3243,3250,3271,3297,3318,3330,3360,3472,3521,3551,3565,3579,3619,3659,3691,3729,3740,3808,3918,3948,4058,4083,4121,4148,4209,4254,4272,4298,4333,4361,4375,4403,4419,4433,4475,4508,4552,4559,4562,4639,4688,4732,4765,4846,4860,4874,4902,4919,4928
63,2009/2/17,0,21,100,119,128,161,170,177,212,252,270,291,319,329,338,364,368,560,585,639,669,716,728,737,779,886,889,905,931,961,982,1036,1059,1101,1141,1157,1206,1232,1292,1376,1381,1444,1446,1526,1537,1603,1612,1617,1652,1712,1733,1829,1885,1936,1962,2006,2009,2111,2121,2167,2205,2214,2319,2345,2429,2433,2486,2492,2501,2534,2545,2599,2627,2667,2678,2702,2718,2737,2844,2895,2898,2916,2944,2954,3003,3094,3133,3208,3213,3271,3325,3334,3430,3481,3493,3567,3621,3635,3644,3654,3677,3679,3686,3717,3759,3773,3787,3824,3840,3878,3934,3971,3980,4046,4141,4251,4358,4379,4412,4438,4442,4477,4510,4538,4571,4575,4645,4708,4727,4729,4795,4809,4851,4893,4970,5009
64,2009/1/2,0,1,15,76,102,115,118,144,246,293,354,419,445,452,463,496,510,529,547,596,608,629,697,757,790,837,984,1016,1028,1135,1149,1222,1280,1329,1343,1366,1483,1492,1504,1527,1544,1616,1621,1635,1642,1646,1681,1698,1714,1728,1733,1747,1784,1826,1863,1870,1910,1917,1922,1959,2006,2052,2120,2139,2143,2171,2218,2482,2701,2710,2783,2808,2850,2895,2916,2953,2983,3004,3067,3098,3146,3170,3247,3293,3354,3401,3417,3436,3443,3473,3501,3553,3560,3581,3641,3653,3693,3767,3809,3835,3959,3989,4017,4050,4078,4206,4213,4323,4362,4390,4500,4579,4584,4607,4610,4633,4666,4715,4726,4729,4785,4799,4836,4862,5032,5050
65,2009/1/27,0,2,32,42,46,70,93,254,268,317,357,408,424,485,499,557,576,609,618,627,662,665,739,786,830,847,910,912,921,1010,1148,1166,1185,1206,1239,1255,1325,1332,1365,1400,1423,1453,1556,1561,1563,1603,1628,1712,1778,1792,1841,1862,1899,1901,1981,2055,2121,2137,2247,2282,2300,2305,2314,2335,2370,2401,2454,2496,2501,2531,2562,2599,2606,2618,2622,2688,2716,2746,2753,2760,2762,2783,2823,2828,2870,2874,2876,2940,2956,3019,3042,3157,3173,3178,3194,3201,3236,3245,3248,3327,3332,3395,3425,3427,3474,3514,3530,3549,3654,3656,3724,3744,3756,3763,3775,3796,3859,3887,3908,3913,3915,3929,3934,3945,3987,4027,4036,4067,4123,4143,4176,4221,4295,4330,4375,4377,4386,4407,4431,4484,4522,4529,4540,4557,4571,4671,4704,4755,4771,4795,4813,4839,4858,4869,4876,4916,4946,4986,4988,5007,5014
66,2009/1/7,0,6,132,139,171,239,300,309,332,339,344,372,444,465,484,533,573,582,594,673,678,811,820,902,1004,1098,1172,1221,1240,1280,1282,1303,1326,1398,1408,1433,1494,1513,1548,1555,1597,1602,1728,1779,1786,1791,1800,1802,1884,1896,1910,1954,1966,1987,2022,2031,2110,2141,2211,2232,2234,2260,2276,2355,2369,2374,2393,2409,2498,2530,2568,2593,2647,2680,2691,2724,2789,2792,2806,2843,2857,2894,2948,2967,3065,3135,3163,3198,3207,3265,3305,3338,3347,3363,3396,3431,3435,3464,3499,3510,3599,3655,3702,3706,3716,3739,3772,3790,3804,3837,3860,3865,3876,3895,3916,3979,4000,4017,4019,4140,4150,4185,4236,4364,4376,4392,4413,4425,4458,4474,4495,4556,4612,4654,4656,4668,4693,4696,4751,4754,4759,4805,4810,4864,4908,4915,4924,4927,4929,4934,4945,4957,4994,5043
67,2009/1/22,0,33,105,126,133,163,210,219,250,310,373,394,399,401,427,439,450,457,471,495,497,562,572,590,593,616,646,704,730,817,835,863,877,917,924,938,959,1008,1041,1045,1108,1132,1146,1148,1196,1230,1283,1307,1311,1356,1370,1398,1444,1493,1500,1521,1540,1549,1566,1570,1587,1633,1741,1745,1780,1827,1832,1846,1869,1918,1939,2035,2051,2133,2182,2198,2280,2308,2323,2378,2499,2590,2606,2611,2618,2620,2639,2730,2732,2770,2807,2812,2828,2884,2914,2924,3010,3061,3124,3134,3164,3255,3316,3330,3379,3381,3423,3439,3467,3474,3491,3528,3568,3680,3701,3766,3799,3813,3827,3861,3864,3932,3971,3988,4060,4165,4188,4193,4228,4249,4251,4275,4314,4326,4394,4461,4501,4611,4636,4650,4662,4729,4774,4804,4842,4844,4867,4891,5000,5019
68,2009/1/24,0,21,31,105,164,187,250,346,362,388,392,397,437,453,458,472,490,521,619,647,656,714,735,812,901,927,936,983,1043,1060,1074,1095,1137,1148,1186,1195,1281,1333,1337,1363,1524,1536,1556,1603,1608,1669,1776,1813,1860,1890,1909,1935,1939,2023,2026,2030,2126,2170,2172,2233,2236,2240,2264,2266,2343,2371,2399,2422,2562,2597,2618,2670,2674,2695,2700,2723,2768,2789,2793,2840,2861,2863,2870,2877,2879,2919,2989,3136,3146,3148,3153,3169,3204,3239,3290,3318,3363,3374,3412,3433,3472,3500,3507,3547,3591,3615,3633,3682,3715,3773,3797,3806,3827,3850,3906,3930,3934,4007,4018,4035,4046,4067,4140,4156,4161,4217,4240,4282,4312,4359,4429,4462,4466,4469,4476,4532,4553,4574,4606,4623,4658,4667,4697,4707,4723,4732,4767,4788,4805,4812,4816,4917,4938,4977,5001,5022
69,2009/2/28,0,58,68,75,96,133,145,180,182,210,220,269,315,388,390,395,409,465,474,481,514,532,542,570,602,651,667,668,682,748,782,789,808,822,885,934,948,964,999,1074,1099,1106,1123,1148,1200,1204,1209,1237,1312,1330,1405,1419,1449,1454,1510,1582,1673,1720,1722,1764,1771,1774,1892,1897,1907,1930,1939,1970,1995,2005,2054,2079,2117,2208,2238,2278,2329,2401,2406,2488,2532,2742,2812,2828,2919,2938,2964,2966,3024,3027,3078,3080,3092,3120,3129,3167,3174,3199,3209,3237,3302,3374,3379,3465,3470,3580,3636,3654,3673,3712,3727,3743,3766,3799,3981,4002,4007,4009,4023,4100,4121,4133,4177,4210,4224,4268,4270,4282,4366,4382,4457,4487,4511,4581,4744,4795,4847,4945,4975,4977,4982
70,2009/3/5,0,12,21,145,168,205,215,217,247,279,280,299,303,324,359,429,436,516,532,537,555,574,581,628,698,751,761,768,800,847,926,1073,1134,1190,1209,1227,1335,1356,1372,1412,1524,1561,1587,1608,1619,1640,1643,1645,1750,1759,1764,1771,1818,1846,1876,1888,1890,1906,1918,1939,1955,2014,2039,2091,2093,2109,2196,2326,2329,2356,2359,2455,2508,2651,2681,2765,2837,2947,2949,2987,2996,3008,3015,3108,3232,3267,3276,3397,3453,3470,3491,3575,3591,3638,3656,3682,3761,3838,3869,3974,4083,4104,4149,4160,4191,4223,4230,4265,4295,4361,4391,4503,4513,4548,4601,4655,4662,4681,4874,4937,4963
71,2009/1/8,0,77,100,103,105,109,117,243,268,299,320,401,434,453,497,502,555,611,616,714,733,754,782,791,826,898,908,922,989,1024,1034,1090,1092,1104,1127,1218,1255,1309,1325,1363,1449,1489,1514,1531,1533,1542,1589,1624,1694,1741,1780,1792,1983,2046,2053,2095,2200,2252,2270,2301,2326,2406,2412,2431,2443,2469,2485,2490,2590,2604,2618,2630,2637,2688,2700,2767,2833,2849,2886,2973,2980,3078,3082,3087,3129,3159,3206,3266,3271,3290,3292,3304,3323,3372,3395,3414,3435,3479,3533,3617,3633,3642,3761,3875,3990,4067,4146,4165,4170,4205,4219,4254,4380,4431,4454,4480,4520,4524,4573,4580,4622,4650,4695,4751,4849,4853,4858,4895,4919,4937,4970,4991,5038
72,2009/3/26,0,2,33,77,98,119,131,138,173,194,205,427,467,520,537,548,576,579,581,665,674,735,761,789,791,799,859,905,971,989,992,1017,1034,1162,1213,1230,1269,1323,1419,1573,1584,1615,1626,1633,1671,1703,1727,1787,1832,1864,1955,1962,2032,2063,2147,2161,2203,2305,2326,2396,2469,2550,2557,2574,2595,2606,2667,2679,2697,2760,2807,2924,2947,3073,3080,3103,3120,3129,3136,3162,3185,3229,3262,3283,3302,3309,3313,3344,3386,3400,3407,3409,3465,3479,3491,3505,3593,3687,3710,3719,3726,3785,3845,3857,3885,3894,3939,3943,3948,3955,3967,3974,3981,4181,4289,4347,4354,4356,4363,4366,4380,4384,4403,4410,4421,4452,4457,4524,4543,4580,4625,4636,4751,4783,4856,4872,4921,4963
73,2009/1/8,0,37,49,124,126,156,257,261,280,289,308,317,345,399,502,530,611,681,730,999,1022,1099,1106,1127,1199,1234,1302,1339,1435,1463,1496,1528,1540,1549,1610,1657,1748,1785,1790,1850,1909,1944,1967,1979,1993,2023,2044,2051,2067,2130,2151,2158,2176,2210,2240,2249,2254,2284,2305,2359,2501,2536,2637,2683,2777,2840,2889,2903,2926,2942,3040,3054,3110,3155,3162,3176,3234,3264,3266,3365,3374,3386,3500,3502,3519,3570,3605,3623,3656,3752,3794,3883,3918,3960,4065,4069,4135,4151,4158,4174,4179,4195,4198,4244,4272,4289,4293,4431,4471,4531,4562,4564,4627,4636,4653,4676,4692,4723,4727,4743,4755,4795,4818,4870,4874,4884,4928,5052
74,2009/1/27,0,35,53,86,142,189,193,212,233,238,282,284,310,312,352,357,438,450,557,602,604,646,651,655,679,690,706,756,802,823,826,847,872,882,900,910,928,959,1012,1015,1019,1038,1115,1117,1131,1225,1257,1285,1295,1297,1313,1376,1388,1409,1439,1442,1523,1558,1568,1621,1649,1712,1792,1796,1813,1817,1838,1883,1955,1992,2009,2030,2102,2205,2228,2251,2359,2396,2433,2438,2464,2485,2536,2538,2571,2573,2583,2667,2669,2804,2914,2919,2923,2933,2968,2972,2977,2984,3003,3009,3082,3089,3192,3243,3276,3280,3297,3322,3378,3397,3399,3415,3453,3474,3523,3744,3791,3798,3815,3829,3948,3957,3964,3978,4034,4046,4137,4141,4158,4186,4270,4354,4435,4463,4505,4545,4550,4582,4620,4724,4748,4767,4771,4774,4802,4806,4811,4823,4890,4935,4949,5009,5023,5030
75,2009/1/20,0,44,53,79,165,182,231,291,319,443,478,494,497,511,529,553,578,618,681,702,707,718,772,840,882,903,963,966,973,980,982,1017,1038,1066,1099,1113,1127,1131,1148,1159,1213,1227,1234,1241,1248,1267,1271,1299,1316,1339,1376,1379,1390,1495,1551,1558,1561,1563,1565,1645,1654,1661,1703,1705,1710,1747,1759,1771,1782,1850,1855,1915,1943,2006,2032,2048,2205,2307,2333,2375,2422,2424,2457,2496,2629,2660,2662,2671,2694,2734,2841,2849,2853,2865,2928,2942,3026,3031,3038,3045,3070,3077,3087,3101,3112,3119,3189,3217,3318,3332,3381,3387,3395,3423,3437,3476,3546,3689,3754,3766,3768,3808,3857,3875,3903,3915,3924,4018,4055,4071,4125,4141,4195,4223,4237,4272,4279,4342,4365,4414,4447,4456,4473,4487,4519,4617,4631,4680,4697,4706,4713,4802,4923,4970,4981,4993
76,2009/1/29,0,9,98,135,168,238,243,275,285,343,443,455,656,684,686,709,756,831,861,877,922,936,968,992,1120,1202,1253,1255,1274,1300,1335,1377,1442,1477,1491,1510,1519,1535,1619,1626,1661,1729,1741,1755,1780,1789,1797,1860,1862,1895,1916,1962,2030,2060,2070,2133,2161,2175,2291,2298,2391,2392,2525,2604,2606,2688,2732,2735,2749,2812,2828,2875,2891,2914,2952,2963,2973,2982,2984,2991,3001,3064,3141,3274,3278,3311,3416,3437,3456,3458,3507,3514,3591,3612,3628,3633,3661,3668,3733,3747,3764,3794,3848,3869,3885,3915,3941,3953,4137,4141,4188,4261,4303,4314,4317,4319,4391,4401,4447,4473,4513,4515,4548,4592,4594,4597,4599,4606,4615,4622,4692,4699,4704,4755,4790,4825,4828,4965,4977
77,2009/3/3,0,4,25,58,63,84,86,107,116,149,158,168,191,212,231,238,268,277,284,310,317,387,485,543,564,590,592,634,651,679,683,718,872,940,959,970,982,1019,1040,1092,1143,1159,1169,1197,1204,1227,1239,1241,1253,1290,1304,1332,1355,1360,1378,1437,1470,1533,1549,1584,1677,1766,1810,1843,1908,1981,2025,2032,2118,2128,2151,2170,2172,2226,2256,2275,2345,2373,2398,2443,2459,2466,2468,2494,2524,2531,2559,2583,2611,2711,2713,2716,2758,2781,2821,2828,2851,2863,2884,2891,2986,2993,3005,3014,3024,3068,3105,3124,3171,3213,3255,3285,3320,3348,3355,3380,3413,3420,3425,3495,3497,3504,3507,3553,3583,3665,3693,3754,3861,3882,3885,3901,3913,3924,3931,3985,4185,4186,4223,4256,4323,4365,4382,4384,4417,4470,4561,4564,4601,4603,4615,4622,4627,4673,4683,4706,4720,4729,4734,4769,4788,4792,4797,4811,4844,4893,4918
78,2009/1/10,0,38,59,61,103,126,161,171,322,352,420,425,490,493,497,507,560,581,586,716,727,756,763,766,836,859,871,929,945,952,987,1006,1032,1064,1088,1193,1200,1246,1270,1277,1281,1319,1361,1382,1417,1477,1517,1552,1608,1676,1701,1708,1722,1725,1760,1783,1834,1867,1888,1900,1928,1944,1956,1958,2056,2068,2082,2084,2105,2222,2271,2298,2301,2306,2313,2327,2348,2364,2369,2397,2406,2422,2427,2441,2448,2464,2586,2637,2744,2770,2810,2835,2842,2866,2870,2917,2959,3034,3041,3052,3059,3078,3090,3106,3122,3202,3220,3304,3323,3349,3409,3556,3615,3638,3668,3687,3710,3715,3773,3799,3850,3948,4009,4014,4016,4067,4137,4144,4186,4191,4214,4231,4261,4263,4343,4378,4406,4459,4462,4469,4511,4536,4541,4588,4704,4742,4746,4751,4854,4879,4907,4938
79,2009/1/20,0,18,79,134,168,170,214,338,345,401,417,455,487,504,511,536,543,562,588,606,655,686,725,814,826,847,854,858,882,898,912,933,942,1017,1026,1038,1061,1120,1131,1141,1143,1201,1262,1276,1346,1353,1372,1393,1428,1449,1591,1661,1672,1771,1843,1866,1871,1899,1901,1915,1934,1960,1978,2004,2025,2060,2074,2095,2123,2125,2151,2170,2216,2256,2275,2277,2333,2347,2373,2389,2431,2478,2548,2622,2639,2650,2788,2844,2865,2909,2921,2940,2975,2979,2982,3014,3021,3038,3082,3178,3203,3315,3357,3378,3392,3397,3404,3432,3455,3472,3490,3500,3544,3574,3616,3654,3691,3745,3775,3787,3789,3833,3836,3864,3892,3913,3917,3924,3927,3959,3962,4015,4032,4055,4155,4179,4181,4227,4274,4284,4356,4363,4435,4489,4564,4610,4666,4678,4706,4718,4748,4757,4788,4865,4909,4928,5014,5030
80,2009/2/10,0,86,221,364,403,413,420,506,546,557,581,616,763,770,779,793,828,837,921,940,945,998,1075,1122,1138,1234,1264,1295,1339,1411,1428,1444,1456,1458,1463,1488,1568,1661,1708,1757,1836,1941,1997,2004,2104,2118,2167,2179,2298,2310,2314,2324,2363,2389,2417,2478,2543,2548,2559,2569,2580,2587,2676,2790,2793,2795,2842,2900,2902,2954,2958,2979,3003,3017,3049,3070,3082,3103,3152,3159,3178,3185,3196,3243,3350,3355,3383,3453,3481,3518,3537,3546,3574,3581,3630,3644,3658,3677,3796,3819,3833,3866,3887,3915,3917,3952,3964,3976,3980,4027,4046,4111,4176,4183,4186,4195,4200,4230,4312,4321,4326,4442,4447,4573,4587,4589,4603,4613,4703,4769,4771,4774,4778,4830,4839,4848,4918,4946,4984,4988
81,2009/2/24,0,84,156,212,233,259,312,333,441,630,632,665,716,809,870,879,935,961,982,1005,1078,1089,1110,1113,1155,1190,1199,1250,1327,1334,1353,1402,1444,1446,1481,1505,1544,1561,1598,1654,1668,1670,1696,1712,1719,1775,1841,1887,1901,1915,1941,1943,1950,2083,2107,2160,2174,2202,2205,2223,2240,2345,2349,2373,2401,2431,2468,2487,2498,2501,2522,2531,2557,2594,2695,2741,2772,2790,2814,2821,2874,2884,2886,2902,2968,3031,3049,3052,3077,3133,3161,3206,3285,3294,3315,3329,3357,3362,3371,3397,3411,3423,3462,3469,3504,3528,3766,3777,3864,3892,3910,3915,3973,3985,4004,4104,4115,4141,4235,4295,4330,4344,4426,4440,4470,4475,4559,4585,4638,4673,4697,4729,4732,4743,4753,4778,4820,4823,4872,4921,4958,4997
82,2009/1/22,0,26,37,114,145,177,180,208,243,247,261,264,296,313,334,443,466,548,572,590,595,607,667,670,754,770,838,845,882,929,1038,1108,1185,1192,1234,1269,1286,1321,1353,1384,1405,1421,1468,1489,1500,1505,1559,1615,1619,1678,1687,1703,1750,1792,1801,1804,1818,1853,1857,1871,1902,1990,2053,2058,2114,2130,2144,2154,2156,2165,2224,2233,2329,2424,2441,2497,2512,2588,2606,2662,2730,2746,2765,2781,2809,2863,3010,3014,3017,3026,3031,3071,3078,3089,3113,3241,3243,3269,3276,3311,3325,3334,3365,3379,3388,3488,3530,3540,3586,3626,3652,3654,3656,3694,3736,3752,3759,3771,3796,3808,3843,3901,3927,3953,3974,3988,4032,4044,4139,4144,4191,4205,4212,4300,4307,4321,4396,4447,4494,4569,4690,4695,4755,4851,4877,4893,4912,5000
83,2009/1/31,0,70,73,131,180,222,245,252,294,320,322,343,381,385,472,483,507,558,560,567,593,609,679,712,738,749,770,784,819,838,938,983,1042,1062,1078,1102,1132,1139,1155,1197,1228,1232,1277,1279,1312,1347,1384,1403,1432,1447,1452,1536,1540,1561,1655,1680,1685,1701,1732,1746,1872,1881,1942,2035,2042,2079,2119,2133,2173,2215,2252,2254,2273,2308,2327,2348,2376,2460,2485,2503,2504,2511,2553,2630,2639,2686,2705,2756,2782,2791,2796,2824,2826,2915,2929,2933,3008,3022,3045,3057,3059,3083,3143,3171,3230,3311,3314,3318,3342,3353,3400,3405,3442,3482,3503,3580,3643,3652,3666,3703,3708,3743,3834,3862,3874,3890,3920,3958,3969,4002,4112,4207,4224,4235,4368,4431,4443,4483,4508,4513,4560,4611,4648,4695,4714,4744,4777,4795,4812,4851,4889,4907,4933,4942,4970,4980,5005
84,2009/3/7,0,26,56,63,98,145,166,224,245,297,327,376,422,439,479,486,493,581,598,705,712,726,777,794,812,831,924,985,1007,1041,1057,1076,1106,1111,1152,1176,1235,1242,1295,1305,1321,1340,1347,1351,1393,1410,1421,1452,1454,1463,1489,1491,1526,1547,1568,1603,1620,1636,1676,1909,1993,2000,2030,2072,2110,2130,2145,2175,2210,2236,2294,2327,2404,2406,2427,2443,2453,2462,2474,2581,2623,2705,2726,2740,2768,2803,2819,2866,2870,2912,2975,3064,3097,3230,3241,3290,3351,3428,3437,3444,3475,3479,3531,3535,3556,3629,3652,3671,3727,3734,3778,3787,3797,3827,3836,3860,3981,3995,4088,4128,4151,4189,4198,4254,4314,4387,4392,4473,4487,4527,4534,4646,4692,4739,4767,4830,4910,4912,4919,4959,4963,4986
85,2009/1/17,0,26,31,68,103,122,143,231,241,292,332,383,395,423,434,462,497,509,511,539,607,614,630,642,675,759,768,780,787,791,805,845,854,864,987,1001,1060,1118,1183,1195,1201,1211,1218,1221,1281,1307,1344,1435,1477,1517,1536,1568,1578,1596,1641,1643,1655,1659,1687,1729,1844,1923,1932,1981,1998,2000,2107,2135,2147,2167,2252,2266,2282,2291,2306,2345,2397,2492,2509,2523,2590,2597,2635,2660,2663,2695,2712,2716,2733,2749,2761,2763,2784,2786,2810,2817,2838,2849,2884,2903,2929,2961,2980,2989,3008,3087,3090,3104,3141,3155,3157,3192,3246,3257,3288,3297,3302,3342,3346,3381,3482,3535,3552,3694,3713,3731,3736,3759,3771,3790,3811,4002,4014,4039,4051,4065,4067,4133,4140,4177,4261,4287,4310,4347,4350,4490,4522,4536,4550,4564,4620,4644,4676,4704,4779,4851,4863,4963,4966
86,2009/1/29,0,79,208,222,299,303,341,385,427,495,504,527,537,544,551,553,562,588,614,686,709,714,723,775,784,803,819,905,912,996,1013,1059,1097,1108,1111,1171,1241,1260,1330,1430,1444,1449,1514,1542,1552,1601,1694,1699,1790,1855,1885,1892,1916,1974,2002,2011,2021,2100,2193,2219,2263,2268,2287,2312,2316,2322,2352,2357,2392,2410,2466,2469,2480,2534,2592,2604,2634,2637,2672,2674,2693,2716,2770,2786,2842,2854,2874,2877,2884,2886,2942,2947,2975,2977,2984,2991,2994,3019,3064,3089,3122,3127,3152,3204,3276,3316,3409,3418,3435,3509,3535,3565,3610,3633,3656,3659,3691,3696,3778,3808,3859,3943,3974,4034,4060,4114,4132,4160,4256,4258,4277,4286,4312,4387,4412,4438,4501,4508,4513,4536,4587,4606,4636,4648,4660,4678,4718,4793,4795,4814,4816,4876,4905,4956,4991,5021
87,2009/4/7,0,21,93,142,198,231,273,310,331,434,518,548,564,602,651,732,777,798,800,805,889,963,991,1024,1050,1078,1092,1096,1169,1211,1215,1276,1278,1306,1351,1360,1456,1460,1505,1509,1542,1579,1614,1617,1649,1654,1663,1673,1705,1729,1738,1743,1796,1810,1827,1929,1939,1985,2058,2114,2137,2146,2153,2156,2219,2235,2249,2291,2340,2391,2410,2417,2429,2445,2473,2485,2557,2587,2615,2634,2636,2685,2741,2751,2888,2928,2963,3157,3224,3308,3334,3439,3448,3462,3497,3534,3548,3563,3565,3570,3584,3607,3630,3651,3665,3696,3766,3836,3852,3864,3912,3938,3987,4057,4081,4155,4160,4174,4211,4253,4258,4279,4340,4375,4386,4389,4405,4440,4466,4482,4484,4491,4512,4517,4608,4610,4641,4664,4699,4708,4797,4862,4867,4874,4930
88,2009/1/31,0,38,147,175,185,194,203,227,276,285,331,350,367,371,418,423,521,542,579,593,626,719,782,847,887,950,980,992,1022,1053,1109,1146,1167,1242,1270,1302,1347,1391,1452,1466,1482,1526,1585,1603,1610,1676,1683,1769,1820,1851,1881,1883,1902,1970,2070,2093,2103,2105,2117,2156,2315,2343,2348,2397,2411,2413,2453,2464,2490,2522,2616,2618,2635,2730,2775,2786,2898,2999,3094,3117,3127,3132,3213,3223,3246,3248,3265,3297,3332,3411,3547,3600,3612,3633,3643,3654,3675,3692,3696,3717,3722,3731,3853,3876,3934,3972,4018,4175,4177,4256,4301,4303,4359,4366,4459,4499,4527,4529,4534,4567,4639,4644,4667,4681,4693,4744,4798,4828,4877,4926,4942,4954
89,2009/2/10,0,51,56,79,93,137,144,154,163,219,368,473,480,506,569,658,667,676,692,696,730,858,879,907,947,1110,1131,1148,1150,1171,1190,1206,1236,1267,1283,1309,1395,1418,1493,1498,1505,1526,1539,1617,1649,1654,1684,1733,1747,1754,1764,1866,1878,1887,1953,1967,1995,2002,2051,2067,2137,2142,2172,2223,2340,2366,2419,2436,2473,2513,2552,2564,2583,2599,2618,2622,2718,2730,2739,2741,2942,2947,2963,2977,3124,3152,3185,3234,3238,3248,3276,3278,3287,3304,3313,3425,3439,3486,3514,3539,3544,3577,3600,3616,3628,3707,3719,3721,3745,3759,3831,3878,3885,3968,4004,4158,4228,4244,4256,4295,4314,4365,4368,4403,4407,4417,4438,4442,4468,4489,4524,4536,4552,4568,4592,4631,4678,4699,4711,4722,4736,4792,4806,4816,4846,4883,4951
90,2009/1/13,0,28,58,67,88,142,212,256,268,280,322,375,408,413,420,424,455,457,459,480,487,525,581,588,599,602,618,658,681,695,700,732,735,777,835,849,861,875,912,917,933,935,954,1001,1023,1040,1057,1073,1089,1101,1227,1253,1355,1367,1381,1451,1498,1505,1526,1537,1549,1631,1694,1708,1754,1824,1843,1850,1873,1904,1922,1950,2025,2123,2183,2186,2188,2242,2249,2261,2279,2282,2310,2347,2459,2461,2543,2548,2559,2653,2660,2669,2701,2758,2767,2837,2860,2961,2963,2996,3045,3063,3122,3126,3182,3185,3196,3261,3283,3313,3350,3367,3420,3495,3551,3567,3619,3668,3679,3682,3691,3719,3721,3726,3745,3766,3773,3833,3836,3908,3924,3948,3994,3997,4029,4277,4337,4346,4363,4382,4440,4461,4571,4594,4603,4655,4853,4883,4893,4937,4939,4986
