List_Date,Str_Nums
"[2, 1, 2009]",112344466899
"[3, 1, 2009]",012244455678
"[7, 1, 2009]",001133445566
"[8, 1, 2009]",111223344477
"[10, 1, 2009]",01234555678
"[13, 1, 2009]",01124556699
"[15, 1, 2009]",12244455558
"[17, 1, 2009]",112345555678
"[20, 1, 2009]",123455577999
"[22, 1, 2009]",0122245678
"[24, 1, 2009]",1222334688
"[27, 1, 2009]",011234445567
"[29, 1, 2009]",223555666778
"[31, 1, 2009]",133388888
"[3, 2, 2009]",111111345679
"[5, 2, 2009]",12333345778
"[7, 2, 2009]",12356677889
"[10, 2, 2009]",001114788899
"[12, 2, 2009]",11223334568
"[14, 2, 2009]",02333456778
"[17, 2, 2009]",012235677888
"[19, 2, 2009]",022233333458
"[21, 2, 2009]",00134445569
"[24, 2, 2009]",133346677888
"[26, 2, 2009]",011123355579
"[28, 2, 2009]",22556666689
"[3, 3, 2009]",022344457779
"[5, 3, 2009]",002334567779
"[7, 3, 2009]",13444455778
"[10, 3, 2009]",333556677888
"[12, 3, 2009]",00112367899
"[14, 3, 2009]",011145555667
"[17, 3, 2009]",00333445578
"[19, 3, 2009]",01234445569
"[21, 3, 2009]",03344457999
"[24, 3, 2009]",1111234679
"[26, 3, 2009]",011122357778
"[28, 3, 2009]",01112556777
"[31, 3, 2009]",0122234569
"[2, 4, 2009]",01123346889
"[4, 4, 2009]",222334447
"[7, 4, 2009]",33455677889
"[9, 4, 2009]",22233566779
"[11, 4, 2009]",01334566899
"[14, 4, 2009]",0223344568
"[16, 4, 2009]",1233456789
"[18, 4, 2009]",012244666788
"[21, 4, 2009]",111222566799
"[23, 4, 2009]",012244477789
"[27, 4, 2009]",01444566779
"[28, 4, 2009]",111222355778
"[30, 4, 2009]",245566778889
"[2, 5, 2009]",12233445588
"[5, 5, 2009]",11123477779
"[7, 5, 2009]",013346667789
"[9, 5, 2009]",01144468889
"[12, 5, 2009]",2223344779
"[14, 5, 2009]",11223467899
"[16, 5, 2009]",023555577889
"[19, 5, 2009]",123555666688
"[21, 5, 2009]",111123444789
"[23, 5, 2009]",22344455899
"[26, 5, 2009]",33345666677
"[28, 5, 2009]",23356677777
"[30, 5, 2009]",11112335678
"[3, 6, 2009]",233333444779
"[4, 6, 2009]",00566677799
"[6, 6, 2009]",01114566688
"[9, 6, 2009]",113445577889
"[11, 6, 2009]",01223445789
"[13, 6, 2009]",12345677889
"[16, 6, 2009]",12334466789
"[18, 6, 2009]",112234557777
"[20, 6, 2009]",1235677888
"[23, 6, 2009]",2333557889
"[25, 6, 2009]",222333356668
"[27, 6, 2009]",256667788899
"[30, 6, 2009]",111224556789
"[2, 7, 2009]",112233446778
"[4, 7, 2009]",33555667789
"[7, 7, 2009]",144455566789
"[9, 7, 2009]",02567777899
"[11, 7, 2009]",01223336689
"[14, 7, 2009]",123334556789
"[16, 7, 2009]",33455667888
"[18, 7, 2009]",12233445668
"[21, 7, 2009]",022234457789
"[23, 7, 2009]",01226678999
"[25, 7, 2009]",13344556788
"[28, 7, 2009]",00112234679
"[30, 7, 2009]",12346778888
"[1, 8, 2009]",111223333377
"[4, 8, 2009]",1244577888
"[6, 8, 2009]",011344456669
"[8, 8, 2009]",112445567778
"[11, 8, 2009]",002224455679
"[13, 8, 2009]",011235668899
"[17, 8, 2009]",01223445778
"[18, 8, 2009]",12234477899
"[20, 8, 2009]",01234667788
"[22, 8, 2009]",011124577889
"[25, 8, 2009]",2234455688
"[27, 8, 2009]",012345667789
"[29, 8, 2009]",112345666799
"[1, 9, 2009]",111123444589
"[3, 9, 2009]",124555666688
"[5, 9, 2009]",113344556899
"[8, 9, 2009]",11134566778
"[10, 9, 2009]",113344777789
"[12, 9, 2009]",12244455679
"[15, 9, 2009]",012256667888
"[17, 9, 2009]",123334467899
"[19, 9, 2009]",0012244488
"[22, 9, 2009]",001234457778
"[24, 9, 2009]",0123556789
"[26, 9, 2009]",002334677899
"[29, 9, 2009]",012224456677
"[1, 10, 2009]",12344567789
"[3, 10, 2009]",012335678889
"[6, 10, 2009]",022234467799
"[8, 10, 2009]",00111256779
"[10, 10, 2009]",22333345889
"[13, 10, 2009]",01123445568
"[15, 10, 2009]",11233555789
"[17, 10, 2009]",22444457788
"[20, 10, 2009]",014445577799
"[22, 10, 2009]",233344566789
"[24, 10, 2009]",23335566778
"[27, 10, 2009]",333444456778
"[29, 10, 2009]",222344555799
"[31, 10, 2009]",111344566789
"[3, 11, 2009]",122344566788
"[5, 11, 2009]",012224557788
"[7, 11, 2009]",01144577789
"[10, 11, 2009]",122345566789
"[12, 11, 2009]",333446677889
"[14, 11, 2009]",011223345678
"[17, 11, 2009]",011223355689
"[19, 11, 2009]",12234555567
"[21, 11, 2009]",033335567778
"[24, 11, 2009]",114667778899
"[26, 11, 2009]",011223356677
"[28, 11, 2009]",22345667788
"[1, 12, 2009]",011222355689
"[3, 12, 2009]",013344445799
"[5, 12, 2009]",023456667777
"[9, 12, 2009]",00023556779
"[10, 12, 2009]",003333556679
"[12, 12, 2009]",001145566677
"[15, 12, 2009]",1134455688
"[17, 12, 2009]",12233335668
"[19, 12, 2009]",11333457789
"[22, 12, 2009]",11223456678
"[24, 12, 2009]",22235556779
"[28, 12, 2009]",123346667888
"[29, 12, 2009]",011112246678
"[31, 12, 2009]",011244455579
"[2, 1, 2010]",001123346778
"[5, 1, 2010]",444466788889
"[7, 1, 2010]",122334466777
"[9, 1, 2010]",01233345689
"[12, 1, 2010]",223355566799
"[14, 1, 2010]",24444667777
"[16, 1, 2010]",112333446888
"[19, 1, 2010]",14555556789
"[21, 1, 2010]",111223356668
"[23, 1, 2010]",00122234789
"[26, 1, 2010]",11223355668
"[28, 1, 2010]",122223345678
"[30, 1, 2010]",12455556677
"[2, 2, 2010]",02223466888
"[4, 2, 2010]",112334555689
"[6, 2, 2010]",012334445588
"[9, 2, 2010]",000122224458
"[11, 2, 2010]",12334577889
"[13, 2, 2010]",11124467899
"[16, 2, 2010]",334456668888
"[18, 2, 2010]",13445567889
"[20, 2, 2010]",123366667889
"[23, 2, 2010]",012233444569
"[25, 2, 2010]",01466677899
"[27, 2, 2010]",013344556777
"[2, 3, 2010]",0013445589
"[4, 3, 2010]",112344467788
"[6, 3, 2010]",011233556778
"[9, 3, 2010]",022245556889
"[11, 3, 2010]",2455667788
"[13, 3, 2010]",0111478999
"[16, 3, 2010]",11224556789
"[18, 3, 2010]",1244557889
"[20, 3, 2010]",01124466788
"[23, 3, 2010]",022444456699
"[25, 3, 2010]",05666777889
"[27, 3, 2010]",444555566688
"[30, 3, 2010]",00346688889
"[1, 4, 2010]",022333556788
"[3, 4, 2010]",11244567799
"[6, 4, 2010]",00113667788
"[8, 4, 2010]",02355566779
"[10, 4, 2010]",12344566788
"[13, 4, 2010]",023344556699
"[15, 4, 2010]",033334578999
"[17, 4, 2010]",003456666779
"[20, 4, 2010]",01144444579
"[22, 4, 2010]",22444566789
"[24, 4, 2010]",4455666778
"[27, 4, 2010]",12245666889
"[29, 4, 2010]",123344566789
"[3, 5, 2010]",123344555889
"[4, 5, 2010]",12333445599
"[6, 5, 2010]",1223445666
"[8, 5, 2010]",001245667789
"[11, 5, 2010]",112334568889
"[13, 5, 2010]",123445667799
"[15, 5, 2010]",002223347789
"[18, 5, 2010]",023555567788
"[20, 5, 2010]",113444578889
"[22, 5, 2010]",123355777899
"[25, 5, 2010]",01333446677
"[27, 5, 2010]",23445667999
"[29, 5, 2010]",223556788889
"[1, 6, 2010]",13455667778
"[3, 6, 2010]",023344666778
"[5, 6, 2010]",1123446689
"[8, 6, 2010]",233445667899
"[10, 6, 2010]",111455566889
"[12, 6, 2010]",122344566678
"[15, 6, 2010]",444556777889
"[17, 6, 2010]",002245566689
"[19, 6, 2010]",0012223358
"[22, 6, 2010]",01334578999
"[24, 6, 2010]",111245666899
"[26, 6, 2010]",02333555889
"[29, 6, 2010]",11113446888
"[1, 7, 2010]",01134778889
"[3, 7, 2010]",112444556788
"[6, 7, 2010]",23445778889
"[8, 7, 2010]",011223345556
"[10, 7, 2010]",012345567889
"[13, 7, 2010]",02334455889
"[15, 7, 2010]",0111244556
"[17, 7, 2010]",1123567799
"[20, 7, 2010]",013344555689
"[22, 7, 2010]",013344455777
"[24, 7, 2010]",123445577788
"[27, 7, 2010]",345667778889
"[29, 7, 2010]",1113446799
"[31, 7, 2010]",111245556677
"[3, 8, 2010]",03466678888
"[5, 8, 2010]",111456777789
"[7, 8, 2010]",1145667779
"[10, 8, 2010]",00111135788
"[12, 8, 2010]",02344456678
"[14, 8, 2010]",01366678889
"[17, 8, 2010]",01224567899
"[19, 8, 2010]",01135777789
"[21, 8, 2010]",013445567889
"[24, 8, 2010]",000355666799
"[26, 8, 2010]",123345556689
"[28, 8, 2010]",11123467778
"[31, 8, 2010]",001123345679
"[2, 9, 2010]",001344688889
"[4, 9, 2010]",012345566789
"[7, 9, 2010]",0346777889
"[9, 9, 2010]",22234466888
"[11, 9, 2010]",001113366777
"[14, 9, 2010]",02224566789
"[16, 9, 2010]",13455788889
"[18, 9, 2010]",22334457779
"[21, 9, 2010]",124446667899
"[23, 9, 2010]",022344556789
"[25, 9, 2010]",112334556678
"[28, 9, 2010]",012445556678
"[30, 9, 2010]",02455566777
"[2, 10, 2010]",11333446899
"[5, 10, 2010]",012345667888
"[7, 10, 2010]",012245677899
"[9, 10, 2010]",022344445588
"[12, 10, 2010]",111233345788
"[14, 10, 2010]",11345778899
"[16, 10, 2010]",111134566677
"[19, 10, 2010]",013445578889
"[21, 10, 2010]",12333345568
"[23, 10, 2010]",122246667789
"[26, 10, 2010]",022333445789
"[28, 10, 2010]",112223356679
"[30, 10, 2010]",02444555667
"[2, 11, 2010]",013335566899
"[4, 11, 2010]",00112445577
"[6, 11, 2010]",113344455799
"[9, 11, 2010]",112233445677
"[11, 11, 2010]",024455666889
"[13, 11, 2010]",23444445577
"[16, 11, 2010]",012346666788
"[18, 11, 2010]",122333334678
"[20, 11, 2010]",2345566778
"[23, 11, 2010]",024455566788
"[25, 11, 2010]",01244555789
"[27, 11, 2010]",112233445778
"[30, 11, 2010]",012234678899
"[2, 12, 2010]",011335556779
"[4, 12, 2010]",011223345669
"[7, 12, 2010]",112344567779
"[9, 12, 2010]",001223456899
"[11, 12, 2010]",12333556789
"[14, 12, 2010]",01346777789
"[16, 12, 2010]",12455667789
"[18, 12, 2010]",023334567889
"[21, 12, 2010]",1114588899
"[23, 12, 2010]",11124455677
"[27, 12, 2010]",23466677899
"[28, 12, 2010]",1124556679
"[30, 12, 2010]",12334455599
"[3, 1, 2011]",0122447789
"[4, 1, 2011]",11112233499
"[7, 1, 2011]",124444557889
"[8, 1, 2011]",235666677788
"[11, 1, 2011]",111123367779
"[13, 1, 2011]",113345567889
"[15, 1, 2011]",0357777899
"[18, 1, 2011]",000115556789
"[20, 1, 2011]",22334455788
"[22, 1, 2011]",1255666788
"[25, 1, 2011]",11123334456
"[27, 1, 2011]",11112445679
"[29, 1, 2011]",112345566788
"[1, 2, 2011]",001222334677
"[3, 2, 2011]",022334455679
"[5, 2, 2011]",222334555678
"[8, 2, 2011]",001111234558
"[10, 2, 2011]",11444578889
"[12, 2, 2011]",1112336789
"[15, 2, 2011]",022345567888
"[17, 2, 2011]",011124455788
"[19, 2, 2011]",234445777788
"[22, 2, 2011]",2233445678
"[24, 2, 2011]",02235556678
"[26, 2, 2011]",011222335668
"[1, 3, 2011]",01223455799
"[3, 3, 2011]",112244456788
"[5, 3, 2011]",01233455558
"[8, 3, 2011]",222235557888
"[10, 3, 2011]",11124457778
"[12, 3, 2011]",222234445688
"[15, 3, 2011]",02255666888
"[18, 3, 2011]",12335556669
"[19, 3, 2011]",011234455788
"[22, 3, 2011]",02223445589
"[24, 3, 2011]",11356678889
"[26, 3, 2011]",023335667788
"[29, 3, 2011]",11234456678
"[31, 3, 2011]",02233455578
"[2, 4, 2011]",01234455688
"[5, 4, 2011]",00133555577
"[7, 4, 2011]",122234566666
"[9, 4, 2011]",111233477788
"[12, 4, 2011]",002235667789
"[14, 4, 2011]",012234467789
"[16, 4, 2011]",12346778999
"[19, 4, 2011]",11223446679
"[21, 4, 2011]",12234455689
"[23, 4, 2011]",23344455668
"[26, 4, 2011]",122345677789
"[28, 4, 2011]",023445668899
"[30, 4, 2011]",123344567889
"[3, 5, 2011]",001234445557
"[5, 5, 2011]",001122333455
"[7, 5, 2011]",2233445667
"[10, 5, 2011]",122345567788
"[12, 5, 2011]",011235689
"[14, 5, 2011]",01122225678
"[17, 5, 2011]",122455678899
"[19, 5, 2011]",02233457888
"[21, 5, 2011]",11122335888
"[24, 5, 2011]",024567777899
"[26, 5, 2011]",012223344578
"[28, 5, 2011]",011456788889
"[31, 5, 2011]",01125667889
"[3, 6, 2011]",011223344467
"[4, 6, 2011]",124444566789
"[7, 6, 2011]",00124445559
"[9, 6, 2011]",011123356677
"[11, 6, 2011]",111233445599
"[14, 6, 2011]",044445577889
"[16, 6, 2011]",144557788889
"[18, 6, 2011]",122245677899
"[21, 6, 2011]",12245677789
"[23, 6, 2011]",011224557788
"[25, 6, 2011]",111123456777
"[28, 6, 2011]",2344566679
"[30, 6, 2011]",00233557777
"[2, 7, 2011]",1111455699
"[5, 7, 2011]",112556777
"[7, 7, 2011]",1234457889
"[9, 7, 2011]",112224458899
"[12, 7, 2011]",22455577778
"[14, 7, 2011]",011123556889
"[16, 7, 2011]",011233455778
"[19, 7, 2011]",013345556789
"[21, 7, 2011]",11333455799
"[23, 7, 2011]",123346667788
"[26, 7, 2011]",03345566678
"[28, 7, 2011]",122235566778
"[30, 7, 2011]",03334566689
"[2, 8, 2011]",1223456799
"[4, 8, 2011]",00112346789
"[6, 8, 2011]",011255688899
"[9, 8, 2011]",012345566788
"[11, 8, 2011]",01135667789
"[13, 8, 2011]",113344477789
"[16, 8, 2011]",2223556789
"[18, 8, 2011]",123334667788
"[20, 8, 2011]",012267788899
"[23, 8, 2011]",22334445678
"[25, 8, 2011]",013345578899
"[27, 8, 2011]",01334555789
"[30, 8, 2011]",122223335555
"[1, 9, 2011]",01224445688
"[3, 9, 2011]",123455689
"[6, 9, 2011]",011112344566
"[8, 9, 2011]",001245667888
"[10, 9, 2011]",223557899
"[13, 9, 2011]",014456677788
"[15, 9, 2011]",01234556899
"[17, 9, 2011]",011234457788
"[20, 9, 2011]",23345677899
"[22, 9, 2011]",2344556778
"[24, 9, 2011]",12345667778
"[27, 9, 2011]",122355557788
"[29, 9, 2011]",111244556777
"[1, 10, 2011]",1334555588
"[4, 10, 2011]",1134667889
"[6, 10, 2011]",1134556678
"[8, 10, 2011]",12455666888
"[11, 10, 2011]",012333344689
"[13, 10, 2011]",11235778899
"[15, 10, 2011]",033444445568
"[18, 10, 2011]",01126677799
"[20, 10, 2011]",11123467889
"[22, 10, 2011]",11225566689
"[25, 10, 2011]",011223344469
"[27, 10, 2011]",12334466677
"[29, 10, 2011]",11223467778
"[2, 11, 2011]",01144455899
"[3, 11, 2011]",125555567789
"[5, 11, 2011]",023444456789
"[8, 11, 2011]",122345677788
"[10, 11, 2011]",12334577789
"[12, 11, 2011]",223445567789
"[15, 11, 2011]",112233456688
"[17, 11, 2011]",012233334588
"[19, 11, 2011]",012233455889
"[22, 11, 2011]",111112256677
"[24, 11, 2011]",23335667799
"[26, 11, 2011]",122235678889
"[29, 11, 2011]",122334556779
"[1, 12, 2011]",01124444579
"[3, 12, 2011]",11234666778
"[6, 12, 2011]",0011244559
"[9, 12, 2011]",01134456889
"[10, 12, 2011]",122345677888
"[13, 12, 2011]",011223356678
"[15, 12, 2011]",02334555677
"[17, 12, 2011]",22356777789
"[20, 12, 2011]",122356668888
"[22, 12, 2011]",023344566779
"[24, 12, 2011]",113445666788
"[27, 12, 2011]",0122344679
"[29, 12, 2011]",012233444578
"[31, 12, 2011]",023333569
"[3, 1, 2012]",134455677788
"[5, 1, 2012]",011111224567
"[7, 1, 2012]",00125677779
"[10, 1, 2012]",122223446678
"[12, 1, 2012]",023334456789
"[14, 1, 2012]",11233345578
"[17, 1, 2012]",11223355779
"[19, 1, 2012]",012344445679
"[21, 1, 2012]",011223336889
"[24, 1, 2012]",222355567778
"[26, 1, 2012]",011222335678
"[28, 1, 2012]",01222455578
"[31, 1, 2012]",122333346688
"[2, 2, 2012]",002334555678
"[4, 2, 2012]",01123346778
"[7, 2, 2012]",012335677889
"[9, 2, 2012]",113344555778
"[11, 2, 2012]",002334466678
"[14, 2, 2012]",112245678889
"[16, 2, 2012]",11223444578
"[18, 2, 2012]",11234567889
"[21, 2, 2012]",022335778899
"[23, 2, 2012]",022235666678
"[25, 2, 2012]",013445677899
"[28, 2, 2012]",233445567777
"[1, 3, 2012]",11123455669
"[3, 3, 2012]",111344666799
"[6, 3, 2012]",112344567899
"[8, 3, 2012]",023334777889
"[10, 3, 2012]",0114456889
"[13, 3, 2012]",111355567778
"[15, 3, 2012]",11133344678
"[17, 3, 2012]",122344568889
"[20, 3, 2012]",123444567899
"[22, 3, 2012]",12345567888
"[24, 3, 2012]",034455667899
"[27, 3, 2012]",01224566799
"[29, 3, 2012]",011244555567
"[31, 3, 2012]",112333457788
"[3, 4, 2012]",113345567889
"[5, 4, 2012]",001344566789
"[7, 4, 2012]",344555566778
"[10, 4, 2012]",12223445599
"[12, 4, 2012]",012344555788
"[14, 4, 2012]",22234556688
"[17, 4, 2012]",02346667889
"[19, 4, 2012]",122234667777
"[21, 4, 2012]",11233367899
"[24, 4, 2012]",122445678888
"[26, 4, 2012]",112556668899
"[28, 4, 2012]",11123455689
"[2, 5, 2012]",12245667889
"[3, 5, 2012]",12255667888
"[5, 5, 2012]",111345777799
"[8, 5, 2012]",112333455689
"[10, 5, 2012]",00113356667
"[12, 5, 2012]",013455566888
"[15, 5, 2012]",35566777889
"[17, 5, 2012]",113445556788
"[19, 5, 2012]",12233335778
"[22, 5, 2012]",1134555688
"[24, 5, 2012]",001223345699
"[26, 5, 2012]",13333455578
"[29, 5, 2012]",123344558899
"[31, 5, 2012]",122255667789
"[4, 6, 2012]",01223456678
"[5, 6, 2012]",123444567789
"[7, 6, 2012]",012335567788
"[9, 6, 2012]",122334455788
"[12, 6, 2012]",002334677789
"[14, 6, 2012]",01333445799
"[16, 6, 2012]",1133677899
"[19, 6, 2012]",022556677789
"[21, 6, 2012]",23445678999
"[23, 6, 2012]",2224556668
"[26, 6, 2012]",001334467888
"[28, 6, 2012]",00222455678
"[30, 6, 2012]",011223447899
"[3, 7, 2012]",01122366778
"[5, 7, 2012]",145556667799
"[7, 7, 2012]",122345556677
"[10, 7, 2012]",123335667789
"[12, 7, 2012]",024445666778
"[14, 7, 2012]",022357777888
"[17, 7, 2012]",12335556788
"[19, 7, 2012]",13555566799
"[21, 7, 2012]",222244557889
"[24, 7, 2012]",24455577888
"[26, 7, 2012]",011135677789
"[28, 7, 2012]",01166778889
"[31, 7, 2012]",223478888899
"[2, 8, 2012]",2335566788
"[4, 8, 2012]",123445567778
"[7, 8, 2012]",022245567777
"[9, 8, 2012]",011233347799
"[11, 8, 2012]",11123444557
"[14, 8, 2012]",112222344789
"[16, 8, 2012]",334456788899
"[18, 8, 2012]",1133344459
"[21, 8, 2012]",223456667778
"[23, 8, 2012]",02344456667
"[25, 8, 2012]",13666777888
"[28, 8, 2012]",001233455778
"[30, 8, 2012]",001222224567
"[1, 9, 2012]",01233334667
"[4, 9, 2012]",022334456888
"[6, 9, 2012]",123445669999
"[8, 9, 2012]",11233334457
"[11, 9, 2012]",23344448889
"[13, 9, 2012]",122245666777
"[15, 9, 2012]",122223333567
"[18, 9, 2012]",00112355688
"[20, 9, 2012]",001155566778
"[22, 9, 2012]",12245688889
"[25, 9, 2012]",112233346667
"[27, 9, 2012]",0113377789
"[29, 9, 2012]",0333456679
"[2, 10, 2012]",123456677889
"[4, 10, 2012]",122245677789
"[6, 10, 2012]",011234456788
"[9, 10, 2012]",3366778889
"[11, 10, 2012]",000134556889
"[13, 10, 2012]",011134567888
"[16, 10, 2012]",00122244667
"[18, 10, 2012]",11445666788
"[20, 10, 2012]",1223566889
"[23, 10, 2012]",045556677789
"[25, 10, 2012]",011223555779
"[27, 10, 2012]",133334445579
"[30, 10, 2012]",001123456677
"[3, 11, 2012]",144477788
"[5, 11, 2012]",11145566777
"[6, 11, 2012]",012222467888
"[8, 11, 2012]",11233447899
"[10, 11, 2012]",01134455667
"[13, 11, 2012]",02234567789
"[15, 11, 2012]",122334456678
"[17, 11, 2012]",00134677889
"[20, 11, 2012]",01112467799
"[22, 11, 2012]",012255577889
"[24, 11, 2012]",122233444668
"[27, 11, 2012]",12355566788
"[29, 11, 2012]",11123345679
"[1, 12, 2012]",00224555666
"[4, 12, 2012]",123333445899
"[6, 12, 2012]",011445777889
"[10, 12, 2012]",112346677889
"[11, 12, 2012]",0111116668
"[13, 12, 2012]",12234567889
"[15, 12, 2012]",123335555699
"[18, 12, 2012]",022256667789
"[20, 12, 2012]",12225566679
"[22, 12, 2012]",002345555889
"[24, 12, 2012]",11223335678
"[27, 12, 2012]",112255777888
"[29, 12, 2012]",113345688899
"[2, 1, 2013]",011113344568
"[3, 1, 2013]",011112445699
"[5, 1, 2013]",11334567789
"[8, 1, 2013]",022234577889
"[10, 1, 2013]",11223456677
"[12, 1, 2013]",01123346889
"[15, 1, 2013]",001222444478
"[17, 1, 2013]",233345668889
"[19, 1, 2013]",1223555668
"[22, 1, 2013]",01235568888
"[24, 1, 2013]",011344556778
"[26, 1, 2013]",011223477889
"[29, 1, 2013]",11222225688
"[31, 1, 2013]",233344456779
"[2, 2, 2013]",13345668899
"[5, 2, 2013]",01134778889
"[7, 2, 2013]",0145557788
"[9, 2, 2013]",11112345668
"[12, 2, 2013]",01122346778
"[14, 2, 2013]",022344446667
"[16, 2, 2013]",23333455669
"[19, 2, 2013]",02333455789
"[21, 2, 2013]",13455667889
"[23, 2, 2013]",01111255677
"[26, 2, 2013]",001224555899
"[28, 2, 2013]",22444666678
"[2, 3, 2013]",112456677899
"[5, 3, 2013]",122333455699
"[7, 3, 2013]",222234466788
"[9, 3, 2013]",012233446688
"[12, 3, 2013]",01122234777
"[14, 3, 2013]",234555777889
"[16, 3, 2013]",111334447889
"[19, 3, 2013]",011236778999
"[21, 3, 2013]",12245677789
"[23, 3, 2013]",224455667889
"[26, 3, 2013]",123445566789
"[28, 3, 2013]",122345667778
"[30, 3, 2013]",011224457779
"[2, 4, 2013]",12233455788
"[4, 4, 2013]",1233445668
"[6, 4, 2013]",3457788888
"[9, 4, 2013]",122444555688
"[11, 4, 2013]",01466677789
"[13, 4, 2013]",123334466679
"[16, 4, 2013]",012333356889
"[18, 4, 2013]",023334567999
"[20, 4, 2013]",233356677889
"[23, 4, 2013]",11233335667
"[27, 4, 2013]",1112555677
"[29, 4, 2013]",2345566889
"[30, 4, 2013]",23355567888
"[2, 5, 2013]",123335556779
"[4, 5, 2013]",13345566778
"[7, 5, 2013]",013455667779
"[9, 5, 2013]",011122235566
"[11, 5, 2013]",012344467888
"[14, 5, 2013]",134445577778
"[16, 5, 2013]",11223346799
"[18, 5, 2013]",001122344468
"[21, 5, 2013]",23344556788
"[23, 5, 2013]",122334556669
"[25, 5, 2013]",22345566778
"[28, 5, 2013]",023456666778
"[30, 5, 2013]",122346677799
"[1, 6, 2013]",12244555888
"[4, 6, 2013]",12233467888
"[6, 6, 2013]",333444667778
"[8, 6, 2013]",01113355566
"[11, 6, 2013]",11223344679
"[13, 6, 2013]",011345679
"[15, 6, 2013]",112333556689
"[18, 6, 2013]",22334456688
"[20, 6, 2013]",112223455678
"[22, 6, 2013]",12245588899
"[25, 6, 2013]",01124466668
"[27, 6, 2013]",122222357778
"[29, 6, 2013]",122245678889
"[2, 7, 2013]",0123446899
"[4, 7, 2013]",13444567779
"[6, 7, 2013]",2444466779
"[9, 7, 2013]",013345566778
"[11, 7, 2013]",111344555589
"[13, 7, 2013]",223455666779
"[16, 7, 2013]",222255778899
"[18, 7, 2013]",112334566789
"[20, 7, 2013]",01122233366
"[23, 7, 2013]",111333456779
"[25, 7, 2013]",133334445678
"[27, 7, 2013]",011234447789
"[30, 7, 2013]",014555567778
"[1, 8, 2013]",12222455778
"[3, 8, 2013]",113445567788
"[6, 8, 2013]",011123344556
"[8, 8, 2013]",12224455779
"[10, 8, 2013]",01334456677
"[13, 8, 2013]",11333447888
"[17, 8, 2013]",012223446789
"[19, 8, 2013]",1113345789
"[20, 8, 2013]",11124556688
"[22, 8, 2013]",011123568999
"[24, 8, 2013]",122345799
"[27, 8, 2013]",22344466678
"[29, 8, 2013]",011445557889
"[31, 8, 2013]",000112255678
"[3, 9, 2013]",0015677889
"[5, 9, 2013]",011223455788
"[7, 9, 2013]",123455777888
"[10, 9, 2013]",344555778888
"[12, 9, 2013]",13444456788
"[14, 9, 2013]",022344557778
"[17, 9, 2013]",01123444499
"[19, 9, 2013]",111225567888
"[21, 9, 2013]",112356678889
"[24, 9, 2013]",12333346678
"[26, 9, 2013]",23444556778
"[28, 9, 2013]",123566778889
"[1, 10, 2013]",112246666678
"[3, 10, 2013]",12344455677
"[5, 10, 2013]",245567778
"[8, 10, 2013]",01123346689
"[10, 10, 2013]",0122345578
"[12, 10, 2013]",001123578899
"[15, 10, 2013]",001223466678
"[17, 10, 2013]",011114578888
"[19, 10, 2013]",001233444566
"[22, 10, 2013]",2233455677
"[24, 10, 2013]",112345667
"[26, 10, 2013]",022344566788
"[29, 10, 2013]",122333456789
"[31, 10, 2013]",112334466788
"[2, 11, 2013]",01112567789
"[5, 11, 2013]",0146777889
"[7, 11, 2013]",01112256899
"[9, 11, 2013]",011223558899
"[12, 11, 2013]",012233556678
"[14, 11, 2013]",123445556679
"[16, 11, 2013]",133455566669
"[19, 11, 2013]",113344556779
"[21, 11, 2013]",223455666778
"[23, 11, 2013]",01112677899
"[26, 11, 2013]",002234555779
"[28, 11, 2013]",113355566778
"[30, 11, 2013]",011122345589
"[3, 12, 2013]",001223446678
"[5, 12, 2013]",122344678888
"[7, 12, 2013]",12245667778
"[10, 12, 2013]",001125566789
"[12, 12, 2013]",011233456699
"[14, 12, 2013]",33444566667
"[17, 12, 2013]",012222234677
"[19, 12, 2013]",001222337789
"[21, 12, 2013]",11122222467
"[23, 12, 2013]",134445555678
"[24, 12, 2013]",013445566789
"[28, 12, 2013]",022345677899
"[31, 12, 2013]",022256667788
"[2, 1, 2014]",044555677779
"[4, 1, 2014]",011234667899
"[7, 1, 2014]",014445667889
"[9, 1, 2014]",011124457778
"[11, 1, 2014]",011233567899
"[14, 1, 2014]",2244577788
"[16, 1, 2014]",01333444778
"[18, 1, 2014]",111344477888
"[21, 1, 2014]",22334555566
"[23, 1, 2014]",1112336679
"[25, 1, 2014]",222334556889
"[28, 1, 2014]",12256777999
"[30, 1, 2014]",01224557899
"[1, 2, 2014]",1334444678
"[4, 2, 2014]",12233355589
"[6, 2, 2014]",01112467999
"[8, 2, 2014]",11244456678
"[11, 2, 2014]",122334566778
"[13, 2, 2014]",01112335779
"[15, 2, 2014]",112234667778
"[18, 2, 2014]",122345566789
"[20, 2, 2014]",012344667788
"[22, 2, 2014]",112233478889
"[25, 2, 2014]",012245556788
"[27, 2, 2014]",123455668899
"[1, 3, 2014]",0456777899
"[4, 3, 2014]",011445566667
"[6, 3, 2014]",115666667779
"[8, 3, 2014]",012345555788
"[11, 3, 2014]",113455556889
"[13, 3, 2014]",001245577888
"[15, 3, 2014]",1122234445
"[18, 3, 2014]",333456668889
"[20, 3, 2014]",111245577889
"[22, 3, 2014]",112233788899
"[25, 3, 2014]",022344677788
"[27, 3, 2014]",12344678888
"[29, 3, 2014]",112256678888
"[1, 4, 2014]",02356667779
"[3, 4, 2014]",044456778999
"[5, 4, 2014]",13333677899
"[8, 4, 2014]",111246667788
"[10, 4, 2014]",222244555566
"[12, 4, 2014]",122344566899
"[15, 4, 2014]",23334444689
"[17, 4, 2014]",011123566888
"[19, 4, 2014]",024455567799
"[22, 4, 2014]",111222446678
"[24, 4, 2014]",0115567778
"[26, 4, 2014]",1122334589
"[29, 4, 2014]",022334566778
"[3, 5, 2014]",012334555678
"[5, 5, 2014]",024444556679
"[6, 5, 2014]",001334677
"[8, 5, 2014]",0456777899
"[10, 5, 2014]",01345678899
"[13, 5, 2014]",1345556688
"[15, 5, 2014]",024456666677
"[17, 5, 2014]",01335566789
"[20, 5, 2014]",011144567789
"[22, 5, 2014]",23455678889
"[24, 5, 2014]",01223377788
"[27, 5, 2014]",223333556678
"[29, 5, 2014]",222333345778
"[31, 5, 2014]",011145667
"[3, 6, 2014]",22234567899
"[5, 6, 2014]",001113344778
"[7, 6, 2014]",112334566689
"[10, 6, 2014]",022233447789
"[12, 6, 2014]",011123567899
"[14, 6, 2014]",11334456778
"[17, 6, 2014]",122334566899
"[19, 6, 2014]",111233466899
"[21, 6, 2014]",111456678899
"[24, 6, 2014]",12223334788
"[26, 6, 2014]",01234666788
"[28, 6, 2014]",011122444789
"[1, 7, 2014]",133445566889
"[3, 7, 2014]",11112233566
"[5, 7, 2014]",112334555788
"[8, 7, 2014]",2334555889
"[10, 7, 2014]",01111335588
"[12, 7, 2014]",001122445778
"[15, 7, 2014]",01112334557
"[17, 7, 2014]",11122567899
"[19, 7, 2014]",244455778899
"[22, 7, 2014]",02356666789
"[24, 7, 2014]",11233455678
"[26, 7, 2014]",01122226689
"[29, 7, 2014]",234455677889
"[31, 7, 2014]",001122466899
"[2, 8, 2014]",223455678889
"[5, 8, 2014]",11222477899
"[7, 8, 2014]",000125578999
"[9, 8, 2014]",01223566789
"[12, 8, 2014]",112334466889
"[14, 8, 2014]",11223445677
"[16, 8, 2014]",113346666789
"[19, 8, 2014]",012334566677
"[21, 8, 2014]",12334456778
"[23, 8, 2014]",011145556678
"[26, 8, 2014]",01244556699
"[28, 8, 2014]",122334578889
"[30, 8, 2014]",023334456678
"[2, 9, 2014]",01222333667
"[4, 9, 2014]",113333456789
"[6, 9, 2014]",122333356678
"[9, 9, 2014]",001122246778
"[11, 9, 2014]",112345567889
"[13, 9, 2014]",01225556778
"[16, 9, 2014]",11122234556
"[18, 9, 2014]",111123467779
"[20, 9, 2014]",013355566779
"[23, 9, 2014]",22455678899
"[25, 9, 2014]",44557777899
"[27, 9, 2014]",1112445889
"[30, 9, 2014]",233455567899
"[2, 10, 2014]",0234556889
"[4, 10, 2014]",0111226677
"[7, 10, 2014]",11123556778
"[9, 10, 2014]",011224456789
"[11, 10, 2014]",11233456688
"[14, 10, 2014]",111234556899
"[16, 10, 2014]",2446778999
"[18, 10, 2014]",002234445667
"[21, 10, 2014]",113344445568
"[23, 10, 2014]",12344455679
"[25, 10, 2014]",24455788888
"[28, 10, 2014]",012233344666
"[30, 10, 2014]",223344556789
"[3, 11, 2014]",0233445789
"[4, 11, 2014]",112233588889
"[6, 11, 2014]",024556888899
"[8, 11, 2014]",112333467889
"[11, 11, 2014]",122233445679
"[13, 11, 2014]",02345557789
"[15, 11, 2014]",022244667889
"[18, 11, 2014]",235566678888
"[20, 11, 2014]",234445566888
"[22, 11, 2014]",222255555888
"[25, 11, 2014]",012366677778
"[27, 11, 2014]",011233455678
"[29, 11, 2014]",01333345678
"[2, 12, 2014]",12355567899
"[4, 12, 2014]",23555567788
"[6, 12, 2014]",011112234578
"[9, 12, 2014]",22333445667
"[11, 12, 2014]",022222445789
"[13, 12, 2014]",011123346779
"[16, 12, 2014]",123445556889
"[18, 12, 2014]",122245888899
"[20, 12, 2014]",11222346779
"[23, 12, 2014]",122255568889
"[24, 12, 2014]",333345556788
"[27, 12, 2014]",112233558889
"[30, 12, 2014]",12455677779
"[3, 1, 2015]",011234456688
"[5, 1, 2015]",013446678889
"[7, 1, 2015]",11224666899
"[8, 1, 2015]",0012456999
"[10, 1, 2015]",01222334789
"[13, 1, 2015]",01336667789
"[15, 1, 2015]",122223457
"[17, 1, 2015]",011122345788
"[20, 1, 2015]",11123457889
"[22, 1, 2015]",111244577789
"[24, 1, 2015]",122223345689
"[27, 1, 2015]",01345566779
"[29, 1, 2015]",022456677889
"[31, 1, 2015]",44455568889
"[3, 2, 2015]",012234556679
"[5, 2, 2015]",0134455789
"[7, 2, 2015]",012234456788
"[10, 2, 2015]",023457777789
"[12, 2, 2015]",223445567778
"[14, 2, 2015]",011233356779
"[17, 2, 2015]",000122466667
"[19, 2, 2015]",233444456689
"[21, 2, 2015]",13345567788
"[24, 2, 2015]",22235667889
"[26, 2, 2015]",113444567778
"[28, 2, 2015]",01344556788
"[3, 3, 2015]",112346666788
"[5, 3, 2015]",022344456789
"[7, 3, 2015]",123356666788
"[10, 3, 2015]",01116778899
"[12, 3, 2015]",03333667789
"[14, 3, 2015]",023346688899
"[17, 3, 2015]",011123366669
"[19, 3, 2015]",0235557788
"[21, 3, 2015]",145557899
"[24, 3, 2015]",01223567899
"[26, 3, 2015]",001124446789
"[28, 3, 2015]",01122456778
"[31, 3, 2015]",12333345678
"[2, 4, 2015]",133335666688
"[4, 4, 2015]",113344456888
"[7, 4, 2015]",01224677788
"[9, 4, 2015]",02344456778
"[11, 4, 2015]",023455566789
"[14, 4, 2015]",013455667899
"[16, 4, 2015]",333466778899
"[18, 4, 2015]",011113456788
"[21, 4, 2015]",12445567789
"[23, 4, 2015]",12333447788
"[27, 4, 2015]",23556678889
"[28, 4, 2015]",011114556679
"[30, 4, 2015]",112333557888
"[2, 5, 2015]",33444556679
"[5, 5, 2015]",13336777888
"[7, 5, 2015]",122334456778
"[9, 5, 2015]",012234555667
"[12, 5, 2015]",001145788899
"[14, 5, 2015]",112245555569
"[16, 5, 2015]",23335566779
"[19, 5, 2015]",02344446667
"[21, 5, 2015]",111223556778
"[23, 5, 2015]",11223344799
"[26, 5, 2015]",1266777899
"[28, 5, 2015]",01333566788
"[30, 5, 2015]",133335566689
"[3, 6, 2015]",22334667788
"[4, 6, 2015]",112344577888
"[6, 6, 2015]",011234444567
"[9, 6, 2015]",011225568888
"[11, 6, 2015]",122455667789
"[13, 6, 2015]",013334556889
"[16, 6, 2015]",23555677888
"[18, 6, 2015]",011222468889
"[20, 6, 2015]",11125566668
"[23, 6, 2015]",002222334468
"[25, 6, 2015]",133466677889
"[27, 6, 2015]",112234455678
"[30, 6, 2015]",11123445569
"[2, 7, 2015]",01136778888
"[4, 7, 2015]",01233566688
"[7, 7, 2015]",112335788889
"[9, 7, 2015]",45566688899
"[11, 7, 2015]",02333445889
"[14, 7, 2015]",112234467778
"[16, 7, 2015]",222246778999
"[18, 7, 2015]",022222446777
"[21, 7, 2015]",01123467789
"[23, 7, 2015]",133444456788
"[25, 7, 2015]",00122244556
"[28, 7, 2015]",12344666678
"[30, 7, 2015]",111223355668
"[1, 8, 2015]",01223456888
"[4, 8, 2015]",333457778889
"[6, 8, 2015]",22333567799
"[8, 8, 2015]",1223556777
"[11, 8, 2015]",112223455778
"[13, 8, 2015]",11344466778
"[17, 8, 2015]",0011456777
"[18, 8, 2015]",000234556678
"[20, 8, 2015]",01134446778
"[22, 8, 2015]",113456779
"[25, 8, 2015]",11135688889
"[27, 8, 2015]",0001224458
"[29, 8, 2015]",24455577788
"[1, 9, 2015]",001333457788
"[3, 9, 2015]",111347788899
"[5, 9, 2015]",012233446678
"[8, 9, 2015]",001445556788
"[10, 9, 2015]",011134455788
"[12, 9, 2015]",112244466888
"[15, 9, 2015]",01223355679
"[17, 9, 2015]",1247778899
"[19, 9, 2015]",00223445699
"[22, 9, 2015]",001122555668
"[24, 9, 2015]",01123366788
"[26, 9, 2015]",13467777899
"[29, 9, 2015]",112244555778
"[1, 10, 2015]",11224467799
"[3, 10, 2015]",1112334446
"[6, 10, 2015]",11122467788
"[8, 10, 2015]",022333345589
"[10, 10, 2015]",012344457789
"[13, 10, 2015]",133355667789
"[15, 10, 2015]",0122344679
"[17, 10, 2015]",1234566667
"[20, 10, 2015]",013445668888
"[22, 10, 2015]",0111235568
"[24, 10, 2015]",13334467889
"[27, 10, 2015]",011344455788
"[29, 10, 2015]",01144456778
"[31, 10, 2015]",22255666888
"[3, 11, 2015]",011344677789
"[5, 11, 2015]",112223334679
"[7, 11, 2015]",11222445569
"[10, 11, 2015]",13333667788
"[12, 11, 2015]",111223445789
"[14, 11, 2015]",134556678889
"[17, 11, 2015]",223445577999
"[19, 11, 2015]",222445578889
"[21, 11, 2015]",123333355578
"[24, 11, 2015]",002244557888
"[26, 11, 2015]",123456677788
"[28, 11, 2015]",011222355688
"[1, 12, 2015]",133555578889
"[3, 12, 2015]",334455667788
"[5, 12, 2015]",12234447789
"[9, 12, 2015]",122233456688
"[10, 12, 2015]",00112356689
"[12, 12, 2015]",012445566678
"[15, 12, 2015]",03334556688
"[17, 12, 2015]",111344567888
"[19, 12, 2015]",02234555677
"[22, 12, 2015]",012223566789
"[24, 12, 2015]",2233466688
"[28, 12, 2015]",12345588888
"[29, 12, 2015]",012255677789
"[31, 12, 2015]",011225677899
"[2, 1, 2016]",11134556679
"[5, 1, 2016]",00002456679
"[7, 1, 2016]",011234666788
"[9, 1, 2016]",001223455667
"[12, 1, 2016]",0223457899
"[14, 1, 2016]",1144567788
"[16, 1, 2016]",001112457789
"[19, 1, 2016]",111333455668
"[21, 1, 2016]",11122235678
"[23, 1, 2016]",123444589
"[26, 1, 2016]",002344556678
"[28, 1, 2016]",0123356889
"[30, 1, 2016]",111234567788
"[2, 2, 2016]",001345566889
"[4, 2, 2016]",11233466799
"[6, 2, 2016]",012334667789
"[9, 2, 2016]",112455666788
"[11, 2, 2016]",112344557777
"[13, 2, 2016]",00234466789
"[16, 2, 2016]",00122334478
"[18, 2, 2016]",011223556789
"[20, 2, 2016]",223334455899
"[23, 2, 2016]",01224457888
"[25, 2, 2016]",111233456778
"[27, 2, 2016]",122244588899
"[1, 3, 2016]",001223455555
"[3, 3, 2016]",12245666899
"[5, 3, 2016]",0666778888
"[8, 3, 2016]",12223557889
"[10, 3, 2016]",11122566789
"[12, 3, 2016]",022235677889
"[15, 3, 2016]",1123456789
"[17, 3, 2016]",11256666778
"[19, 3, 2016]",111245566778
"[22, 3, 2016]",111233345779
"[24, 3, 2016]",122445667789
"[26, 3, 2016]",223466777889
"[29, 3, 2016]",123555677779
"[31, 3, 2016]",123467788888
"[2, 4, 2016]",12245567888
"[5, 4, 2016]",122222334588
"[7, 4, 2016]",234455667889
"[9, 4, 2016]",1223345559
"[12, 4, 2016]",023455577899
"[14, 4, 2016]",122346678
"[16, 4, 2016]",12235688889
"[19, 4, 2016]",001134668889
"[21, 4, 2016]",00112345556
"[23, 4, 2016]",011113335789
"[26, 4, 2016]",013455778999
"[28, 4, 2016]",001112334468
"[30, 4, 2016]",112234556788
"[3, 5, 2016]",122455577889
"[5, 5, 2016]",00222355779
"[7, 5, 2016]",22333346788
"[10, 5, 2016]",224455556669
"[12, 5, 2016]",012244555589
"[14, 5, 2016]",111235567779
"[17, 5, 2016]",01114446789
"[19, 5, 2016]",112344556779
"[21, 5, 2016]",01123566689
"[24, 5, 2016]",114444566788
"[26, 5, 2016]",12334456688
"[28, 5, 2016]",1112344557
"[31, 5, 2016]",11123346788
"[4, 6, 2016]",01145678888
"[6, 6, 2016]",03455556779
"[7, 6, 2016]",022344556679
"[9, 6, 2016]",01134667889
"[11, 6, 2016]",002233445678
"[14, 6, 2016]",122333455688
"[16, 6, 2016]",112456788999
"[18, 6, 2016]",122234455556
"[21, 6, 2016]",01334445589
"[23, 6, 2016]",112345667788
"[25, 6, 2016]",111444455788
"[28, 6, 2016]",02334455689
"[30, 6, 2016]",001123333455
"[2, 7, 2016]",0223455689
"[5, 7, 2016]",022234555669
"[7, 7, 2016]",0123456789
"[9, 7, 2016]",123344445568
"[12, 7, 2016]",11134556889
"[14, 7, 2016]",122356667788
"[16, 7, 2016]",233456677778
"[19, 7, 2016]",01222445889
"[21, 7, 2016]",012355667899
"[23, 7, 2016]",01123466788
"[26, 7, 2016]",11123456778
"[28, 7, 2016]",123335667889
"[30, 7, 2016]",122224455688
"[2, 8, 2016]",034445578899
"[4, 8, 2016]",012345566777
"[6, 8, 2016]",112334567778
"[9, 8, 2016]",122345677778
"[11, 8, 2016]",013556788899
"[13, 8, 2016]",22234577889
"[16, 8, 2016]",11233466789
"[18, 8, 2016]",23355688899
"[20, 8, 2016]",012344455699
"[23, 8, 2016]",24446678888
"[25, 8, 2016]",011234456678
"[27, 8, 2016]",11233456678
"[30, 8, 2016]",1466667789
"[1, 9, 2016]",01344566889
"[3, 9, 2016]",22344556889
"[6, 9, 2016]",01334467888
"[8, 9, 2016]",01124566779
"[10, 9, 2016]",11344566699
"[13, 9, 2016]",22346668889
"[15, 9, 2016]",011334456888
"[17, 9, 2016]",0124568889
"[20, 9, 2016]",244455677788
"[22, 9, 2016]",11334445589
"[24, 9, 2016]",11223345566
"[27, 9, 2016]",113345556888
"[29, 9, 2016]",001114444677
"[1, 10, 2016]",011245778889
"[4, 10, 2016]",044456778889
"[6, 10, 2016]",01222255689
"[8, 10, 2016]",122345677788
"[11, 10, 2016]",111112356777
"[13, 10, 2016]",01334466779
"[15, 10, 2016]",1234677788
"[18, 10, 2016]",123444467788
"[20, 10, 2016]",02345666679
"[22, 10, 2016]",1444566788
"[25, 10, 2016]",03444555688
"[27, 10, 2016]",11223336778
"[29, 10, 2016]",0111344779
"[31, 10, 2016]",11234455778
"[3, 11, 2016]",123556666789
"[5, 11, 2016]",122223455678
"[8, 11, 2016]",011233456788
"[10, 11, 2016]",012455566689
"[12, 11, 2016]",00122225799
"[15, 11, 2016]",11123578889
"[17, 11, 2016]",01222344459
"[19, 11, 2016]",122334577889
"[22, 11, 2016]",01244677888
"[24, 11, 2016]",234556778889
"[26, 11, 2016]",124444466789
"[29, 11, 2016]",22344556779
"[1, 12, 2016]",011122335667
"[3, 12, 2016]",01112256678
"[6, 12, 2016]",123445556667
"[10, 12, 2016]",045556666788
"[12, 12, 2016]",23556666889
"[13, 12, 2016]",011234566778
"[15, 12, 2016]",01333566789
"[17, 12, 2016]",11133445579
"[20, 12, 2016]",011123457789
"[22, 12, 2016]",122344446778
"[24, 12, 2016]",11122346889
"[27, 12, 2016]",012334555678
"[29, 12, 2016]",133335567888
"[31, 12, 2016]",111222233488
"[3, 1, 2017]",12223457779
"[5, 1, 2017]",1122377789
"[7, 1, 2017]",1226788889
"[10, 1, 2017]",1222455889
"[12, 1, 2017]",011233344567
"[14, 1, 2017]",112244456778
"[17, 1, 2017]",011444566789
"[19, 1, 2017]",011234577889
"[21, 1, 2017]",03556666788
"[24, 1, 2017]",334566777788
"[26, 1, 2017]",013444556789
"[28, 1, 2017]",11133455779
"[31, 1, 2017]",111344456779
"[2, 2, 2017]",112455666677
"[4, 2, 2017]",111123345688
"[7, 2, 2017]",12233477889
"[9, 2, 2017]",123345555788
"[11, 2, 2017]",1123336689
"[14, 2, 2017]",11344556899
"[16, 2, 2017]",011233366778
"[18, 2, 2017]",12333466778
"[21, 2, 2017]",00223466669
"[23, 2, 2017]",01112367899
"[25, 2, 2017]",011144567889
"[28, 2, 2017]",112244456779
"[2, 3, 2017]",233455567889
"[4, 3, 2017]",11122456678
"[7, 3, 2017]",11233788899
"[9, 3, 2017]",00134455789
"[11, 3, 2017]",3344666678
"[14, 3, 2017]",011234567789
"[16, 3, 2017]",111223566689
"[18, 3, 2017]",001144467789
"[21, 3, 2017]",233355667789
"[23, 3, 2017]",234456788899
"[25, 3, 2017]",00345566688
"[28, 3, 2017]",0022345679
"[30, 3, 2017]",00144566777
"[1, 4, 2017]",04666677888
"[4, 4, 2017]",12333456779
"[6, 4, 2017]",111223455689
"[8, 4, 2017]",0246667788
"[11, 4, 2017]",15556678899
"[13, 4, 2017]",124556667889
"[15, 4, 2017]",02335555669
"[18, 4, 2017]",122456778889
"[20, 4, 2017]",12223456778
"[22, 4, 2017]",011346799
"[24, 4, 2017]",12234577888
"[27, 4, 2017]",22234567888
"[29, 4, 2017]",11244457889
"[2, 5, 2017]",002345678889
"[4, 5, 2017]",012333555679
"[6, 5, 2017]",023566777788
"[9, 5, 2017]",02335567778
"[11, 5, 2017]",112334557889
"[13, 5, 2017]",11222444577
"[16, 5, 2017]",002357788999
"[18, 5, 2017]",01114677789
"[20, 5, 2017]",33345667778
"[23, 5, 2017]",011123345678
"[25, 5, 2017]",001233444677
"[27, 5, 2017]",134455666778
"[30, 5, 2017]",012235566679
"[1, 6, 2017]",12355567778
"[3, 6, 2017]",02223367789
"[6, 6, 2017]",01224566677
"[8, 6, 2017]",112234455889
"[10, 6, 2017]",145556667799
"[13, 6, 2017]",011145677789
"[15, 6, 2017]",22233467888
"[17, 6, 2017]",013445577888
"[20, 6, 2017]",234456667888
"[22, 6, 2017]",11224457899
"[24, 6, 2017]",00122233578
"[27, 6, 2017]",12244667889
"[29, 6, 2017]",011345678899
"[1, 7, 2017]",011245555889
"[4, 7, 2017]",112355577888
"[6, 7, 2017]",133444566778
"[8, 7, 2017]",0223456888
"[11, 7, 2017]",12233446889
"[13, 7, 2017]",11222466778
"[15, 7, 2017]",233444677778
"[18, 7, 2017]",123444557778
"[20, 7, 2017]",001222345668
"[22, 7, 2017]",12223356688
"[25, 7, 2017]",02234455799
"[27, 7, 2017]",01245556778
"[29, 7, 2017]",11155577888
"[1, 8, 2017]",0122458889
"[3, 8, 2017]",012234567999
"[5, 8, 2017]",001145567999
"[8, 8, 2017]",112333446667
"[10, 8, 2017]",0123444588
"[12, 8, 2017]",01234446677
"[14, 8, 2017]",344444466788
"[17, 8, 2017]",222245666889
"[19, 8, 2017]",012344467889
"[22, 8, 2017]",023445566678
"[24, 8, 2017]",024445557888
"[26, 8, 2017]",223455566889
"[29, 8, 2017]",122334457888
"[31, 8, 2017]",22233357899
"[2, 9, 2017]",01245677779
"[5, 9, 2017]",12366667778
"[7, 9, 2017]",011245667889
"[9, 9, 2017]",233455688999
"[12, 9, 2017]",01223566778
"[14, 9, 2017]",012233356899
"[16, 9, 2017]",223335556668
"[19, 9, 2017]",334455556678
"[21, 9, 2017]",112346677778
"[23, 9, 2017]",12446678889
"[26, 9, 2017]",011134566889
"[28, 9, 2017]",01356688899
"[30, 9, 2017]",01122223799
"[3, 10, 2017]",01234678899
"[5, 10, 2017]",011334456688
"[7, 10, 2017]",113334555778
"[10, 10, 2017]",22245566667
"[12, 10, 2017]",11134556999
"[14, 10, 2017]",00123555789
"[17, 10, 2017]",001123556778
"[19, 10, 2017]",111256667778
"[21, 10, 2017]",111222233338
"[24, 10, 2017]",01444566778
"[26, 10, 2017]",123344556778
"[28, 10, 2017]",11122377789
"[31, 10, 2017]",012345688999
"[2, 11, 2017]",111344566688
"[4, 11, 2017]",345677888
"[7, 11, 2017]",2346667789
"[9, 11, 2017]",11122444568
"[11, 11, 2017]",011133355678
"[14, 11, 2017]",01114445567
"[16, 11, 2017]",11122235667
"[18, 11, 2017]",12234446788
"[21, 11, 2017]",012234445677
"[23, 11, 2017]",011334445568
"[25, 11, 2017]",012222244566
"[28, 11, 2017]",122467788888
"[30, 11, 2017]",11333345679
"[2, 12, 2017]",12223455679
"[5, 12, 2017]",011333445688
"[7, 12, 2017]",112455566888
"[9, 12, 2017]",011222445688
"[12, 12, 2017]",02234455689
"[14, 12, 2017]",223334557799
"[16, 12, 2017]",3335566677
"[18, 12, 2017]",012345557789
"[19, 12, 2017]",223345677899
"[21, 12, 2017]",012255567889
"[23, 12, 2017]",133457888899
"[28, 12, 2017]",000123334588
"[30, 12, 2017]",12233455667
"[2, 1, 2018]",11124466899
"[4, 1, 2018]",12234558889
"[8, 1, 2018]",112334445688
"[9, 1, 2018]",00467888899
"[11, 1, 2018]",12223357788
"[13, 1, 2018]",01112445679
"[16, 1, 2018]",12345567799
"[18, 1, 2018]",023445566889
"[20, 1, 2018]",024445677788
"[23, 1, 2018]",2222344567
"[25, 1, 2018]",112345566788
"[27, 1, 2018]",22455677888
"[30, 1, 2018]",223447778999
"[1, 2, 2018]",012345556889
"[3, 2, 2018]",1123478889
"[6, 2, 2018]",1334456678
"[8, 2, 2018]",002233444579
"[10, 2, 2018]",13355778889
"[13, 2, 2018]",01113335778
"[15, 2, 2018]",01234457788
"[17, 2, 2018]",01345557779
"[20, 2, 2018]",122555556777
"[22, 2, 2018]",00144567789
"[24, 2, 2018]",012344466888
"[27, 2, 2018]",345666688889
"[1, 3, 2018]",22235777789
"[3, 3, 2018]",11223467889
"[6, 3, 2018]",123445566677
"[8, 3, 2018]",022255566689
"[10, 3, 2018]",111224445688
"[13, 3, 2018]",123345567889
"[15, 3, 2018]",11123345679
"[17, 3, 2018]",02355578889
"[20, 3, 2018]",02333444489
"[22, 3, 2018]",022223337799
"[24, 3, 2018]",12222446668
"[27, 3, 2018]",011333356678
"[29, 3, 2018]",111223355556
"[31, 3, 2018]",14567799
"[3, 4, 2018]",001344457799
"[5, 4, 2018]",23355677777
"[7, 4, 2018]",01233455788
"[10, 4, 2018]",222345667788
"[12, 4, 2018]",23344457888
"[14, 4, 2018]",00111344588
"[17, 4, 2018]",122233345779
"[19, 4, 2018]",00122445678
"[21, 4, 2018]",112345677889
"[24, 4, 2018]",112344456778
"[26, 4, 2018]",124445666677
"[28, 4, 2018]",12224445778
"[30, 4, 2018]",00124566677
"[3, 5, 2018]",11233778999
"[5, 5, 2018]",11145678999
"[8, 5, 2018]",111455577788
"[10, 5, 2018]",112446777889
"[12, 5, 2018]",024455667899
"[15, 5, 2018]",01123355678
"[17, 5, 2018]",013334467789
"[19, 5, 2018]",011445555678
"[22, 5, 2018]",111222336779
"[24, 5, 2018]",11233577888
"[26, 5, 2018]",002223556799
"[29, 5, 2018]",122344688899
"[31, 5, 2018]",45666667899
"[4, 6, 2018]",445566677788
"[5, 6, 2018]",01111125677
"[7, 6, 2018]",333446667779
"[9, 6, 2018]",111123345668
"[12, 6, 2018]",01112333445
"[14, 6, 2018]",11355567789
"[16, 6, 2018]",1222455679
"[19, 6, 2018]",0124556778
"[21, 6, 2018]",11223456678
"[23, 6, 2018]",01245567779
"[26, 6, 2018]",1233566789
"[28, 6, 2018]",123556678889
"[30, 6, 2018]",12233344559
"[3, 7, 2018]",122333466788
"[5, 7, 2018]",111112346789
"[7, 7, 2018]",13455567779
"[10, 7, 2018]",001123456678
"[12, 7, 2018]",11233447889
"[14, 7, 2018]",1122477799
"[17, 7, 2018]",002334456677
"[19, 7, 2018]",111346777778
"[21, 7, 2018]",223355666789
"[24, 7, 2018]",22334777799
"[26, 7, 2018]",012233445788
"[28, 7, 2018]",011456677789
"[31, 7, 2018]",122333455689
"[2, 8, 2018]",1444455667
"[4, 8, 2018]",233344556689
"[7, 8, 2018]",111122355668
"[9, 8, 2018]",012333445679
"[11, 8, 2018]",123445777889
"[14, 8, 2018]",123344556778
"[16, 8, 2018]",00111222225
"[18, 8, 2018]",01124667778
"[21, 8, 2018]",01123356799
"[23, 8, 2018]",001223334448
"[25, 8, 2018]",124444566889
"[28, 8, 2018]",12333467899
"[30, 8, 2018]",122355666899
"[1, 9, 2018]",1123455689
"[4, 9, 2018]",011234557788
"[6, 9, 2018]",22233456778
"[8, 9, 2018]",22335567899
"[11, 9, 2018]",113455666789
"[13, 9, 2018]",122345667799
"[15, 9, 2018]",12334466788
"[18, 9, 2018]",12223444557
"[20, 9, 2018]",112455667778
"[22, 9, 2018]",112224556889
"[25, 9, 2018]",012445677789
"[27, 9, 2018]",123455666777
"[29, 9, 2018]",013445777888
"[2, 10, 2018]",1234467788
"[4, 10, 2018]",001235677899
"[6, 10, 2018]",223357777788
"[9, 10, 2018]",013345567789
"[11, 10, 2018]",002223356689
"[13, 10, 2018]",133445556699
"[16, 10, 2018]",01223555678
"[18, 10, 2018]",001233567888
"[20, 10, 2018]",01234478899
"[23, 10, 2018]",01344566689
"[25, 10, 2018]",011222246899
"[27, 10, 2018]",01123355589
"[30, 10, 2018]",023344567789
"[3, 11, 2018]",023345677889
"[5, 11, 2018]",00334456889
"[6, 11, 2018]",11224444568
"[8, 11, 2018]",011122455579
"[10, 11, 2018]",00124455689
"[13, 11, 2018]",01122345567
"[15, 11, 2018]",01233446666
"[17, 11, 2018]",2333455588
"[20, 11, 2018]",1333446889
"[22, 11, 2018]",122334455678
"[24, 11, 2018]",003336677888
"[27, 11, 2018]",01112335689
"[29, 11, 2018]",22223666677
"[1, 12, 2018]",01334456788
"[4, 12, 2018]",11334677778
"[6, 12, 2018]",001344444579
"[10, 12, 2018]",23357777888
"[11, 12, 2018]",01233467789
"[13, 12, 2018]",0111223479
"[15, 12, 2018]",22334456779
"[18, 12, 2018]",013666678899
"[20, 12, 2018]",111456778899
"[22, 12, 2018]",11144456688
"[24, 12, 2018]",112234677789
"[27, 12, 2018]",233444467889
"[29, 12, 2018]",122344466779
"[3, 1, 2019]",01234555667
"[5, 1, 2019]",245556667889
"[7, 1, 2019]",2345555888
"[8, 1, 2019]",233344557788
"[10, 1, 2019]",23666677889
"[12, 1, 2019]",123333666788
"[15, 1, 2019]",13455567788
"[17, 1, 2019]",122333356689
"[19, 1, 2019]",00114455688
"[22, 1, 2019]",22233788889
"[24, 1, 2019]",00123446899
"[26, 1, 2019]",112226777889
"[29, 1, 2019]",01125667899
"[31, 1, 2019]",12334556689
"[2, 2, 2019]",022345678888
"[5, 2, 2019]",011123445668
"[7, 2, 2019]",22445667799
"[9, 2, 2019]",02233455669
"[12, 2, 2019]",012444668899
"[14, 2, 2019]",03344677788
"[16, 2, 2019]",001112456789
"[19, 2, 2019]",011233566677
"[21, 2, 2019]",011134567899
"[23, 2, 2019]",01345667888
"[26, 2, 2019]",122235556677
"[28, 2, 2019]",01125555789
"[2, 3, 2019]",013344666799
"[5, 3, 2019]",1233566668
"[7, 3, 2019]",01224456888
"[9, 3, 2019]",01155677889
"[12, 3, 2019]",133566677888
"[14, 3, 2019]",222346677888
"[16, 3, 2019]",134667778889
"[19, 3, 2019]",112334555688
"[21, 3, 2019]",022235567999
"[23, 3, 2019]",012233334689
"[26, 3, 2019]",122444455778
"[28, 3, 2019]",033345568889
"[30, 3, 2019]",00112245578
"[2, 4, 2019]",001223335679
"[4, 4, 2019]",02346677899
"[6, 4, 2019]",144557888889
"[9, 4, 2019]",11233335678
"[11, 4, 2019]",00125556888
"[13, 4, 2019]",001122345677
"[16, 4, 2019]",012255556889
"[18, 4, 2019]",01344677789
"[20, 4, 2019]",15677888889
"[23, 4, 2019]",011223356799
"[27, 4, 2019]",11124466778
"[29, 4, 2019]",12245666789
"[30, 4, 2019]",111223355579
"[2, 5, 2019]",12235577888
"[4, 5, 2019]",11244555678
"[7, 5, 2019]",0124566899
"[9, 5, 2019]",12233456788
"[11, 5, 2019]",02455677889
"[14, 5, 2019]",035567789999
"[16, 5, 2019]",112355567778
"[18, 5, 2019]",123334455667
"[21, 5, 2019]",022346778888
"[23, 5, 2019]",1222357789
"[25, 5, 2019]",133355566689
"[28, 5, 2019]",03334588889
"[30, 5, 2019]",133355666799
"[1, 6, 2019]",112244467789
"[4, 6, 2019]",134556678899
"[6, 6, 2019]",12445577789
"[8, 6, 2019]",112445566667
"[11, 6, 2019]",123445566688
"[13, 6, 2019]",112222233677
"[15, 6, 2019]",22334444778
"[18, 6, 2019]",112333666788
"[20, 6, 2019]",222345556667
"[22, 6, 2019]",013344567799
"[25, 6, 2019]",112344556678
"[27, 6, 2019]",023333456788
"[29, 6, 2019]",01223345668
"[2, 7, 2019]",113334667788
"[4, 7, 2019]",002444566788
"[6, 7, 2019]",12222225669
"[9, 7, 2019]",01224455679
"[11, 7, 2019]",122344566688
"[13, 7, 2019]",01123334569
"[16, 7, 2019]",000344667789
"[18, 7, 2019]",011222345678
"[20, 7, 2019]",12223457899
"[23, 7, 2019]",123344557789
"[25, 7, 2019]",02235566789
"[27, 7, 2019]",001133346788
"[30, 7, 2019]",1244667888
"[1, 8, 2019]",002223335788
"[3, 8, 2019]",11223366667
"[6, 8, 2019]",022222344677
"[8, 8, 2019]",01234666689
"[10, 8, 2019]",001124556788
"[13, 8, 2019]",12345567779
"[17, 8, 2019]",11333346789
"[19, 8, 2019]",112566677778
"[20, 8, 2019]",001234457889
"[22, 8, 2019]",11222445667
"[24, 8, 2019]",002233446668
"[27, 8, 2019]",13334445777
"[29, 8, 2019]",123334455788
"[31, 8, 2019]",012335555679
"[3, 9, 2019]",123556788999
"[5, 9, 2019]",12233445567
"[7, 9, 2019]",02344667899
"[10, 9, 2019]",011123455689
"[12, 9, 2019]",001122267888
"[14, 9, 2019]",0011245579
"[17, 9, 2019]",01234667899
"[19, 9, 2019]",033555566678
"[21, 9, 2019]",013344455667
"[24, 9, 2019]",01455567889
"[26, 9, 2019]",001223444789
"[28, 9, 2019]",234566777789
"[1, 10, 2019]",113345678899
"[3, 10, 2019]",0133445568
"[5, 10, 2019]",022235567888
"[8, 10, 2019]",023455777789
"[10, 10, 2019]",12224556799
"[12, 10, 2019]",00334455799
"[15, 10, 2019]",34455555689
"[17, 10, 2019]",012233555679
"[19, 10, 2019]",013556777779
"[22, 10, 2019]",01247778899
"[24, 10, 2019]",112355577888
"[26, 10, 2019]",11112334588
"[29, 10, 2019]",112234666778
"[31, 10, 2019]",001334555668
"[2, 11, 2019]",000113678889
"[5, 11, 2019]",023455666789
"[7, 11, 2019]",3444777899
"[9, 11, 2019]",11112345888
"[12, 11, 2019]",111134555567
"[14, 11, 2019]",122335567778
"[16, 11, 2019]",12355667889
"[19, 11, 2019]",122456677789
"[21, 11, 2019]",002233555679
"[23, 11, 2019]",112222567799
"[26, 11, 2019]",122233566779
"[28, 11, 2019]",01124556777
"[30, 11, 2019]",12224566777
"[3, 12, 2019]",223445888
"[5, 12, 2019]",122445556679
"[7, 12, 2019]",011124467778
"[10, 12, 2019]",011223445788
"[12, 12, 2019]",111123455789
"[14, 12, 2019]",00123345688
"[17, 12, 2019]",3444678888
"[19, 12, 2019]",01233444578
"[21, 12, 2019]",00235666899
"[23, 12, 2019]",013455677889
"[24, 12, 2019]",024445567889
"[28, 12, 2019]",1223456688
"[31, 12, 2019]",02233334668
"[2, 1, 2020]",34455566788
"[4, 1, 2020]",002333445778
"[7, 1, 2020]",02223666778
"[9, 1, 2020]",14455556678
"[11, 1, 2020]",123333466788
"[14, 1, 2020]",123566889
"[16, 1, 2020]",022223355789
"[18, 1, 2020]",022235677889
"[21, 1, 2020]",02334556677
"[23, 1, 2020]",011222356789
"[25, 1, 2020]",011113566789
"[28, 1, 2020]",011233556789
"[30, 1, 2020]",23445667788
"[1, 2, 2020]",222444556888
"[4, 2, 2020]",122234467799
"[6, 2, 2020]",02223456899
"[8, 2, 2020]",112345555668
"[11, 2, 2020]",112244566788
"[13, 2, 2020]",13444456789
"[15, 2, 2020]",012345556668
"[18, 2, 2020]",222455667889
"[20, 2, 2020]",002355566889
"[22, 2, 2020]",01255667888
"[25, 2, 2020]",011233445577
"[27, 2, 2020]",011155677779
"[29, 2, 2020]",03344557789
"[3, 3, 2020]",11123456669
"[5, 3, 2020]",013445667889
"[7, 3, 2020]",111113345788
"[10, 3, 2020]",01334455788
"[12, 3, 2020]",112244566689
"[14, 3, 2020]",11134567788
"[17, 3, 2020]",012334566799
"[19, 3, 2020]",01112257789
"[21, 3, 2020]",12333555899
"[5, 5, 2020]",333345678889
"[7, 5, 2020]",222345555577
"[9, 5, 2020]",034455667789
"[12, 5, 2020]",012355556688
"[14, 5, 2020]",001112245678
"[16, 5, 2020]",1247777888
"[19, 5, 2020]",112245566668
"[21, 5, 2020]",11233446789
"[23, 5, 2020]",11255566788
"[26, 5, 2020]",012234466778
"[28, 5, 2020]",112233667789
"[30, 5, 2020]",02234456777
"[1, 6, 2020]",12456678899
"[4, 6, 2020]",00112334567
"[6, 6, 2020]",01234455779
"[9, 6, 2020]",01134577888
"[11, 6, 2020]",1234667789
"[13, 6, 2020]",022233455677
"[16, 6, 2020]",11134567899
"[18, 6, 2020]",1334556677
"[20, 6, 2020]",123355666899
"[23, 6, 2020]",024445566699
"[25, 6, 2020]",111344455588
"[27, 6, 2020]",011333356788
"[30, 6, 2020]",1566777899
"[2, 7, 2020]",122334567789
"[4, 7, 2020]",333345566789
"[7, 7, 2020]",122334567889
"[9, 7, 2020]",00112446688
"[11, 7, 2020]",00011246679
"[14, 7, 2020]",011234577778
"[16, 7, 2020]",033445566779
"[18, 7, 2020]",013344678889
"[21, 7, 2020]",23444455566
"[23, 7, 2020]",012345567799
"[25, 7, 2020]",000123477888
"[28, 7, 2020]",012234457889
"[30, 7, 2020]",11224555689
"[1, 8, 2020]",11124445678
"[4, 8, 2020]",11222455589
"[6, 8, 2020]",001234466789
"[8, 8, 2020]",12235556688
"[11, 8, 2020]",0367788889
"[13, 8, 2020]",4455566779
"[17, 8, 2020]",2256677799
"[18, 8, 2020]",122235567788
"[20, 8, 2020]",01133467779
"[22, 8, 2020]",12344577778
"[25, 8, 2020]",011233445788
"[27, 8, 2020]",233455577789
"[29, 8, 2020]",1123345556
"[1, 9, 2020]",011222445788
"[3, 9, 2020]",113346678889
"[5, 9, 2020]",12234567778
"[8, 9, 2020]",122233678899
"[10, 9, 2020]",044667778888
"[12, 9, 2020]",12345666778
"[15, 9, 2020]",2244445579
"[17, 9, 2020]",23345557899
"[19, 9, 2020]",11223346779
"[22, 9, 2020]",13445556789
"[24, 9, 2020]",011236778889
"[26, 9, 2020]",01346678888
"[29, 9, 2020]",012333556789
"[1, 10, 2020]",11233556778
"[3, 10, 2020]",01155677799
"[6, 10, 2020]",34556777889
"[8, 10, 2020]",01335556678
"[10, 10, 2020]",111223445679
"[13, 10, 2020]",045556677889
"[15, 10, 2020]",123466678889
"[17, 10, 2020]",222344556788
"[20, 10, 2020]",012233445569
"[22, 10, 2020]",11123334667
"[24, 10, 2020]",111244678899
"[27, 10, 2020]",123455567799
"[29, 10, 2020]",12334444489
"[31, 10, 2020]",012223345568
"[3, 11, 2020]",133444556889
"[5, 11, 2020]",01124556889
"[7, 11, 2020]",0112266789
"[10, 11, 2020]",113334467888
"[12, 11, 2020]",013335567888
"[14, 11, 2020]",03346677889
"[17, 11, 2020]",01223455578
"[19, 11, 2020]",13446667899
"[21, 11, 2020]",22345566778
"[24, 11, 2020]",11235566779
"[26, 11, 2020]",2235667799
"[28, 11, 2020]",011122678899
"[1, 12, 2020]",001222336788
"[3, 12, 2020]",223334478889
"[5, 12, 2020]",022334556679
"[7, 12, 2020]",0001225679
"[10, 12, 2020]",0122455678
"[12, 12, 2020]",111144556889
"[15, 12, 2020]",001114556788
"[17, 12, 2020]",1122345679
"[19, 12, 2020]",023345566669
"[22, 12, 2020]",111222455667
"[24, 12, 2020]",012223577899
"[28, 12, 2020]",23445558899
"[29, 12, 2020]",011223455678
"[31, 12, 2020]",01246667789
"[2, 1, 2021]",013355577778
"[5, 1, 2021]",001112367789
"[7, 1, 2021]",133445568889
"[9, 1, 2021]",113444556678
"[12, 1, 2021]",01112335699
"[14, 1, 2021]",022344555688
"[16, 1, 2021]",12356667889
"[19, 1, 2021]",22233456788
"[21, 1, 2021]",011344555678
"[23, 1, 2021]",12333567899
"[26, 1, 2021]",013344556899
"[28, 1, 2021]",012344445689
"[30, 1, 2021]",223445556678
"[2, 2, 2021]",124456677888
"[4, 2, 2021]",01223455789
"[6, 2, 2021]",013456666679
"[9, 2, 2021]",0133447889
"[11, 2, 2021]",00344566779
"[13, 2, 2021]",333456667789
"[16, 2, 2021]",01123566799
"[18, 2, 2021]",222255666678
"[20, 2, 2021]",11233555678
"[23, 2, 2021]",23455777789
"[25, 2, 2021]",112223346777
"[27, 2, 2021]",012234667789
"[2, 3, 2021]",23335677899
"[4, 3, 2021]",1123445577
"[6, 3, 2021]",12334466789
"[9, 3, 2021]",01222455578
"[11, 3, 2021]",01134568899
"[13, 3, 2021]",022345778999
"[16, 3, 2021]",234445688889
"[18, 3, 2021]",111233556688
"[20, 3, 2021]",01134567778
"[23, 3, 2021]",11122345667
"[25, 3, 2021]",012235556788
"[27, 3, 2021]",111224677889
"[30, 3, 2021]",011245577888
"[1, 4, 2021]",022233567789
"[3, 4, 2021]",01335566779
"[6, 4, 2021]",23777777889
"[8, 4, 2021]",112345668999
"[10, 4, 2021]",02677788899
"[13, 4, 2021]",13346667888
"[15, 4, 2021]",011223344778
"[17, 4, 2021]",02346677888
"[20, 4, 2021]",12345567888
"[22, 4, 2021]",11124467788
"[24, 4, 2021]",001122234449
"[27, 4, 2021]",014455666889
"[29, 4, 2021]",124466666778
"[3, 5, 2021]",011234455778
"[4, 5, 2021]",03445566788
"[6, 5, 2021]",23555788899
"[8, 5, 2021]",033444556678
"[11, 5, 2021]",000233355689
"[13, 5, 2021]",01122345689
"[15, 5, 2021]",012345566699
"[18, 5, 2021]",011111457789
"[20, 5, 2021]",123334666779
"[22, 5, 2021]",1133346778
"[25, 5, 2021]",13445557999
"[27, 5, 2021]",123468888889
"[29, 5, 2021]",112233467777
"[1, 6, 2021]",11223445579
"[3, 6, 2021]",012246777788
"[5, 6, 2021]",333455577888
"[8, 6, 2021]",1122667789
"[10, 6, 2021]",223344467778
"[12, 6, 2021]",2245677899
"[15, 6, 2021]",011234445556
"[17, 6, 2021]",022333344789
"[19, 6, 2021]",1134455588
"[22, 6, 2021]",013555566689
"[24, 6, 2021]",033445566889
"[26, 6, 2021]",123445678889
"[29, 6, 2021]",001233556678
"[1, 7, 2021]",11446888889
"[3, 7, 2021]",022445555678
"[6, 7, 2021]",001112345679
"[8, 7, 2021]",112223445677
"[10, 7, 2021]",11222336678
"[13, 7, 2021]",045667778889
"[15, 7, 2021]",22345557778
"[17, 7, 2021]",13456677788
"[20, 7, 2021]",023445678999
"[22, 7, 2021]",0111346666
"[24, 7, 2021]",001122455778
"[27, 7, 2021]",1223346688
"[29, 7, 2021]",11123344889
"[31, 7, 2021]",112234456679
"[3, 8, 2021]",145556678888
"[5, 8, 2021]",122344445788
"[7, 8, 2021]",1334445779
"[10, 8, 2021]",113444556679
"[12, 8, 2021]",011255566799
"[14, 8, 2021]",234456777889
"[17, 8, 2021]",0012334678
"[19, 8, 2021]",0113347888
"[21, 8, 2021]",01355688999
"[24, 8, 2021]",122334466678
"[26, 8, 2021]",011223455677
"[28, 8, 2021]",344455666777
"[31, 8, 2021]",0134456777
"[2, 9, 2021]",01235567789
"[4, 9, 2021]",00166777889
"[7, 9, 2021]",01122367789
"[9, 9, 2021]",34566667788
"[11, 9, 2021]",01334556789
"[14, 9, 2021]",11223445689
"[16, 9, 2021]",011234446678
"[18, 9, 2021]",002235666778
"[21, 9, 2021]",2455667899
"[23, 9, 2021]",11223445889
"[25, 9, 2021]",111125666779
"[28, 9, 2021]",011133344889
"[30, 9, 2021]",23333445677
"[2, 10, 2021]",01124667799
"[5, 10, 2021]",012234566678
"[7, 10, 2021]",112225666778
"[9, 10, 2021]",0267777789
"[12, 10, 2021]",003445556669
"[14, 10, 2021]",01245568889
"[16, 10, 2021]",012345567789
"[19, 10, 2021]",122234668888
"[21, 10, 2021]",01226677789
"[23, 10, 2021]",01111122358
"[26, 10, 2021]",022244556789
"[28, 10, 2021]",22334567777
"[30, 10, 2021]",011233444789
"[2, 11, 2021]",122255567778
"[4, 11, 2021]",112223456688
"[6, 11, 2021]",11235566688
"[9, 11, 2021]",0113445667
"[11, 11, 2021]",22345567889
"[13, 11, 2021]",001334566677
"[16, 11, 2021]",11136677789
"[18, 11, 2021]",222234444788
"[20, 11, 2021]",04566778888
"[23, 11, 2021]",12223344677
"[25, 11, 2021]",12445668888
"[27, 11, 2021]",023344477888
"[30, 11, 2021]",112344445678
"[2, 12, 2021]",001244567889
"[4, 12, 2021]",233456677788
"[7, 12, 2021]",12233588899
"[9, 12, 2021]",001345777889
"[11, 12, 2021]",11445667778
"[14, 12, 2021]",334555666789
"[16, 12, 2021]",112334556777
"[18, 12, 2021]",13344567777
"[21, 12, 2021]",012346677899
"[23, 12, 2021]",111134557789
"[27, 12, 2021]",00111114668
"[28, 12, 2021]",011334777789
"[30, 12, 2021]",000124556688
"[3, 1, 2022]",03445677779
"[4, 1, 2022]",11557888899
"[8, 1, 2022]",233445667889
"[10, 1, 2022]",02334556688
"[11, 1, 2022]",112223334578
"[13, 1, 2022]",013456667788
"[15, 1, 2022]",11345678899
"[18, 1, 2022]",333344446669
"[20, 1, 2022]",233333577779
"[22, 1, 2022]",01233555779
"[25, 1, 2022]",01112233456
"[27, 1, 2022]",033334567888
"[29, 1, 2022]",12233678899
"[1, 2, 2022]",01123455789
"[3, 2, 2022]",122235566778
"[5, 2, 2022]",013345567889
"[8, 2, 2022]",123345666788
"[10, 2, 2022]",122355555589
"[12, 2, 2022]",122244677778
"[15, 2, 2022]",0144446799
"[17, 2, 2022]",345667777888
"[19, 2, 2022]",11134556789
"[22, 2, 2022]",12445567999
"[24, 2, 2022]",122335667889
"[26, 2, 2022]",22344567888
"[1, 3, 2022]",011344567889
"[3, 3, 2022]",001333344478
"[5, 3, 2022]",0356668889
"[8, 3, 2022]",01111233568
"[10, 3, 2022]",123344566789
"[12, 3, 2022]",012234456678
"[15, 3, 2022]",22355566788
"[17, 3, 2022]",123445555568
"[19, 3, 2022]",011233466778
"[22, 3, 2022]",023446778889
"[24, 3, 2022]",123345567778
"[26, 3, 2022]",122344788889
"[29, 3, 2022]",22345567889
"[31, 3, 2022]",113444555679
"[2, 4, 2022]",234445555668
"[5, 4, 2022]",12334566888
"[7, 4, 2022]",011122344568
"[9, 4, 2022]",22222245789
"[12, 4, 2022]",112234557777
"[14, 4, 2022]",0223555588
"[16, 4, 2022]",12256677779
"[19, 4, 2022]",112334667789
"[21, 4, 2022]",123446777889
"[23, 4, 2022]",11233356778
"[26, 4, 2022]",022444666778
"[28, 4, 2022]",011245666779
"[30, 4, 2022]",222223455578
"[3, 5, 2022]",012344446678
"[5, 5, 2022]",122333577788
"[7, 5, 2022]",111234445689
"[10, 5, 2022]",123345557778
"[12, 5, 2022]",012224556888
"[14, 5, 2022]",112333347899
"[17, 5, 2022]",222345667899
"[19, 5, 2022]",0123348999
"[21, 5, 2022]",00222567788
"[24, 5, 2022]",222223344567
"[26, 5, 2022]",011123445778
"[28, 5, 2022]",022445556789
"[31, 5, 2022]",122333445688
"[4, 6, 2022]",11233445567
"[6, 6, 2022]",12233556889
"[7, 6, 2022]",011234677999
"[9, 6, 2022]",01222345688
"[11, 6, 2022]",1233558889
"[14, 6, 2022]",03344556778
"[16, 6, 2022]",012345566668
"[18, 6, 2022]",11222467778
"[21, 6, 2022]",011223346668
"[23, 6, 2022]",233455556667
"[25, 6, 2022]",02344456889
"[28, 6, 2022]",111233556789
"[30, 6, 2022]",1122366799
"[2, 7, 2022]",1233455668
"[5, 7, 2022]",112466667889
"[7, 7, 2022]",122334556677
"[9, 7, 2022]",011123345788
"[12, 7, 2022]",112356666678
"[14, 7, 2022]",11233556789
"[16, 7, 2022]",122233467889
"[19, 7, 2022]",12244777789
"[21, 7, 2022]",01234444479
"[23, 7, 2022]",022345666699
"[26, 7, 2022]",13344456778
"[28, 7, 2022]",012222457889
"[30, 7, 2022]",02225677888
"[2, 8, 2022]",22445667899
"[4, 8, 2022]",022334566788
"[6, 8, 2022]",01122244589
"[9, 8, 2022]",122233556899
"[11, 8, 2022]",23345566788
"[13, 8, 2022]",23456688889
"[16, 8, 2022]",111344578899
"[18, 8, 2022]",11224455578
"[20, 8, 2022]",112355778889
"[23, 8, 2022]",12444555778
"[25, 8, 2022]",123344468888
"[27, 8, 2022]",0133455589
"[30, 8, 2022]",11234555677
"[1, 9, 2022]",1123455899
"[3, 9, 2022]",022233445677
"[6, 9, 2022]",111123344599
"[8, 9, 2022]",001123567899
"[10, 9, 2022]",023566667788
"[13, 9, 2022]",0122356699
"[15, 9, 2022]",222344567779
"[17, 9, 2022]",00111124468
"[20, 9, 2022]",00133345889
"[22, 9, 2022]",011234555678
"[24, 9, 2022]",123444556699
"[27, 9, 2022]",22223445669
"[29, 9, 2022]",33455666789
"[1, 10, 2022]",11122346678
"[4, 10, 2022]",0445568889
"[6, 10, 2022]",000122267788
"[8, 10, 2022]",011233445688
"[11, 10, 2022]",13333455689
"[13, 10, 2022]",02445666799
"[15, 10, 2022]",122334466789
"[18, 10, 2022]",1345555679
"[20, 10, 2022]",3566667899
"[22, 10, 2022]",12333345589
"[25, 10, 2022]",11114467889
"[27, 10, 2022]",022223447789
"[29, 10, 2022]",123456667789
"[31, 10, 2022]",111223446788
"[3, 11, 2022]",001133445579
"[5, 11, 2022]",011113445678
"[8, 11, 2022]",113333444567
