Day,Month,Year,Digit1,Digit2,Digit3,Digit4,Digit5,Digit6
2,1,2009,16,19,29,34,48,64
3,1,2009,17,24,25,40,58,64
7,1,2009,14,31,35,40,50,66
8,1,2009,14,23,24,41,71,73
10,1,2009,2,15,35,54,60,78
13,1,2009,9,14,21,55,66,90
15,1,2009,8,15,24,25,44,55
17,1,2009,13,17,25,55,64,85
20,1,2009,19,35,49,52,75,79
22,1,2009,1,2,40,52,67,82
24,1,2009,2,4,13,23,28,68
27,1,2009,20,31,44,51,65,74
29,1,2009,27,32,55,65,76,86
31,1,2009,1,3,8,38,83,88
3,2,2009,11,13,17,49,51,61
5,2,2009,7,18,27,33,35,43
7,2,2009,8,23,58,61,76,79
10,2,2009,11,18,47,80,89,90
12,2,2009,3,24,31,32,61,85
14,2,2009,7,32,43,50,68,73
17,2,2009,17,20,63,78,82,85
19,2,2009,28,30,32,33,34,52
21,2,2009,6,39,40,41,50,54
24,2,2009,33,38,47,67,68,81
26,2,2009,10,19,25,35,51,73
28,2,2009,6,26,56,65,69,82
3,3,2009,20,39,42,45,74,77
5,3,2009,29,36,37,40,70,75
7,3,2009,4,14,45,53,77,84
10,3,2009,33,57,63,65,78,88
12,3,2009,2,10,19,36,78,90
14,3,2009,10,15,46,51,65,75
17,3,2009,3,38,44,50,53,70
19,3,2009,1,39,40,52,54,64
21,3,2009,4,39,43,59,74,90
24,3,2009,1,9,11,21,36,47
26,3,2009,13,21,70,71,72,85
28,3,2009,1,10,55,61,72,77
31,3,2009,2,4,16,20,29,53
2,4,2009,3,12,16,30,84,89
4,4,2009,2,3,4,27,34,42
7,4,2009,3,37,54,65,87,89
9,4,2009,2,23,36,62,75,79
11,4,2009,6,34,59,61,83,90
14,4,2009,2,5,20,43,64,83
16,4,2009,3,9,17,38,54,62
18,4,2009,20,46,48,62,71,86
21,4,2009,19,22,26,59,61,71
23,4,2009,24,29,40,71,74,78
27,4,2009,7,40,54,64,69,71
28,4,2009,11,12,32,55,72,87
30,4,2009,28,64,65,77,85,89
2,5,2009,2,25,31,38,45,84
5,5,2009,7,12,19,43,71,77
7,5,2009,31,43,67,69,76,80
9,5,2009,9,11,40,48,68,84
12,5,2009,4,9,22,23,47,73
14,5,2009,1,22,41,69,73,89
16,5,2009,39,50,55,57,78,82
19,5,2009,36,55,62,66,81,85
21,5,2009,11,14,17,24,39,48
23,5,2009,9,25,29,43,48,54
26,5,2009,6,33,35,64,66,77
28,5,2009,5,27,37,63,67,77
30,5,2009,1,13,17,31,58,62
3,6,2009,32,33,37,43,44,79
4,6,2009,7,57,60,67,69,90
6,6,2009,8,14,16,18,56,60
9,6,2009,14,17,39,47,58,85
11,6,2009,4,10,24,59,72,83
13,6,2009,8,19,25,73,76,84
16,6,2009,6,14,39,47,63,82
18,6,2009,15,27,31,52,74,77
20,6,2009,1,7,38,58,62,78
23,6,2009,2,3,37,38,58,59
25,6,2009,23,36,38,52,62,63
27,6,2009,29,56,66,77,88,89
30,6,2009,12,19,24,51,56,78
2,7,2009,12,13,38,46,47,72
4,7,2009,6,35,53,67,75,89
7,7,2009,41,44,55,56,68,79
9,7,2009,7,29,57,60,79,87
11,7,2009,8,21,32,33,60,69
14,7,2009,33,35,47,51,62,89
16,7,2009,6,35,38,48,58,76
18,7,2009,4,32,34,56,61,82
21,7,2009,27,32,40,49,75,82
23,7,2009,9,12,60,69,72,89
25,7,2009,7,35,36,41,45,88
28,7,2009,1,21,29,40,63,70
30,7,2009,2,68,77,81,83,84
1,8,2009,17,21,23,31,33,37
4,8,2009,4,8,51,72,74,88
6,8,2009,40,41,49,56,61,63
8,8,2009,24,51,58,61,74,77
11,8,2009,26,29,40,50,54,72
13,8,2009,11,29,56,63,88,90
17,8,2009,4,10,27,28,34,57
18,8,2009,2,19,43,49,77,82
20,8,2009,2,16,38,67,70,84
22,8,2009,10,11,27,45,79,88
25,8,2009,4,5,22,48,53,86
27,8,2009,15,20,36,69,74,87
29,8,2009,15,19,26,34,67,69
1,9,2009,12,14,19,38,41,45
3,9,2009,18,54,56,58,62,66
5,9,2009,15,31,39,49,64,85
8,9,2009,6,13,41,71,75,86
10,9,2009,17,39,41,47,77,83
12,9,2009,5,21,26,45,47,49
15,9,2009,26,60,61,72,85,88
17,9,2009,19,32,34,63,74,89
19,9,2009,4,8,20,21,44,80
22,9,2009,17,40,50,73,74,82
24,9,2009,5,9,25,30,76,81
26,9,2009,34,69,70,73,82,90
29,9,2009,10,22,24,45,67,76
1,10,2009,4,19,34,52,68,77
3,10,2009,28,38,59,60,71,83
6,10,2009,23,24,49,69,70,72
8,10,2009,1,12,17,65,70,90
10,10,2009,9,33,34,52,82,83
13,10,2009,5,11,40,43,56,82
15,10,2009,3,29,51,55,73,81
17,10,2009,8,24,45,47,72,84
20,10,2009,41,47,49,55,77,90
22,10,2009,29,33,34,64,65,87
24,10,2009,6,26,37,38,55,73
27,10,2009,38,43,44,45,63,77
29,10,2009,29,37,42,52,54,59
31,10,2009,13,16,41,49,58,76
3,11,2009,22,35,44,66,71,88
5,11,2009,12,20,28,57,74,85
7,11,2009,9,11,70,74,75,84
10,11,2009,24,32,56,59,76,81
12,11,2009,37,43,49,66,73,88
14,11,2009,15,27,31,40,63,82
17,11,2009,16,25,28,30,39,51
19,11,2009,1,35,42,55,57,62
21,11,2009,36,37,50,57,73,83
24,11,2009,19,47,69,71,86,87
26,11,2009,26,31,32,50,61,77
28,11,2009,3,42,52,67,78,86
1,12,2009,21,25,36,51,82,90
3,12,2009,19,30,34,49,54,74
5,12,2009,20,63,66,74,75,77
9,12,2009,9,30,50,57,62,70
10,12,2009,33,36,39,50,65,70
12,12,2009,10,16,40,55,66,77
15,12,2009,1,4,48,53,61,85
17,12,2009,1,23,32,53,66,83
19,12,2009,9,15,17,34,73,83
22,12,2009,6,13,17,52,64,82
24,12,2009,5,25,37,52,62,79
28,12,2009,34,36,61,62,78,88
29,12,2009,11,16,21,62,70,84
31,12,2009,40,41,45,51,52,79
2,1,2010,10,23,47,63,70,81
5,1,2010,44,48,49,68,86,87
7,1,2010,13,24,26,34,76,77
9,1,2010,1,30,32,45,69,83
12,1,2010,26,27,39,55,59,63
14,1,2010,4,24,47,66,74,77
16,1,2010,14,18,32,33,46,88
19,1,2010,5,18,55,59,65,74
21,1,2010,11,21,53,62,63,68
23,1,2010,2,23,24,70,81,90
26,1,2010,6,15,18,23,53,62
28,1,2010,21,23,25,27,36,84
30,1,2010,4,17,52,55,56,67
2,2,2010,8,26,32,40,62,88
4,2,2010,11,25,36,49,53,85
6,2,2010,24,40,43,51,53,88
9,2,2010,20,22,24,40,51,80
11,2,2010,4,19,32,58,73,87
13,2,2010,1,14,26,49,71,89
16,2,2010,46,48,63,68,83,85
18,2,2010,7,34,49,51,58,86
20,2,2010,19,26,63,67,68,83
23,2,2010,12,30,35,44,49,62
25,2,2010,1,64,67,68,79,90
27,2,2010,13,43,47,55,67,70
2,3,2010,4,5,18,35,40,90
4,3,2010,17,24,34,48,61,87
6,3,2010,16,21,30,35,57,78
9,3,2010,26,28,48,52,55,90
11,3,2010,7,8,25,46,65,78
13,3,2010,8,9,11,14,79,90
16,3,2010,6,15,21,27,49,85
18,3,2010,4,5,29,58,71,84
20,3,2010,4,18,26,47,61,80
23,3,2010,20,29,44,54,64,69
25,3,2010,6,50,67,69,77,88
27,3,2010,44,45,58,65,66,85
30,3,2010,8,30,64,69,80,88
1,4,2010,23,25,37,38,50,86
3,4,2010,2,16,19,47,49,57
6,4,2010,1,30,67,68,71,80
8,4,2010,7,29,36,50,56,75
10,4,2010,6,31,58,64,74,82
13,4,2010,33,42,46,55,69,90
15,4,2010,34,37,38,39,59,90
17,4,2010,30,54,66,67,76,90
20,4,2010,4,14,40,41,54,79
22,4,2010,6,25,29,44,68,74
24,4,2010,6,7,45,46,67,85
27,4,2010,4,26,28,59,61,68
29,4,2010,31,38,49,54,62,76
3,5,2010,19,33,45,55,82,84
4,5,2010,5,15,23,39,43,49
6,5,2010,2,4,25,34,61,66
8,5,2010,18,26,45,67,70,90
11,5,2010,13,28,39,45,68,81
13,5,2010,19,29,37,46,64,75
15,5,2010,22,32,34,70,78,90
18,5,2010,50,55,57,62,78,83
20,5,2010,19,38,48,54,71,84
22,5,2010,31,32,57,59,78,79
25,5,2010,6,34,43,60,71,73
27,5,2010,9,39,49,64,65,72
29,5,2010,22,68,75,83,85,89
1,6,2010,3,15,46,67,75,78
3,6,2010,30,38,46,47,62,67
5,6,2010,1,6,13,24,46,89
8,6,2010,24,33,54,69,79,86
10,6,2010,16,19,48,51,65,85
12,6,2010,16,27,43,46,62,85
15,6,2010,48,54,64,75,79,87
17,6,2010,20,46,50,52,69,86
19,6,2010,3,8,10,22,32,50
22,6,2010,9,19,54,73,83,90
24,6,2010,12,18,49,51,66,69
26,6,2010,9,28,33,38,50,55
29,6,2010,1,13,18,41,68,84
1,7,2010,1,14,38,77,80,89
3,7,2010,14,18,48,52,64,75
6,7,2010,9,34,57,72,84,88
8,7,2010,23,25,43,50,51,61
10,7,2010,10,25,34,79,85,86
13,7,2010,9,20,33,48,55,84
15,7,2010,4,5,11,15,20,46
17,7,2010,1,9,32,56,71,79
20,7,2010,19,33,45,50,54,86
22,7,2010,30,37,41,45,47,57
24,7,2010,37,47,51,54,78,82
27,7,2010,37,47,69,75,86,88
29,7,2010,6,7,11,19,34,49
31,7,2010,14,15,16,27,56,57
3,8,2010,8,38,48,66,70,86
5,8,2010,11,17,47,57,79,86
7,8,2010,1,7,19,65,67,74
10,8,2010,1,10,17,31,58,80
12,8,2010,2,40,47,54,66,83
14,8,2010,6,10,69,78,83,86
17,8,2010,4,19,52,67,82,90
19,8,2010,9,17,37,51,70,78
21,8,2010,14,59,64,75,80,83
24,8,2010,50,53,66,69,70,90
26,8,2010,13,28,36,45,59,65
28,8,2010,6,11,13,48,72,77
31,8,2010,10,21,35,40,63,79
2,9,2010,18,30,40,64,88,89
4,9,2010,13,54,56,67,82,90
7,9,2010,3,7,48,67,87,90
9,9,2010,8,26,32,44,82,86
11,9,2010,10,16,36,70,71,73
14,9,2010,6,29,54,62,72,80
16,9,2010,5,49,71,83,85,88
18,9,2010,4,23,24,35,77,79
21,9,2010,46,49,61,69,74,82
23,9,2010,25,32,64,74,85,90
25,9,2010,13,16,45,58,63,72
28,9,2010,18,20,46,54,57,65
30,9,2010,6,24,55,67,70,75
2,10,2010,9,16,31,43,49,83
5,10,2010,17,38,42,50,68,86
7,10,2010,19,22,49,65,70,87
9,10,2010,24,30,42,54,84,85
12,10,2010,18,23,31,38,47,51
14,10,2010,9,15,19,38,48,77
16,10,2010,16,31,41,61,65,77
19,10,2010,31,49,54,57,80,88
21,10,2010,3,13,33,42,56,85
23,10,2010,12,26,46,69,72,87
26,10,2010,30,32,49,53,72,84
28,10,2010,16,29,32,53,61,72
30,10,2010,4,26,40,54,55,67
2,11,2010,31,39,53,56,68,90
4,11,2010,1,10,47,50,52,74
6,11,2010,13,35,41,44,59,79
9,11,2010,23,37,41,51,62,74
11,11,2010,28,49,50,54,66,68
13,11,2010,2,34,45,47,54,74
16,11,2010,26,38,40,66,76,81
18,11,2010,23,32,33,47,63,81
20,11,2010,5,7,46,65,73,82
23,11,2010,46,54,65,70,82,85
25,11,2010,5,14,48,52,57,90
27,11,2010,21,38,41,43,52,77
30,11,2010,19,20,32,64,87,89
2,12,2010,10,35,39,57,61,75
4,12,2010,16,20,36,39,42,51
7,12,2010,27,31,45,61,74,79
9,12,2010,12,32,54,60,89,90
11,12,2010,3,17,35,52,69,83
14,12,2010,3,17,48,76,77,90
16,12,2010,9,15,27,54,76,86
18,12,2010,30,38,52,63,74,89
21,12,2010,8,9,19,48,51,81
23,12,2010,5,12,16,44,71,75
27,12,2010,4,39,62,67,69,78
28,12,2010,1,4,21,56,69,75
30,12,2010,5,29,35,39,41,45
3,1,2011,4,7,12,20,74,89
4,1,2011,1,12,21,31,39,49
7,1,2011,14,25,44,54,78,89
8,1,2011,26,68,73,75,76,86
11,1,2011,12,13,31,69,71,77
13,1,2011,15,17,34,59,83,86
15,1,2011,5,8,37,77,79,90
18,1,2011,10,50,55,61,87,90
20,1,2011,4,23,35,54,72,88
22,1,2011,6,8,15,52,67,86
25,1,2011,3,12,13,15,43,46
27,1,2011,1,11,27,45,49,61
29,1,2011,11,35,58,64,68,72
1,2,2011,22,30,43,62,70,71
3,2,2011,20,25,37,45,49,63
5,2,2011,25,32,43,52,65,78
8,2,2011,10,11,20,41,55,83
10,2,2011,1,47,54,81,84,89
12,2,2011,1,3,19,23,61,78
15,2,2011,25,40,63,78,82,85
17,2,2011,10,17,18,25,45,84
19,2,2011,27,44,48,57,77,83
22,2,2011,2,3,38,42,56,74
24,2,2011,2,25,50,63,76,85
26,2,2011,16,18,20,26,32,35
1,3,2011,9,32,42,55,71,90
3,3,2011,12,41,64,75,82,84
5,3,2011,3,12,38,50,54,55
8,3,2011,22,28,32,57,58,85
10,3,2011,7,14,21,47,58,71
12,3,2011,22,26,42,44,58,83
15,3,2011,6,25,62,80,85,86
18,3,2011,6,16,35,52,53,69
19,3,2011,10,21,43,47,58,85
22,3,2011,2,32,49,52,54,80
24,3,2011,7,13,19,65,86,88
26,3,2011,37,38,56,62,70,83
29,3,2011,2,11,37,45,48,66
31,3,2011,3,25,43,55,72,80
2,4,2011,8,14,20,36,45,85
5,4,2011,5,30,31,55,57,70
7,4,2011,21,22,46,56,63,66
9,4,2011,12,13,17,38,74,87
12,4,2011,29,37,50,62,70,86
14,4,2011,24,26,43,71,79,80
16,4,2011,9,17,29,37,49,68
19,4,2011,9,12,21,34,64,67
21,4,2011,8,14,23,25,45,69
23,4,2011,6,34,35,54,62,84
26,4,2011,14,32,56,72,78,79
28,4,2011,38,42,45,69,86,90
30,4,2011,15,29,36,48,74,83
3,5,2011,30,40,51,52,54,74
5,5,2011,21,31,33,40,50,52
7,5,2011,3,4,22,43,65,67
10,5,2011,12,35,75,76,82,84
12,5,2011,1,3,6,21,85,90
14,5,2011,2,21,22,56,70,81
17,5,2011,28,41,55,69,79,82
19,5,2011,5,24,32,78,80,83
21,5,2011,8,12,18,31,32,85
24,5,2011,65,72,74,79,87,90
26,5,2011,20,24,31,38,54,72
28,5,2011,15,16,79,80,84,88
31,5,2011,1,10,62,69,78,85
3,6,2011,14,16,24,30,34,72
4,6,2011,21,44,46,49,58,67
7,6,2011,5,20,44,51,54,90
9,6,2011,10,17,21,35,36,76
11,6,2011,11,29,39,41,43,55
14,6,2011,40,44,49,57,58,87
16,6,2011,18,48,57,59,84,87
18,6,2011,19,22,25,67,74,89
21,6,2011,2,41,62,75,79,87
23,6,2011,11,27,47,50,58,82
25,6,2011,11,17,35,42,71,76
28,6,2011,5,6,29,43,66,74
30,6,2011,7,20,35,37,57,70
2,7,2011,6,9,11,19,45,51
5,7,2011,2,6,7,51,57,71
7,7,2011,1,2,34,54,79,88
9,7,2011,11,22,42,49,58,89
12,7,2011,7,27,28,45,57,75
14,7,2011,21,35,51,68,81,90
16,7,2011,17,20,38,51,53,74
19,7,2011,35,43,56,58,71,90
21,7,2011,9,13,31,35,45,79
23,7,2011,36,42,63,77,81,86
26,7,2011,6,38,50,63,65,74
28,7,2011,21,23,25,65,67,78
30,7,2011,9,33,36,54,60,86
2,8,2011,1,5,32,49,69,72
4,8,2011,3,10,18,42,67,90
6,8,2011,18,21,58,65,89,90
9,8,2011,30,41,55,68,76,82
11,8,2011,8,17,51,60,63,79
13,8,2011,14,31,37,49,74,78
16,8,2011,2,6,27,29,38,55
18,8,2011,18,23,34,37,67,68
20,8,2011,18,26,29,78,79,80
23,8,2011,2,34,42,43,58,76
25,8,2011,18,38,39,45,57,90
27,8,2011,9,43,50,51,57,83
30,8,2011,12,23,32,35,52,55
1,9,2011,8,12,26,44,48,50
3,9,2011,3,5,9,41,58,62
6,9,2011,14,15,21,41,60,63
8,9,2011,20,45,61,67,80,88
10,9,2011,2,8,9,29,53,75
13,9,2011,61,64,74,75,80,87
15,9,2011,6,19,30,45,52,89
17,9,2011,13,45,70,72,81,84
20,9,2011,7,23,39,48,69,75
22,9,2011,4,6,27,37,45,58
24,9,2011,4,23,56,71,76,78
27,9,2011,18,28,35,52,57,75
29,9,2011,11,26,41,45,75,77
1,10,2011,3,5,13,54,58,85
4,10,2011,1,8,41,68,69,73
6,10,2011,5,8,11,47,56,63
8,10,2011,1,26,45,58,66,88
11,10,2011,23,36,41,43,83,90
13,10,2011,9,19,27,53,78,81
15,10,2011,33,40,44,54,64,85
18,10,2011,1,19,29,60,76,77
20,10,2011,7,11,21,34,69,88
22,10,2011,9,15,22,56,61,86
25,10,2011,13,21,24,39,44,60
27,10,2011,2,41,63,64,67,73
29,10,2011,8,16,23,24,71,77
2,11,2011,5,14,41,48,59,90
3,11,2011,52,55,65,75,79,81
5,11,2011,23,44,46,59,74,80
8,11,2011,23,52,71,74,78,86
10,11,2011,8,13,24,39,57,77
12,11,2011,25,32,46,58,74,79
15,11,2011,18,21,36,38,45,62
17,11,2011,12,25,30,33,38,84
19,11,2011,13,24,52,53,88,90
22,11,2011,11,16,17,25,61,72
24,11,2011,3,33,62,69,75,79
26,11,2011,26,29,35,81,82,87
29,11,2011,13,24,29,37,55,67
1,12,2011,4,10,29,41,54,74
3,12,2011,7,13,16,42,67,68
6,12,2011,1,4,10,24,55,90
9,12,2011,1,49,51,60,83,84
10,12,2011,28,31,48,56,72,78
13,12,2011,10,26,31,36,72,85
15,12,2011,7,37,40,53,55,62
17,12,2011,2,28,37,56,77,79
20,12,2011,21,28,56,63,68,88
22,12,2011,36,37,44,62,75,90
24,12,2011,16,41,46,53,86,87
27,12,2011,6,9,21,24,30,47
29,12,2011,15,20,42,43,47,83
31,12,2011,2,3,9,30,33,56
3,1,2012,35,47,54,68,71,78
5,1,2012,10,11,12,24,56,71
7,1,2012,7,15,60,72,77,90
10,1,2012,14,22,27,28,34,66
12,1,2012,20,49,53,63,73,84
14,1,2012,4,12,15,37,53,83
17,1,2012,9,27,32,51,53,71
19,1,2012,24,41,44,56,73,90
21,1,2012,12,19,33,38,62,80
24,1,2012,27,32,55,68,72,75
26,1,2012,13,16,22,30,52,87
28,1,2012,2,17,25,50,52,84
31,1,2012,16,23,28,33,43,86
2,2,2012,25,37,43,50,58,60
4,2,2012,1,17,30,43,67,82
7,2,2012,27,30,69,75,81,83
9,2,2012,43,51,54,71,73,85
11,2,2012,23,30,46,64,70,86
14,2,2012,12,25,41,79,86,88
16,2,2012,5,21,23,41,74,84
18,2,2012,8,21,39,56,74,81
21,2,2012,28,29,30,39,75,87
23,2,2012,20,28,56,62,63,76
25,2,2012,14,30,64,75,79,89
28,2,2012,25,34,43,57,67,77
1,3,2012,6,14,19,26,51,53
3,3,2012,16,19,31,46,69,74
6,3,2012,31,42,49,51,68,79
8,3,2012,23,37,47,79,80,83
10,3,2012,1,8,40,54,69,81
13,3,2012,15,17,53,67,75,81
15,3,2012,1,13,14,34,67,83
17,3,2012,12,23,54,68,84,89
20,3,2012,21,39,44,49,65,87
22,3,2012,6,21,37,55,84,88
24,3,2012,39,45,49,66,75,80
27,3,2012,9,26,27,40,51,69
29,3,2012,11,45,50,54,57,62
31,3,2012,11,23,38,47,57,83
3,4,2012,11,34,55,63,87,89
5,4,2012,10,37,44,56,60,89
7,4,2012,37,46,54,55,65,87
10,4,2012,9,22,41,49,52,53
12,4,2012,15,25,34,54,70,88
14,4,2012,5,22,24,36,85,86
17,4,2012,6,28,39,46,60,78
19,4,2012,12,26,27,47,63,77
21,4,2012,9,11,33,69,73,82
24,4,2012,24,28,54,68,78,81
26,4,2012,19,61,62,65,85,89
28,4,2012,6,11,34,51,59,82
2,5,2012,9,22,61,67,84,85
3,5,2012,8,16,25,28,57,68
5,5,2012,13,14,19,57,77,79
8,5,2012,13,19,35,38,52,64
10,5,2012,6,16,30,53,60,71
12,5,2012,10,45,58,66,83,85
15,5,2012,5,38,56,76,77,89
17,5,2012,14,38,41,58,65,75
19,5,2012,1,23,27,33,37,85
22,5,2012,1,6,31,45,58,85
24,5,2012,10,29,32,43,56,90
26,5,2012,3,33,51,55,73,84
29,5,2012,38,39,42,49,55,81
31,5,2012,12,25,66,72,75,89
4,6,2012,8,16,20,23,47,56
5,6,2012,15,29,38,44,67,74
7,6,2012,32,58,63,70,75,81
9,6,2012,31,34,52,54,78,82
12,6,2012,20,30,47,69,77,83
14,6,2012,3,13,39,40,49,75
16,6,2012,1,9,37,69,71,83
19,6,2012,52,62,65,77,87,90
21,6,2012,9,24,39,48,69,75
23,6,2012,2,6,26,42,55,86
26,6,2012,13,30,46,48,70,88
28,6,2012,6,20,25,42,57,80
30,6,2012,17,20,21,39,44,89
3,7,2012,2,12,17,60,63,78
5,7,2012,15,59,64,65,76,79
7,7,2012,15,25,26,53,74,76
10,7,2012,19,32,33,66,75,78
12,7,2012,40,42,54,66,77,86
14,7,2012,27,38,70,75,78,82
17,7,2012,8,28,35,53,57,61
19,7,2012,5,36,51,55,69,79
21,7,2012,22,24,49,58,72,85
24,7,2012,2,45,55,77,84,88
26,7,2012,11,18,30,59,76,77
28,7,2012,9,17,67,68,80,81
31,7,2012,29,82,83,84,87,89
2,8,2012,2,8,55,66,73,83
4,8,2012,12,35,47,56,74,87
7,8,2012,24,50,57,62,72,77
9,8,2012,19,30,32,39,47,71
11,8,2012,4,11,13,42,54,75
14,8,2012,19,22,23,28,41,74
16,8,2012,38,39,46,74,85,89
18,8,2012,3,5,11,34,43,49
21,8,2012,35,42,62,67,76,78
23,8,2012,5,27,36,40,46,64
25,8,2012,7,38,66,67,71,88
28,8,2012,15,27,30,34,75,80
30,8,2012,17,20,22,40,52,62
1,9,2012,6,20,31,33,63,74
4,9,2012,34,42,58,60,82,83
6,9,2012,16,29,39,49,59,64
8,9,2012,5,13,31,42,43,73
11,9,2012,8,33,42,44,48,89
13,9,2012,12,26,27,46,65,77
15,9,2012,21,23,32,35,36,72
18,9,2012,3,10,18,25,50,68
20,9,2012,10,17,50,65,75,86
22,9,2012,1,28,29,68,84,85
25,9,2012,21,23,33,46,61,76
27,9,2012,3,8,10,31,77,79
29,9,2012,6,7,33,53,64,90
2,10,2012,36,52,69,71,78,84
4,10,2012,21,25,47,62,79,87
6,10,2012,13,40,41,56,82,87
9,10,2012,6,9,37,67,83,88
11,10,2012,16,34,50,58,80,90
13,10,2012,14,17,38,58,60,81
16,10,2012,1,20,24,27,46,60
18,10,2012,7,41,56,61,68,84
20,10,2012,2,5,28,36,69,81
23,10,2012,45,50,65,67,78,79
25,10,2012,15,23,51,52,77,90
27,10,2012,15,33,34,43,49,75
30,10,2012,10,32,46,61,70,75
3,11,2012,1,4,8,47,74,87
5,11,2012,7,14,15,17,57,66
6,11,2012,18,20,22,76,82,84
8,11,2012,9,31,39,44,72,81
10,11,2012,1,34,46,51,60,75
13,11,2012,3,20,57,62,79,84
15,11,2012,12,24,53,66,74,83
17,11,2012,8,10,39,60,77,84
20,11,2012,9,11,29,41,67,70
22,11,2012,20,25,51,59,77,88
24,11,2012,12,26,34,42,48,63
27,11,2012,5,13,56,65,78,82
29,11,2012,1,13,17,29,54,63
1,12,2012,6,20,25,45,56,60
4,12,2012,19,33,35,42,49,83
6,12,2012,15,18,47,70,74,89
10,12,2012,11,28,38,49,66,77
11,12,2012,6,8,10,11,16,61
13,12,2012,9,25,48,61,73,82
15,12,2012,15,26,35,39,53,59
18,12,2012,22,56,60,62,79,87
20,12,2012,6,19,26,27,52,65
22,12,2012,24,50,53,59,80,85
24,12,2012,6,22,31,37,38,51
27,12,2012,28,52,57,71,81,87
29,12,2012,31,39,51,84,86,89
2,1,2013,10,11,43,54,61,83
3,1,2013,12,14,41,51,69,90
5,1,2013,3,11,38,59,67,74
8,1,2013,28,32,52,74,79,80
10,1,2013,1,16,22,54,73,76
12,1,2013,9,12,13,30,48,86
15,1,2013,12,24,40,42,70,84
17,1,2013,25,34,38,69,83,86
19,1,2013,1,6,23,52,58,65
22,1,2013,8,51,52,60,83,88
24,1,2013,15,17,47,53,64,80
26,1,2013,10,12,27,39,78,84
29,1,2013,6,12,18,22,25,82
31,1,2013,37,42,47,49,53,63
2,2,2013,9,18,39,63,64,85
5,2,2013,7,13,49,71,80,88
7,2,2013,4,5,55,77,80,81
9,2,2013,4,11,32,51,66,81
12,2,2013,6,21,41,72,73,80
14,2,2013,24,32,44,60,64,76
16,2,2013,6,32,35,43,53,69
19,2,2013,3,34,37,55,82,90
21,2,2013,4,16,35,57,69,88
23,2,2013,1,11,21,50,67,75
26,2,2013,20,25,51,59,84,90
28,2,2013,4,24,62,66,76,84
2,3,2013,16,49,59,67,71,82
5,3,2013,32,34,39,52,59,61
7,3,2013,26,32,42,46,78,82
9,3,2013,13,22,36,64,80,84
12,3,2013,7,10,22,23,41,77
14,3,2013,27,35,47,57,85,89
16,3,2013,19,41,43,48,73,81
19,3,2013,21,39,71,76,89,90
21,3,2013,9,27,47,58,62,71
23,3,2013,29,42,45,58,67,86
26,3,2013,15,37,46,52,64,89
28,3,2013,12,27,54,68,73,76
30,3,2013,17,42,52,71,74,90
2,4,2013,4,12,33,52,85,87
4,4,2013,3,4,31,52,66,84
6,4,2013,5,8,73,84,87,88
9,4,2013,25,44,45,52,68,81
11,4,2013,1,47,66,67,78,90
13,4,2013,26,33,43,49,61,76
16,4,2013,21,30,35,36,83,89
18,4,2013,27,30,35,39,49,69
20,4,2013,29,33,67,75,83,86
23,4,2013,1,13,37,53,62,63
27,4,2013,1,2,11,56,57,75
29,4,2013,2,6,53,54,68,89
30,4,2013,5,35,38,75,82,86
2,5,2013,19,32,33,57,65,75
4,5,2013,6,31,63,74,75,85
7,5,2013,19,37,54,65,67,70
9,5,2013,13,16,20,21,25,65
11,5,2013,10,42,48,67,83,84
14,5,2013,35,41,47,74,77,85
16,5,2013,3,16,22,39,49,71
18,5,2013,14,20,24,36,40,81
21,5,2013,6,32,48,53,54,87
23,5,2013,14,22,36,53,59,66
25,5,2013,6,27,34,55,62,87
28,5,2013,26,35,47,66,67,80
30,5,2013,29,43,61,62,77,79
1,6,2013,8,21,25,54,84,85
4,6,2013,3,27,34,62,81,88
6,6,2013,34,36,47,64,73,78
8,6,2013,5,10,31,53,56,61
11,6,2013,2,21,37,39,41,64
13,6,2013,1,5,6,39,41,70
15,6,2013,15,19,33,35,62,68
18,6,2013,8,24,32,34,65,86
20,6,2013,15,24,32,52,68,71
22,6,2013,2,19,25,59,84,88
25,6,2013,6,16,40,61,64,82
27,6,2013,12,22,27,37,52,87
29,6,2013,17,22,54,69,82,88
2,7,2013,3,4,18,29,64,90
4,7,2013,9,41,46,47,53,77
6,7,2013,4,9,24,64,74,76
9,7,2013,17,36,48,55,63,70
11,7,2013,14,15,34,55,59,81
13,7,2013,23,49,52,65,67,76
16,7,2013,22,29,57,72,85,89
18,7,2013,16,19,24,37,63,85
20,7,2013,2,16,20,26,31,33
23,7,2013,11,14,39,63,73,75
25,7,2013,33,38,41,43,46,57
27,7,2013,17,19,40,43,72,84
30,7,2013,16,47,55,57,70,85
1,8,2013,8,21,24,25,27,75
3,8,2013,15,16,34,74,85,87
6,8,2013,14,16,32,35,41,50
8,8,2013,2,14,42,52,75,79
10,8,2013,5,33,47,61,64,70
13,8,2013,1,33,41,78,83,84
17,8,2013,20,21,24,43,76,89
19,8,2013,3,5,11,14,38,79
20,8,2013,4,11,15,26,58,68
22,8,2013,19,21,30,59,61,89
24,8,2013,1,2,5,27,39,49
27,8,2013,6,44,63,64,72,82
29,8,2013,19,54,55,71,80,84
31,8,2013,11,20,50,62,70,85
3,9,2013,1,7,56,70,88,90
5,9,2013,15,23,45,70,81,82
7,9,2013,41,55,72,78,83,87
10,9,2013,35,44,57,58,87,88
12,9,2013,7,44,48,51,64,83
14,9,2013,20,35,45,47,72,78
17,9,2013,1,21,34,44,49,90
19,9,2013,15,21,28,75,81,86
21,9,2013,36,61,75,81,82,89
24,9,2013,1,27,33,36,43,86
26,9,2013,4,38,42,57,64,75
28,9,2013,28,57,61,69,78,83
1,10,2013,16,21,26,64,66,78
3,10,2013,7,14,42,43,56,57
5,10,2013,2,5,8,65,74,77
8,10,2013,1,31,39,60,62,84
10,10,2013,3,7,12,20,48,55
12,10,2013,10,19,20,39,85,87
15,10,2013,22,36,60,64,71,80
17,10,2013,11,18,40,58,81,87
19,10,2013,12,30,36,44,54,60
22,10,2013,2,5,34,56,72,73
24,10,2013,1,3,5,41,62,76
26,10,2013,24,48,50,62,63,87
29,10,2013,12,23,49,53,67,83
31,10,2013,13,18,26,37,46,48
2,11,2013,1,12,67,75,81,90
5,11,2013,4,9,10,76,78,87
7,11,2013,9,19,21,50,61,82
9,11,2013,10,22,39,55,81,89
12,11,2013,16,26,30,52,57,83
14,11,2013,23,45,54,61,69,75
16,11,2013,16,36,54,55,63,69
19,11,2013,14,15,39,47,53,76
21,11,2013,28,37,52,57,64,66
23,11,2013,6,10,19,71,72,89
26,11,2013,20,25,30,45,75,79
28,11,2013,31,51,55,66,73,78
30,11,2013,10,11,35,42,52,89
3,12,2013,12,40,42,66,73,80
5,12,2013,28,34,42,68,71,88
7,12,2013,2,16,42,67,75,87
10,12,2013,10,16,20,57,65,89
12,12,2013,10,19,32,49,53,66
14,12,2013,5,33,44,46,66,76
17,12,2013,12,22,27,43,60,72
19,12,2013,10,23,27,39,70,82
21,12,2013,2,14,17,21,22,26
23,12,2013,15,43,48,54,55,76
24,12,2013,10,39,45,65,74,86
28,12,2013,39,52,69,70,74,82
31,12,2013,25,60,62,76,82,87
2,1,2014,49,55,57,64,70,77
4,1,2014,19,26,30,47,69,81
7,1,2014,14,47,48,58,60,69
9,1,2014,15,17,24,41,70,87
11,1,2014,11,37,39,52,68,90
14,1,2014,4,7,25,74,82,87
16,1,2014,3,18,34,37,40,47
18,1,2014,14,18,38,41,74,78
21,1,2014,5,23,35,54,56,62
23,1,2014,3,6,12,13,19,67
25,1,2014,22,34,53,59,62,88
28,1,2014,9,17,27,29,59,67
30,1,2014,7,21,28,45,59,90
1,2,2014,3,6,41,44,48,73
4,2,2014,3,12,25,33,59,85
6,2,2014,9,12,14,61,79,90
8,2,2014,8,16,41,52,64,74
11,2,2014,12,27,38,43,65,67
13,2,2014,9,11,17,20,33,75
15,2,2014,18,31,62,64,72,77
18,2,2014,15,36,49,62,75,82
20,2,2014,14,26,47,63,78,80
22,2,2014,17,19,28,34,38,82
25,2,2014,26,51,52,54,70,88
27,2,2014,19,32,54,59,68,86
1,3,2014,7,8,47,56,79,90
4,3,2014,40,46,51,61,65,76
6,3,2014,15,61,66,67,76,79
8,3,2014,35,45,50,51,82,87
11,3,2014,49,51,53,56,58,81
13,3,2014,10,28,40,57,58,78
15,3,2014,1,5,22,24,41,43
18,3,2014,38,39,46,58,66,83
20,3,2014,15,18,28,49,51,77
22,3,2014,19,22,31,38,87,89
25,3,2014,28,36,42,70,74,78
27,3,2014,8,12,47,64,83,88
29,3,2014,12,21,57,68,86,88
1,4,2014,7,56,66,72,73,90
3,4,2014,40,47,59,64,79,89
5,4,2014,9,31,33,37,79,86
8,4,2014,11,61,64,76,82,87
10,4,2014,22,25,46,52,54,65
12,4,2014,14,29,34,62,65,89
15,4,2014,3,26,33,44,48,49
17,4,2014,11,20,51,63,68,88
19,4,2014,42,45,56,75,79,90
22,4,2014,14,16,21,24,62,78
24,4,2014,5,7,11,67,70,85
26,4,2014,3,9,13,25,42,81
29,4,2014,27,33,40,52,76,86
3,5,2014,15,33,45,60,72,85
5,5,2014,27,44,46,50,54,69
6,5,2014,1,3,4,60,70,73
8,5,2014,6,9,54,70,78,79
10,5,2014,8,39,40,57,69,81
13,5,2014,3,5,16,54,58,68
15,5,2014,20,47,56,64,66,67
17,5,2014,5,31,36,68,75,90
20,5,2014,10,17,41,45,69,78
22,5,2014,8,23,48,56,59,78
24,5,2014,3,22,38,70,77,81
27,5,2014,32,37,52,53,66,83
29,5,2014,27,32,33,52,73,84
31,5,2014,1,6,7,10,14,56
3,6,2014,3,25,26,29,48,79
5,6,2014,11,31,43,70,74,80
7,6,2014,12,18,39,46,56,63
10,6,2014,27,29,30,42,48,73
12,6,2014,13,18,19,27,50,69
14,6,2014,3,31,45,48,71,76
17,6,2014,21,29,43,53,66,89
19,6,2014,16,19,24,36,39,81
21,6,2014,14,61,69,79,81,85
24,6,2014,3,22,31,42,73,88
26,6,2014,8,43,61,62,70,86
28,6,2014,17,20,41,42,49,81
1,7,2014,31,35,48,64,65,89
3,7,2014,1,13,21,25,61,63
5,7,2014,15,31,38,47,55,82
8,7,2014,5,8,32,43,59,85
10,7,2014,3,11,18,30,51,85
12,7,2014,11,20,48,52,70,74
15,7,2014,5,15,17,31,32,40
17,7,2014,6,11,12,28,59,79
19,7,2014,29,48,49,54,75,87
22,7,2014,7,32,58,60,66,69
24,7,2014,4,12,13,55,73,86
26,7,2014,1,10,26,28,29,62
29,7,2014,32,45,56,74,87,89
31,7,2014,14,19,22,66,80,90
2,8,2014,29,38,54,58,72,86
5,8,2014,2,19,22,41,77,89
7,8,2014,10,29,50,59,79,80
9,8,2014,9,10,26,53,68,72
12,8,2014,11,24,34,39,68,86
14,8,2014,4,12,24,61,73,75
16,8,2014,31,63,64,68,69,71
19,8,2014,15,30,62,63,67,74
21,8,2014,4,31,52,73,76,84
23,8,2014,16,45,51,58,60,71
26,8,2014,1,20,44,56,59,69
28,8,2014,22,39,51,78,83,84
30,8,2014,23,38,43,46,60,75
2,9,2014,6,20,27,31,32,36
4,9,2014,31,39,41,53,67,83
6,9,2014,26,33,53,61,73,82
9,9,2014,12,20,26,41,70,78
11,9,2014,13,14,56,58,79,82
13,9,2014,7,20,25,51,65,87
16,9,2014,1,15,16,23,24,52
18,9,2014,11,19,37,41,62,77
20,9,2014,15,36,39,50,57,76
23,9,2014,6,25,42,59,78,89
25,9,2014,4,45,59,77,78,79
27,9,2014,1,9,12,14,58,84
30,9,2014,28,33,49,55,59,76
2,10,2014,3,9,42,50,56,88
4,10,2014,2,6,11,62,70,71
7,10,2014,7,15,17,18,26,53
9,10,2014,17,20,26,41,45,89
11,10,2014,6,11,28,43,56,83
14,10,2014,19,21,38,45,51,69
16,10,2014,6,9,24,49,78,79
18,10,2014,20,40,44,53,66,72
21,10,2014,18,34,41,43,46,55
23,10,2014,7,21,44,53,59,64
25,10,2014,8,28,44,57,85,88
28,10,2014,26,30,32,36,44,61
30,10,2014,22,39,45,53,74,86
3,11,2014,7,9,32,35,40,48
4,11,2014,13,18,23,29,58,88
6,11,2014,46,58,59,82,88,90
8,11,2014,21,33,69,73,81,84
11,11,2014,23,27,39,41,52,64
13,11,2014,2,38,47,50,55,79
15,11,2014,28,42,62,64,79,80
18,11,2014,38,58,65,66,72,88
20,11,2014,42,45,48,56,68,83
22,11,2014,22,25,55,58,82,85
25,11,2014,17,36,62,67,70,87
27,11,2014,13,18,26,53,54,70
29,11,2014,3,14,35,63,73,80
2,12,2014,9,25,35,59,76,81
4,12,2014,7,52,57,65,83,85
6,12,2014,10,11,21,54,73,82
9,12,2014,2,23,35,46,47,63
11,12,2014,20,22,24,25,48,79
13,12,2014,12,13,19,37,64,70
16,12,2014,15,35,45,69,82,84
18,12,2014,19,28,48,52,82,89
20,12,2014,1,13,24,26,29,77
23,12,2014,18,22,55,58,62,89
24,12,2014,33,46,53,58,73,85
27,12,2014,15,25,31,39,82,88
30,12,2014,5,24,51,76,77,79
3,1,2015,14,26,31,40,58,68
5,1,2015,16,37,48,68,84,90
7,1,2015,9,16,19,26,28,46
8,1,2015,6,9,29,41,50,90
10,1,2015,2,13,22,37,48,90
13,1,2015,9,10,36,67,76,83
15,1,2015,2,5,7,12,23,42
17,1,2015,18,22,31,54,71,80
20,1,2015,2,11,15,39,84,87
22,1,2015,11,12,44,57,77,89
24,1,2015,22,23,24,59,63,81
27,1,2015,5,10,47,59,66,73
29,1,2015,27,29,58,64,67,80
31,1,2015,8,44,54,58,59,86
3,2,2015,12,29,43,56,60,75
5,2,2015,7,8,10,45,49,53
7,2,2015,24,27,38,40,56,81
10,2,2015,30,59,72,74,77,78
12,2,2015,25,32,44,56,77,87
14,2,2015,13,31,32,57,60,79
17,2,2015,20,27,40,60,61,66
19,2,2015,23,35,44,49,66,84
21,2,2015,5,16,33,48,57,87
24,2,2015,6,29,56,72,82,83
26,2,2015,17,41,44,57,73,86
28,2,2015,5,10,34,48,56,87
3,3,2015,16,26,48,61,63,87
5,3,2015,35,44,62,74,82,90
7,3,2015,26,36,56,68,73,81
10,3,2015,9,19,68,70,71,81
12,3,2015,7,36,38,63,73,90
14,3,2015,28,30,39,46,68,89
17,3,2015,10,13,21,36,66,69
19,3,2015,5,7,20,38,57,85
21,3,2015,4,7,9,19,55,58
24,3,2015,8,17,29,32,65,90
26,3,2015,10,21,40,46,79,84
28,3,2015,5,22,60,71,74,81
31,3,2015,3,15,23,33,46,78
2,4,2015,33,36,61,66,83,85
4,4,2015,11,38,44,48,56,83
7,4,2015,4,18,20,68,72,77
9,4,2015,7,25,30,44,47,68
11,4,2015,26,54,55,73,86,90
14,4,2015,36,45,56,79,81,90
16,4,2015,37,38,43,69,79,86
18,4,2015,10,11,18,36,47,85
21,4,2015,4,17,52,59,67,84
23,4,2015,8,13,27,34,47,83
27,4,2015,8,26,39,56,78,85
28,4,2015,10,41,59,61,65,71
30,4,2015,18,28,31,33,55,78
2,5,2015,6,34,45,46,59,73
5,5,2015,7,31,33,78,86,87
7,5,2015,12,32,43,46,58,77
9,5,2015,31,40,52,55,62,76
12,5,2015,10,19,48,78,85,90
14,5,2015,19,25,42,51,55,56
16,5,2015,3,32,39,65,75,76
19,5,2015,6,20,43,44,46,67
21,5,2015,17,21,23,51,65,87
23,5,2015,4,24,29,31,39,71
26,5,2015,6,9,21,69,77,78
28,5,2015,6,33,57,61,80,83
30,5,2015,13,33,39,56,65,86
3,6,2015,3,28,37,42,67,86
4,6,2015,14,17,23,45,87,88
6,6,2015,16,24,34,40,41,57
9,6,2015,15,21,58,80,82,86
11,6,2015,26,48,52,61,75,79
13,6,2015,19,35,36,38,45,80
16,6,2015,6,28,55,57,78,83
18,6,2015,18,21,28,62,84,90
20,6,2015,6,11,21,65,66,85
23,6,2015,20,24,26,33,42,80
25,6,2015,18,46,63,68,73,79
27,6,2015,17,22,45,48,53,61
30,6,2015,4,11,16,25,34,59
2,7,2015,8,17,30,61,78,88
4,7,2015,8,30,38,51,62,66
7,7,2015,19,25,31,78,83,88
9,7,2015,8,54,59,66,86,89
11,7,2015,8,30,34,39,42,58
14,7,2015,12,17,32,47,74,86
16,7,2015,22,27,29,49,69,87
18,7,2015,22,42,47,62,70,72
21,7,2015,1,21,63,70,79,84
23,7,2015,33,41,44,48,68,75
25,7,2015,2,20,21,40,45,65
28,7,2015,4,26,34,66,67,81
30,7,2015,13,18,25,26,35,61
1,8,2015,2,26,34,58,80,81
4,8,2015,34,53,77,78,83,89
6,8,2015,2,27,36,39,53,79
8,8,2015,3,7,17,26,55,72
11,8,2015,17,25,32,42,71,85
13,8,2015,4,17,34,41,66,78
17,8,2015,1,4,50,70,71,76
18,8,2015,20,30,45,50,76,86
20,8,2015,4,14,31,68,70,74
22,8,2015,6,7,9,14,17,35
25,8,2015,3,18,19,65,81,88
27,8,2015,2,4,12,40,50,80
29,8,2015,7,28,44,55,57,78
1,9,2015,13,30,38,48,50,77
3,9,2015,13,18,19,49,78,87
5,9,2015,24,30,36,42,71,86
8,9,2015,41,50,54,60,75,88
10,9,2015,10,14,15,34,75,88
12,9,2015,11,24,46,48,68,82
15,9,2015,9,17,20,32,35,56
17,9,2015,8,9,42,71,78,79
19,9,2015,9,32,40,49,52,60
22,9,2015,10,26,50,55,62,81
24,9,2015,1,32,36,61,78,80
26,9,2015,1,37,69,74,77,89
29,9,2015,17,25,41,45,57,82
1,10,2015,2,17,21,49,69,74
3,10,2015,2,4,14,31,43,61
6,10,2015,8,11,17,27,62,84
8,10,2015,23,32,33,55,84,90
10,10,2015,32,41,45,47,78,90
13,10,2015,35,36,63,71,75,89
15,10,2015,7,9,16,24,32,40
17,10,2015,4,6,61,63,65,72
20,10,2015,18,34,58,60,64,88
22,10,2015,1,6,32,50,51,81
24,10,2015,9,14,33,38,46,87
27,10,2015,14,15,48,50,74,83
29,10,2015,4,16,40,57,71,84
31,10,2015,6,25,26,52,86,88
3,11,2015,30,41,47,71,79,86
5,11,2015,17,21,29,33,43,62
7,11,2015,2,19,22,46,51,54
10,11,2015,8,31,33,38,66,77
12,11,2015,19,22,31,41,54,87
14,11,2015,19,56,73,84,85,86
17,11,2015,27,29,39,54,59,74
19,11,2015,25,28,44,52,87,89
21,11,2015,13,25,33,53,75,83
24,11,2015,52,54,70,80,82,84
26,11,2015,12,36,45,67,77,88
28,11,2015,20,23,28,51,65,81
1,12,2015,31,39,55,58,85,87
3,12,2015,38,46,53,65,77,84
5,12,2015,1,28,34,42,49,77
9,12,2015,21,54,62,63,82,83
10,12,2015,1,19,20,56,60,83
12,12,2015,18,20,46,47,55,66
15,12,2015,5,30,36,63,84,85
17,12,2015,11,44,56,81,83,87
19,12,2015,7,22,46,50,55,73
22,12,2015,18,22,23,57,60,69
24,12,2015,6,8,24,28,36,63
28,12,2015,5,38,48,52,81,88
29,12,2015,15,20,57,72,76,89
31,12,2015,15,26,29,77,81,90
2,1,2016,1,17,39,41,56,65
5,1,2016,7,20,40,56,60,90
7,1,2016,10,38,61,62,74,86
9,1,2016,20,26,36,50,51,74
12,1,2016,3,9,28,42,50,79
14,1,2016,5,8,17,41,46,87
16,1,2016,11,17,48,52,70,90
19,1,2016,13,18,35,43,51,66
21,1,2016,2,12,32,57,61,81
23,1,2016,4,5,8,14,32,49
26,1,2016,24,45,50,60,63,87
28,1,2016,2,6,15,39,80,83
30,1,2016,13,24,51,68,77,81
2,2,2016,19,38,40,56,65,80
4,2,2016,7,21,31,39,46,69
6,2,2016,10,24,36,63,77,89
9,2,2016,11,26,46,56,58,78
11,2,2016,17,27,45,53,71,74
13,2,2016,2,30,49,66,74,80
16,2,2016,2,10,27,34,38,40
18,2,2016,12,26,30,51,57,89
20,2,2016,29,32,33,49,54,85
23,2,2016,2,14,58,74,80,82
25,2,2016,14,33,52,67,71,81
27,2,2016,19,22,28,48,49,85
1,3,2016,15,20,25,30,45,55
3,3,2016,8,16,29,49,56,62
5,3,2016,6,8,68,77,80,86
8,3,2016,8,27,32,51,52,89
10,3,2016,9,16,18,22,65,71
12,3,2016,29,37,52,67,80,82
15,3,2016,2,4,17,19,38,56
17,3,2016,1,12,65,67,76,86
19,3,2016,18,41,51,56,72,76
22,3,2016,17,31,32,43,59,71
24,3,2016,14,24,26,57,67,89
26,3,2016,28,43,67,68,72,79
29,3,2016,29,55,65,71,73,77
31,3,2016,17,28,63,78,84,88
2,4,2016,2,24,65,75,81,88
5,4,2016,12,23,28,32,42,85
7,4,2016,38,42,45,59,66,87
9,4,2016,2,5,12,33,54,59
12,4,2016,34,50,55,72,79,89
14,4,2016,1,2,6,42,67,83
16,4,2016,8,12,23,58,86,89
19,4,2016,14,30,61,86,88,90
21,4,2016,1,15,30,50,54,62
23,4,2016,10,11,15,33,79,83
26,4,2016,38,49,51,59,77,90
28,4,2016,10,11,24,30,48,63
30,4,2016,22,38,47,51,61,85
3,5,2016,14,29,58,72,75,85
5,5,2016,7,20,25,32,75,90
7,5,2016,3,32,34,36,82,87
10,5,2016,25,26,49,54,55,66
12,5,2016,10,25,52,54,59,84
14,5,2016,11,19,56,72,73,75
17,5,2016,1,10,19,44,68,74
19,5,2016,15,39,54,62,71,74
21,5,2016,9,11,20,35,66,68
24,5,2016,14,16,45,47,48,86
26,5,2016,1,32,34,58,64,86
28,5,2016,3,5,12,17,44,51
31,5,2016,8,18,33,41,62,71
4,6,2016,8,10,18,64,85,87
6,6,2016,3,54,56,57,75,90
7,6,2016,24,29,45,63,65,70
9,6,2016,9,14,61,76,80,83
11,6,2016,27,30,34,40,52,68
14,6,2016,25,31,33,42,58,86
16,6,2016,18,19,29,47,59,68
18,6,2016,24,25,45,51,52,63
21,6,2016,4,30,31,45,49,85
23,6,2016,17,18,25,43,66,87
25,6,2016,11,14,44,54,85,87
28,6,2016,5,23,44,59,60,83
30,6,2016,30,31,32,34,50,51
2,7,2016,8,9,22,43,50,56
5,7,2016,22,26,43,50,59,65
7,7,2016,1,4,32,59,70,86
9,7,2016,12,34,44,45,53,68
12,7,2016,1,41,59,63,81,85
14,7,2016,38,56,61,67,72,82
16,7,2016,26,37,43,67,75,78
19,7,2016,4,10,28,29,48,52
21,7,2016,19,27,35,56,60,89
23,7,2016,1,30,42,61,76,88
26,7,2016,4,13,15,18,72,76
28,7,2016,29,37,38,61,63,85
30,7,2016,15,22,26,45,48,82
2,8,2016,34,54,57,84,89,90
4,8,2016,25,37,40,61,65,77
6,8,2016,23,34,58,61,71,77
9,8,2016,12,27,34,76,77,85
11,8,2016,31,65,78,85,89,90
13,8,2016,2,25,43,72,87,89
16,8,2016,9,12,18,63,64,73
18,8,2016,8,39,59,65,82,83
20,8,2016,10,29,35,44,49,65
23,8,2016,4,28,48,67,68,84
25,8,2016,16,28,40,43,57,61
27,8,2016,1,32,37,54,66,81
30,8,2016,6,9,17,47,66,86
1,9,2016,4,18,43,60,69,85
3,9,2016,4,29,35,46,82,85
6,9,2016,7,30,34,61,84,88
8,9,2016,6,12,47,51,60,79
10,9,2016,9,13,16,49,64,65
13,9,2016,9,22,48,66,68,83
15,9,2016,14,18,30,48,53,86
17,9,2016,2,4,10,59,68,88
20,9,2016,45,46,48,52,77,78
22,9,2016,4,11,34,49,55,83
24,9,2016,3,16,22,31,45,56
27,9,2016,36,41,55,81,83,85
29,9,2016,11,40,41,44,67,70
1,10,2016,18,19,57,74,80,82
4,10,2016,47,49,67,80,84,85
6,10,2016,2,12,26,52,59,80
8,10,2016,18,25,37,47,62,87
11,10,2016,11,12,17,53,71,76
13,10,2016,4,34,39,60,61,77
15,10,2016,4,7,36,72,78,81
18,10,2016,24,44,48,61,73,87
20,10,2016,2,43,65,66,67,90
22,10,2016,1,6,45,48,64,78
25,10,2016,4,40,54,65,83,85
27,10,2016,3,12,23,71,76,83
29,10,2016,1,7,13,17,40,49
31,10,2016,3,14,18,25,47,75
3,11,2016,21,35,56,66,68,79
5,11,2016,21,22,26,35,47,85
8,11,2016,31,32,60,75,81,84
10,11,2016,26,41,50,55,69,86
12,11,2016,9,12,20,22,75,90
15,11,2016,9,18,25,31,78,81
17,11,2016,2,20,23,41,44,59
19,11,2016,28,29,37,43,51,78
22,11,2016,8,21,44,77,80,86
24,11,2016,53,68,75,79,82,84
26,11,2016,41,42,44,47,68,69
29,11,2016,5,24,35,49,62,77
1,12,2016,11,20,31,56,63,72
3,12,2016,2,10,15,26,68,71
6,12,2016,24,51,56,64,65,73
10,12,2016,54,65,66,68,70,85
12,12,2016,6,39,52,65,68,86
13,12,2016,17,21,35,48,60,76
15,12,2016,9,30,31,53,67,86
17,12,2016,7,15,31,39,41,45
20,12,2016,10,11,29,47,58,73
22,12,2016,14,23,24,44,77,86
24,12,2016,1,19,21,32,48,86
27,12,2016,13,25,30,57,58,64
29,12,2016,31,33,38,58,76,85
31,12,2016,12,14,18,22,28,33
3,1,2017,9,12,27,32,45,77
5,1,2017,1,7,21,27,39,78
7,1,2017,2,8,62,79,81,88
10,1,2017,1,9,22,25,58,84
12,1,2017,14,16,30,34,52,73
14,1,2017,12,17,24,45,67,84
17,1,2017,16,44,49,57,60,81
19,1,2017,32,51,74,79,80,81
21,1,2017,6,55,63,68,76,80
24,1,2017,63,67,74,77,83,85
26,1,2017,43,48,49,51,60,75
28,1,2017,9,13,15,51,73,74
31,1,2017,14,15,16,43,49,77
2,2,2017,11,27,56,57,64,66
4,2,2017,13,18,34,51,62,81
7,2,2017,2,21,38,74,79,83
9,2,2017,18,25,35,38,45,75
11,2,2017,6,9,11,32,63,83
14,2,2017,9,14,19,35,48,65
16,2,2017,13,17,26,33,60,78
18,2,2017,7,13,24,36,37,86
21,2,2017,4,22,36,60,66,90
23,2,2017,9,11,21,37,86,90
25,2,2017,11,17,40,69,84,85
28,2,2017,19,22,44,45,71,76
2,3,2017,34,37,52,58,65,89
4,3,2017,2,11,26,51,64,87
7,3,2017,8,19,28,33,71,89
9,3,2017,4,17,39,40,50,58
11,3,2017,3,6,46,48,63,76
14,3,2017,16,21,53,74,79,80
16,3,2017,16,21,31,62,69,85
18,3,2017,14,41,60,74,79,80
21,3,2017,32,35,58,63,76,79
23,3,2017,25,39,48,74,86,89
25,3,2017,3,50,60,64,85,86
28,3,2017,3,6,20,54,72,90
30,3,2017,5,16,40,70,74,76
1,4,2017,8,46,68,70,76,86
4,4,2017,3,16,29,34,37,57
6,4,2017,15,16,21,24,53,89
8,4,2017,4,6,27,76,80,86
11,4,2017,5,57,59,69,81,86
13,4,2017,16,24,56,69,85,87
15,4,2017,6,20,35,36,55,59
18,4,2017,18,29,52,74,76,88
20,4,2017,3,14,52,67,72,82
22,4,2017,1,4,9,10,36,79
24,4,2017,8,17,28,35,74,82
27,4,2017,8,27,54,62,82,83
29,4,2017,8,14,25,41,79,84
2,5,2017,28,43,59,60,78,80
4,5,2017,15,20,33,39,65,75
6,5,2017,57,60,73,77,82,86
9,5,2017,3,25,63,70,75,78
11,5,2017,19,37,45,51,82,83
13,5,2017,4,15,21,22,44,77
16,5,2017,29,38,75,79,80,90
18,5,2017,1,19,47,61,70,87
20,5,2017,6,37,46,53,73,78
23,5,2017,10,18,23,34,61,75
25,5,2017,10,33,40,42,46,77
27,5,2017,16,34,57,64,65,78
30,5,2017,21,26,35,59,66,70
1,6,2017,7,15,27,37,56,58
3,6,2017,2,22,36,77,83,90
6,6,2017,7,12,26,46,56,70
8,6,2017,11,28,32,48,54,59
10,6,2017,19,54,56,57,67,69
13,6,2017,41,50,69,71,77,81
15,6,2017,6,24,28,32,78,83
17,6,2017,45,48,71,75,80,83
20,6,2017,38,46,54,76,82,86
22,6,2017,9,18,24,42,59,71
24,6,2017,2,18,20,23,30,75
27,6,2017,9,14,62,64,78,82
29,6,2017,16,19,38,40,58,79
1,7,2017,15,20,45,59,81,85
4,7,2017,21,37,58,75,81,85
6,7,2017,36,37,46,48,51,74
8,7,2017,6,8,32,54,80,82
11,7,2017,6,12,38,42,49,83
13,7,2017,2,11,26,62,74,78
15,7,2017,27,37,44,47,73,86
18,7,2017,17,34,42,47,75,85
20,7,2017,22,32,45,60,61,80
22,7,2017,6,22,26,33,51,88
25,7,2017,4,29,30,47,52,59
27,7,2017,5,15,52,60,77,84
29,7,2017,5,11,58,75,78,81
1,8,2017,1,8,28,54,82,90
3,8,2017,20,25,39,49,69,71
5,8,2017,14,19,50,69,75,90
8,8,2017,17,24,33,41,63,66
10,8,2017,3,5,24,41,48,80
12,8,2017,6,17,32,40,44,67
14,8,2017,34,44,46,47,64,88
17,8,2017,22,28,46,52,69,86
19,8,2017,18,29,34,47,48,60
22,8,2017,34,46,50,52,67,86
24,8,2017,40,45,54,72,85,88
26,8,2017,28,29,36,54,55,68
29,8,2017,21,23,54,73,84,88
31,8,2017,5,29,32,33,72,89
2,9,2017,2,49,57,60,71,77
5,9,2017,7,12,66,68,73,76
7,9,2017,11,29,64,68,70,85
9,9,2017,29,39,49,56,83,85
12,9,2017,7,10,25,26,37,68
14,9,2017,18,25,29,30,33,69
16,9,2017,22,35,36,55,63,86
19,9,2017,38,45,46,55,65,73
21,9,2017,13,16,27,48,67,77
23,9,2017,8,46,48,69,72,81
26,9,2017,13,18,19,46,58,60
28,9,2017,6,15,39,68,80,89
30,9,2017,7,12,21,22,39,90
3,10,2017,6,21,38,48,79,90
5,10,2017,14,33,48,61,65,80
7,10,2017,14,17,35,37,55,83
10,10,2017,4,26,52,65,66,72
12,10,2017,9,16,19,35,41,59
14,10,2017,2,13,50,75,85,90
17,10,2017,10,17,30,55,62,78
19,10,2017,16,17,58,66,71,72
21,10,2017,21,22,31,32,33,81
24,10,2017,6,45,47,61,74,80
26,10,2017,14,38,43,57,65,72
28,10,2017,7,11,17,28,32,79
31,10,2017,19,24,35,69,80,89
2,11,2017,11,31,46,48,65,68
4,11,2017,6,7,8,38,45,78
7,11,2017,2,6,34,69,77,86
9,11,2017,8,12,41,42,46,51
11,11,2017,16,31,33,51,75,80
14,11,2017,1,11,40,45,46,57
16,11,2017,2,12,16,26,51,73
18,11,2017,3,16,24,27,44,88
21,11,2017,32,40,41,47,56,72
23,11,2017,14,38,40,51,53,64
25,11,2017,16,20,22,42,54,62
28,11,2017,27,28,48,61,87,88
30,11,2017,5,17,19,33,43,63
2,12,2017,4,12,25,27,35,69
5,12,2017,10,34,45,63,81,83
7,12,2017,14,15,65,68,82,85
9,12,2017,21,24,48,51,60,82
12,12,2017,2,30,44,52,58,69
14,12,2017,25,33,39,59,72,74
16,12,2017,3,7,53,65,66,73
18,12,2017,24,55,71,73,85,90
19,12,2017,22,39,43,65,77,89
21,12,2017,12,25,50,59,67,88
23,12,2017,35,39,48,71,88,89
28,12,2017,10,28,33,43,50,80
30,12,2017,6,17,23,46,52,53
2,1,2018,1,19,26,44,61,89
4,1,2018,5,19,28,43,58,82
8,1,2018,15,18,24,33,48,64
9,1,2018,8,69,70,84,88,90
11,1,2018,3,25,28,37,71,82
13,1,2018,2,10,41,49,56,71
16,1,2018,9,29,51,53,74,76
18,1,2018,29,43,46,50,85,86
20,1,2018,27,48,50,74,76,84
23,1,2018,2,5,24,32,47,62
25,1,2018,15,38,48,52,66,71
27,1,2018,5,24,68,72,78,85
30,1,2018,22,39,47,49,77,89
1,2,2018,20,45,51,63,85,89
3,2,2018,1,8,19,28,34,87
6,2,2018,4,8,16,35,36,74
8,2,2018,24,25,30,43,47,90
10,2,2018,7,31,35,57,88,89
13,2,2018,3,11,38,53,70,71
15,2,2018,5,17,34,40,78,82
17,2,2018,5,17,37,40,55,79
20,2,2018,17,25,52,55,67,75
22,2,2018,9,40,45,70,76,81
24,2,2018,10,44,48,62,68,83
27,2,2018,48,56,66,83,86,89
1,3,2018,9,23,57,72,77,82
3,3,2018,2,19,62,74,81,83
6,3,2018,12,36,45,46,67,75
8,3,2018,22,50,52,65,66,89
10,3,2018,11,15,42,64,82,84
13,3,2018,19,33,42,65,78,85
15,3,2018,2,13,17,31,45,69
17,3,2018,7,35,52,85,88,90
20,3,2018,9,20,33,43,44,48
22,3,2018,20,23,29,37,39,72
24,3,2018,2,24,42,62,66,81
27,3,2018,10,16,35,63,73,83
29,3,2018,11,15,32,35,52,56
31,3,2018,1,6,7,9,45,79
3,4,2018,30,45,47,49,71,90
5,4,2018,7,27,55,63,73,77
7,4,2018,3,20,47,55,81,83
10,4,2018,27,35,46,68,72,82
12,4,2018,8,28,34,38,47,54
14,4,2018,1,10,31,44,58,80
17,4,2018,12,23,39,54,72,73
19,4,2018,5,17,20,44,62,80
21,4,2018,11,43,68,72,79,85
24,4,2018,31,41,44,67,75,82
26,4,2018,44,52,64,66,67,71
28,4,2018,2,25,41,42,74,87
30,4,2018,6,10,26,47,60,75
3,5,2018,9,19,31,39,77,82
5,5,2018,6,14,19,59,79,81
8,5,2018,17,18,41,57,58,75
10,5,2018,41,62,77,79,81,84
12,5,2018,29,49,50,56,64,78
15,5,2018,3,10,38,52,65,71
17,5,2018,16,33,34,74,79,80
19,5,2018,40,51,55,56,74,81
22,5,2018,12,13,19,37,62,72
24,5,2018,1,27,31,58,83,87
26,5,2018,20,27,32,55,69,90
29,5,2018,19,28,42,49,68,83
31,5,2018,9,57,64,66,69,86
4,6,2018,45,56,66,74,77,88
5,6,2018,6,10,11,21,71,75
7,6,2018,33,39,47,64,67,76
9,6,2018,13,32,41,51,61,86
12,6,2018,1,12,31,33,44,50
14,6,2018,5,37,51,65,79,81
16,6,2018,2,9,15,22,47,65
19,6,2018,1,7,25,40,68,75
21,6,2018,6,11,37,42,58,62
23,6,2018,4,17,29,55,67,70
26,6,2018,2,6,37,39,51,86
28,6,2018,28,36,55,76,81,89
30,6,2018,9,13,23,32,45,54
3,7,2018,28,33,38,41,66,72
5,7,2018,11,19,27,41,61,83
7,7,2018,3,51,55,64,77,79
10,7,2018,27,41,50,60,63,81
12,7,2018,3,13,18,24,74,89
14,7,2018,2,9,14,19,27,77
17,7,2018,30,35,44,60,72,76
19,7,2018,11,38,47,71,76,77
21,7,2018,22,36,38,56,59,67
24,7,2018,7,29,37,43,72,79
26,7,2018,21,34,53,72,80,84
28,7,2018,10,19,47,67,68,75
31,7,2018,23,32,49,53,61,85
2,8,2018,5,6,41,44,65,74
4,8,2018,23,39,53,56,64,84
7,8,2018,11,18,21,23,55,66
9,8,2018,31,32,46,54,73,90
11,8,2018,14,57,73,79,82,84
14,8,2018,21,43,45,57,67,83
16,8,2018,2,10,12,21,22,50
18,8,2018,7,14,27,66,70,81
21,8,2018,2,16,30,39,51,79
23,8,2018,14,23,32,34,40,80
25,8,2018,42,44,54,68,69,81
28,8,2018,1,26,39,43,73,89
30,8,2018,16,28,29,55,63,69
1,9,2018,1,4,19,23,55,68
4,9,2018,18,25,47,51,70,83
6,9,2018,2,23,34,52,76,87
8,9,2018,7,25,32,39,59,86
11,9,2018,59,61,63,65,71,84
13,9,2018,16,23,29,49,57,76
15,9,2018,3,26,34,61,84,87
18,9,2018,2,24,31,42,47,55
20,9,2018,15,18,56,67,72,74
22,9,2018,12,16,29,45,82,85
25,9,2018,17,24,57,64,70,89
27,9,2018,21,37,46,56,65,77
29,9,2018,34,54,77,80,81,87
2,10,2018,3,7,18,47,64,82
4,10,2018,15,30,72,79,86,90
6,10,2018,27,28,33,75,77,78
9,10,2018,10,36,49,53,77,85
11,10,2018,20,23,39,50,62,68
13,10,2018,14,36,39,46,55,59
16,10,2018,8,13,25,50,65,72
18,10,2018,16,23,50,73,80,88
20,10,2018,4,14,27,38,89,90
23,10,2018,6,30,49,56,64,81
25,10,2018,10,21,24,26,29,89
27,10,2018,3,12,35,51,59,80
30,10,2018,38,40,43,59,67,72
3,11,2018,23,35,40,79,86,87
5,11,2018,8,36,39,40,48,50
6,11,2018,4,16,24,42,51,84
8,11,2018,11,15,20,27,45,59
10,11,2018,9,15,20,46,50,84
13,11,2018,7,15,22,31,46,50
15,11,2018,6,12,34,36,40,66
17,11,2018,3,5,38,53,54,82
20,11,2018,3,9,43,48,61,83
22,11,2018,15,24,28,34,56,73
24,11,2018,30,38,63,68,77,80
27,11,2018,6,12,15,30,31,89
29,11,2018,6,22,27,36,62,76
1,12,2018,7,16,33,54,80,84
4,12,2018,6,31,37,47,71,78
6,12,2018,10,30,44,45,47,49
10,12,2018,7,37,52,73,87,88
11,12,2018,6,17,32,38,47,90
13,12,2018,7,9,12,21,30,41
15,12,2018,5,23,36,42,47,79
18,12,2018,39,61,68,69,70,86
20,12,2018,11,49,58,71,76,89
22,12,2018,4,14,16,51,64,88
24,12,2018,12,19,36,42,77,87
27,12,2018,36,43,44,49,78,82
29,12,2018,24,37,46,49,62,71
3,1,2019,1,35,52,56,64,70
5,1,2019,46,52,55,68,76,89
7,1,2019,3,8,28,45,55,58
8,1,2019,23,34,38,54,57,87
10,1,2019,2,39,66,76,86,87
12,1,2019,16,33,36,62,73,88
15,1,2019,8,43,51,56,57,87
17,1,2019,21,26,33,35,63,89
19,1,2019,1,15,45,48,60,80
22,1,2019,3,22,79,82,83,88
24,1,2019,3,19,40,49,60,82
26,1,2019,17,19,62,72,78,82
29,1,2019,6,11,29,65,87,90
31,1,2019,4,21,59,63,65,83
2,2,2019,37,42,52,80,86,88
5,2,2019,11,21,34,46,50,86
7,2,2019,9,26,27,49,54,76
9,2,2019,5,26,43,52,63,90
12,2,2019,14,28,64,69,84,90
14,2,2019,4,30,47,76,78,83
16,2,2019,10,17,42,59,61,80
19,2,2019,15,16,32,63,67,70
21,2,2019,11,16,43,59,87,90
23,2,2019,5,31,47,60,68,88
26,2,2019,13,25,27,52,66,75
28,2,2019,2,11,50,55,79,85
2,3,2019,19,34,37,40,66,69
5,3,2019,3,6,16,36,56,82
7,3,2019,8,42,51,62,80,84
9,3,2019,9,15,51,70,78,86
12,3,2019,13,37,58,66,67,88
14,3,2019,27,28,42,63,78,86
16,3,2019,49,61,63,77,87,88
19,3,2019,12,15,38,43,56,85
21,3,2019,27,32,52,59,69,90
23,3,2019,21,32,43,63,83,90
26,3,2019,14,27,45,47,52,84
28,3,2019,43,53,58,68,83,90
30,3,2019,1,10,20,28,47,55
2,4,2019,19,25,30,32,37,60
4,4,2019,7,29,38,49,66,70
6,4,2019,41,54,85,87,88,89
9,4,2019,1,13,28,33,37,65
11,4,2019,5,10,52,60,85,88
13,4,2019,16,22,30,40,51,77
16,4,2019,15,55,58,62,82,90
18,4,2019,7,10,46,47,73,89
20,4,2019,5,18,76,87,88,89
23,4,2019,19,20,32,51,63,79
27,4,2019,6,17,18,42,64,71
29,4,2019,8,22,61,65,69,74
30,4,2019,13,29,31,51,55,72
2,5,2019,1,28,57,75,82,83
4,5,2019,4,15,41,52,76,85
7,5,2019,5,8,21,49,66,90
9,5,2019,3,17,26,38,54,82
11,5,2019,9,20,47,58,65,78
14,5,2019,37,59,69,75,89,90
16,5,2019,11,25,37,67,75,85
18,5,2019,31,33,44,57,62,65
21,5,2019,20,38,76,82,84,87
23,5,2019,2,8,15,32,72,79
25,5,2019,33,51,53,59,66,68
28,5,2019,8,30,33,58,84,89
30,5,2019,16,33,59,65,69,73
1,6,2019,17,19,24,46,48,72
4,6,2019,15,49,63,79,85,86
6,6,2019,2,15,47,54,78,79
8,6,2019,15,16,54,64,66,72
11,6,2019,16,25,36,46,48,58
13,6,2019,11,22,23,26,32,77
15,6,2019,4,23,43,47,74,82
18,6,2019,13,23,63,67,68,81
20,6,2019,25,26,35,42,65,76
22,6,2019,35,39,41,69,70,74
25,6,2019,14,43,61,62,75,85
27,6,2019,33,34,37,50,68,82
29,6,2019,6,22,33,45,60,81
2,7,2019,13,18,37,48,63,67
4,7,2019,40,42,57,64,80,86
6,7,2019,6,12,22,25,29,62
9,7,2019,1,20,26,54,59,74
11,7,2019,15,26,32,48,66,84
13,7,2019,3,13,15,36,42,90
16,7,2019,30,47,48,60,67,90
18,7,2019,12,22,37,40,51,68
20,7,2019,2,23,29,51,79,84
23,7,2019,18,32,34,55,74,79
25,7,2019,7,20,28,36,55,69
27,7,2019,13,33,40,61,78,80
30,7,2019,6,8,16,42,84,87
1,8,2019,20,30,37,52,82,83
3,8,2019,6,16,21,27,33,66
6,8,2019,20,22,27,43,46,72
8,8,2019,6,10,24,63,66,89
10,8,2019,10,15,42,57,68,80
13,8,2019,7,32,41,59,75,76
17,8,2019,8,13,31,37,39,46
19,8,2019,17,28,57,66,67,71
20,8,2019,20,35,40,41,79,88
22,8,2019,1,12,24,42,65,67
24,8,2019,20,36,40,42,63,86
27,8,2019,4,15,34,37,47,73
29,8,2019,21,37,45,53,83,84
31,8,2019,31,35,52,59,60,75
3,9,2019,18,29,39,58,59,76
5,9,2019,7,26,31,34,52,54
7,9,2019,9,29,43,66,70,84
10,9,2019,15,16,21,49,50,83
12,9,2019,12,17,20,62,80,88
14,9,2019,1,7,10,40,52,59
17,9,2019,9,18,26,43,60,79
19,9,2019,38,50,53,56,65,76
21,9,2019,31,36,44,47,50,56
24,9,2019,7,45,55,60,81,89
26,9,2019,17,20,42,44,83,90
28,9,2019,37,49,66,75,77,82
1,10,2019,11,59,63,73,84,89
3,10,2019,4,5,31,35,46,80
5,10,2019,20,38,52,58,68,72
8,10,2019,25,35,47,70,79,87
10,10,2019,9,12,29,42,65,75
12,10,2019,5,33,40,45,79,90
15,10,2019,5,38,45,54,59,65
17,10,2019,10,29,33,55,65,72
19,10,2019,15,30,75,76,77,79
22,10,2019,9,28,40,77,79,81
24,10,2019,18,51,53,57,82,87
26,10,2019,8,12,13,14,51,83
29,10,2019,21,32,47,61,67,68
31,10,2019,35,41,53,60,65,80
2,11,2019,10,19,30,68,78,80
5,11,2019,32,56,64,65,87,90
7,11,2019,4,9,37,48,49,77
9,11,2019,1,21,43,51,81,88
12,11,2019,14,15,51,55,61,73
14,11,2019,33,52,57,72,76,81
16,11,2019,7,29,31,58,65,86
19,11,2019,19,26,56,74,77,82
21,11,2019,23,29,35,50,57,60
23,11,2019,12,29,52,61,72,79
26,11,2019,21,22,35,63,76,79
28,11,2019,7,16,17,50,52,74
30,11,2019,2,21,47,52,66,77
3,12,2019,4,5,8,22,48,83
5,12,2019,16,25,52,59,64,74
7,12,2019,11,21,44,67,77,80
10,12,2019,11,37,40,42,58,82
12,12,2019,11,25,39,48,51,71
14,12,2019,8,10,43,52,60,83
17,12,2019,4,8,37,44,86,88
19,12,2019,3,14,25,43,74,80
21,12,2019,9,28,36,50,66,90
23,12,2019,17,30,45,56,87,89
24,12,2019,44,48,55,67,82,90
28,12,2019,3,8,16,28,42,65
31,12,2019,3,32,36,43,62,80
2,1,2020,5,45,63,64,78,85
4,1,2020,23,30,37,44,57,80
7,1,2020,2,23,60,66,72,78
9,1,2020,5,14,54,55,66,78
11,1,2020,34,36,38,63,72,81
14,1,2020,1,6,9,32,68,85
16,1,2020,22,29,50,53,72,83
18,1,2020,26,28,32,50,79,87
21,1,2020,6,32,46,53,70,75
23,1,2020,15,20,23,69,72,81
25,1,2020,11,16,17,35,68,90
28,1,2020,16,21,33,50,57,89
30,1,2020,8,46,53,62,77,84
1,2,2020,22,25,45,46,48,88
4,2,2020,21,29,34,64,72,79
6,2,2020,3,20,29,49,65,82
8,2,2020,15,32,54,56,61,85
11,2,2020,16,24,45,68,72,81
13,2,2020,4,15,43,69,74,84
15,2,2020,13,26,40,55,65,86
18,2,2020,26,45,58,69,72,82
20,2,2020,20,36,55,69,80,85
22,2,2020,1,28,57,58,60,68
25,2,2020,10,15,23,54,73,74
27,2,2020,17,51,60,71,75,79
29,2,2020,9,35,44,50,73,78
3,3,2020,5,11,19,26,36,64
5,3,2020,13,40,48,67,69,85
7,3,2020,11,13,31,41,85,87
10,3,2020,8,35,41,43,57,80
12,3,2020,19,22,41,46,56,86
14,3,2020,1,13,18,47,68,75
17,3,2020,17,29,30,49,63,65
19,3,2020,7,11,17,28,29,50
21,3,2020,5,13,38,39,52,59
5,5,2020,39,43,58,73,83,86
7,5,2020,22,35,45,52,57,75
9,5,2020,34,45,59,66,70,78
12,5,2020,21,38,55,60,65,85
14,5,2020,12,17,20,54,61,80
16,5,2020,2,7,71,78,84,87
19,5,2020,26,41,51,62,66,85
21,5,2020,3,21,44,69,73,81
23,5,2020,5,15,61,75,82,86
26,5,2020,10,23,27,46,68,74
28,5,2020,16,29,31,73,76,82
30,5,2020,3,27,46,52,70,74
1,6,2020,9,28,49,65,76,81
4,6,2020,5,16,23,30,40,71
6,6,2020,4,21,37,45,50,79
9,6,2020,8,14,30,58,71,87
11,6,2020,1,7,23,47,68,69
13,6,2020,20,42,53,57,62,73
16,6,2020,1,11,39,59,68,74
18,6,2020,4,6,15,35,67,73
20,6,2020,16,29,39,55,63,86
23,6,2020,40,44,52,59,66,69
25,6,2020,14,35,41,51,84,85
27,6,2020,13,33,35,60,78,81
30,6,2020,6,7,57,61,79,89
2,7,2020,12,33,42,56,78,79
4,7,2020,33,38,46,59,65,73
7,7,2020,16,24,29,53,73,88
9,7,2020,1,10,26,40,64,88
11,7,2020,6,10,19,20,40,67
14,7,2020,17,35,70,71,74,82
16,7,2020,35,39,40,64,67,75
18,7,2020,18,33,49,76,80,84
21,7,2020,4,34,46,54,55,62
23,7,2020,10,29,37,49,56,57
25,7,2020,18,30,42,70,78,80
28,7,2020,23,45,49,71,80,82
30,7,2020,4,15,19,26,28,55
1,8,2020,4,14,17,18,26,45
4,8,2020,5,19,21,25,45,82
6,8,2020,21,37,40,46,69,80
8,8,2020,6,16,22,55,58,83
11,8,2020,7,9,38,68,78,80
13,8,2020,4,5,49,57,66,75
17,8,2020,5,9,26,62,77,79
18,8,2020,13,22,28,58,65,77
20,8,2020,7,17,30,39,41,67
22,8,2020,7,12,45,47,73,87
25,8,2020,15,24,31,70,83,84
27,8,2020,37,49,52,53,75,87
29,8,2020,1,3,35,42,55,61
1,9,2020,10,22,28,45,48,71
3,9,2020,16,17,38,39,68,84
5,9,2020,7,14,27,56,72,83
8,9,2020,23,27,28,31,69,89
10,9,2020,46,48,67,78,80,87
12,9,2020,6,15,36,42,67,78
15,9,2020,2,9,44,47,52,54
17,9,2020,9,29,35,47,53,85
19,9,2020,6,12,14,27,39,73
22,9,2020,4,15,37,48,55,69
24,9,2020,10,13,28,77,86,89
26,9,2020,4,16,38,70,86,88
29,9,2020,25,33,53,76,81,90
1,10,2020,7,31,38,52,61,75
3,10,2020,5,17,59,61,70,79
6,10,2020,8,55,67,73,74,89
8,10,2020,8,35,51,60,63,75
10,10,2020,12,15,19,24,46,73
13,10,2020,47,56,58,60,79,85
15,10,2020,29,38,47,61,68,86
17,10,2020,24,28,34,55,62,87
20,10,2020,24,29,36,43,50,51
22,10,2020,1,16,21,36,37,43
24,10,2020,17,19,28,41,49,86
27,10,2020,19,26,49,53,55,77
29,10,2020,9,32,41,43,44,84
31,10,2020,22,31,35,40,65,82
3,11,2020,18,39,45,48,53,64
5,11,2020,5,10,18,24,69,85
7,11,2020,1,2,61,69,70,82
10,11,2020,13,34,38,41,76,88
12,11,2020,13,35,37,58,60,88
14,11,2020,3,30,47,67,68,89
17,11,2020,7,18,20,32,45,55
19,11,2020,6,13,47,49,69,86
21,11,2020,6,24,37,55,76,82
24,11,2020,9,15,16,23,57,76
26,11,2020,2,9,39,52,67,76
28,11,2020,12,29,61,81,87,90
1,12,2020,21,30,32,62,78,80
3,12,2020,22,33,43,48,87,89
5,12,2020,26,32,39,40,57,65
7,12,2020,1,6,20,25,70,90
10,12,2020,1,6,25,42,75,80
12,12,2020,11,14,18,59,64,85
15,12,2020,10,16,47,51,80,85
17,12,2020,5,9,12,14,26,37
19,12,2020,36,39,45,50,62,66
22,12,2020,15,16,22,46,51,72
24,12,2020,22,25,31,79,87,90
28,12,2020,8,25,39,54,59,84
29,12,2020,15,22,38,51,60,74
31,12,2020,7,14,20,66,68,79
2,1,2021,35,37,50,75,77,81
5,1,2021,12,19,30,60,71,78
7,1,2021,15,33,48,49,56,88
9,1,2021,14,16,35,47,58,64
12,1,2021,5,19,21,33,61,90
14,1,2021,24,50,53,54,62,88
16,1,2021,9,26,57,66,81,83
19,1,2021,2,27,28,38,43,65
21,1,2021,15,17,38,40,45,65
23,1,2021,3,19,27,35,63,89
26,1,2021,34,39,45,51,60,89
28,1,2021,18,29,40,44,46,53
30,1,2021,27,35,42,48,56,65
2,2,2021,28,41,54,67,78,86
4,2,2021,5,19,27,35,40,82
6,2,2021,36,49,50,61,66,76
9,2,2021,7,8,19,33,40,48
11,2,2021,5,34,47,60,69,70
13,2,2021,36,39,46,58,63,77
16,2,2021,9,19,30,52,61,76
18,2,2021,28,52,56,62,66,72
20,2,2021,3,18,25,31,65,75
23,2,2021,7,37,42,57,59,87
25,2,2021,13,26,42,71,72,73
27,2,2021,10,37,42,69,72,86
2,3,2021,3,32,39,56,77,89
4,3,2021,2,4,13,45,51,77
6,3,2021,4,36,43,61,72,89
9,3,2021,8,15,20,52,54,72
11,3,2021,9,31,51,68,84,90
13,3,2021,28,29,43,59,70,79
16,3,2021,28,43,48,65,84,89
18,3,2021,11,38,51,58,62,63
20,3,2021,6,10,57,71,74,83
23,3,2021,2,11,13,45,66,72
25,3,2021,15,28,30,52,75,86
27,3,2021,16,19,41,72,78,82
30,3,2021,10,25,41,58,78,87
1,4,2021,22,37,57,62,83,90
3,4,2021,1,39,53,60,75,76
6,4,2021,7,27,73,77,78,89
8,4,2021,19,29,35,49,66,81
10,4,2021,9,27,67,80,87,89
13,4,2021,1,36,48,63,68,87
15,4,2021,12,33,44,71,72,80
17,4,2021,7,20,63,68,74,88
20,4,2021,1,32,48,58,68,75
22,4,2021,8,11,46,47,72,81
24,4,2021,10,20,21,29,34,44
27,4,2021,41,49,56,58,60,68
29,4,2021,14,62,64,66,76,87
3,5,2021,15,18,40,43,57,72
4,5,2021,6,43,48,60,75,85
6,5,2021,5,28,38,55,79,89
8,5,2021,37,38,44,45,60,65
11,5,2021,23,30,50,59,60,83
13,5,2021,4,13,20,51,69,82
15,5,2021,15,36,49,59,60,62
18,5,2021,10,11,15,19,47,78
20,5,2021,27,31,36,39,46,67
22,5,2021,1,7,37,43,63,81
25,5,2021,5,39,45,49,59,71
27,5,2021,24,38,81,86,88,89
29,5,2021,23,31,62,71,74,77
1,6,2021,9,21,27,41,45,53
3,6,2021,17,27,40,72,86,87
5,6,2021,53,73,75,83,84,85
8,6,2021,2,9,11,72,76,86
10,6,2021,27,37,42,44,76,83
12,6,2021,2,9,27,54,69,78
15,6,2021,10,14,25,43,54,65
17,6,2021,20,33,39,42,43,78
19,6,2021,1,3,41,55,84,85
22,6,2021,30,51,56,59,65,68
24,6,2021,40,43,56,59,63,88
26,6,2021,28,39,44,57,61,88
29,6,2021,10,30,52,53,66,87
1,7,2021,8,11,44,86,88,89
3,7,2021,42,45,52,65,70,85
6,7,2021,11,15,20,40,69,73
8,7,2021,21,24,25,61,73,74
10,7,2021,8,13,16,27,32,62
13,7,2021,58,68,70,74,76,89
15,7,2021,2,25,37,54,57,87
17,7,2021,6,37,64,71,85,87
20,7,2021,28,34,49,65,79,90
22,7,2021,1,6,10,61,63,64
24,7,2021,21,25,40,50,71,87
27,7,2021,1,6,24,36,82,83
29,7,2021,3,14,21,31,84,89
31,7,2021,14,22,36,47,59,61
3,8,2021,14,55,65,68,78,88
5,8,2021,28,37,41,44,52,84
7,8,2021,1,7,34,37,45,49
10,8,2021,14,16,47,49,53,56
12,8,2021,17,55,59,61,62,90
14,8,2021,53,64,72,74,87,89
17,8,2021,2,3,10,38,64,70
19,8,2021,3,4,31,80,81,87
21,8,2021,8,19,35,59,86,90
24,8,2021,12,27,43,48,63,66
26,8,2021,17,21,32,40,55,76
28,8,2021,44,54,56,63,76,77
31,8,2021,3,5,10,44,76,77
2,9,2021,5,15,39,72,76,80
4,9,2021,7,60,68,71,79,80
7,9,2021,7,20,21,31,67,89
9,9,2021,6,58,64,73,76,86
11,9,2021,1,30,36,49,75,85
14,9,2021,3,14,42,52,69,81
16,9,2021,12,16,40,46,47,83
18,9,2021,22,56,60,73,76,80
21,9,2021,5,6,29,59,68,74
23,9,2021,8,21,38,42,49,51
25,9,2021,11,19,61,62,75,76
28,9,2021,14,18,19,33,34,80
30,9,2021,7,32,33,36,45,47
2,10,2021,9,19,40,62,67,71
5,10,2021,21,40,62,66,73,85
7,10,2021,15,18,22,26,66,77
9,10,2021,7,9,70,72,77,86
12,10,2021,46,53,55,60,64,90
14,10,2021,8,14,25,59,60,88
16,10,2021,32,41,50,57,67,89
19,10,2021,21,28,38,42,66,88
21,10,2021,9,10,26,27,77,86
23,10,2021,1,11,12,15,20,83
26,10,2021,20,24,25,49,57,68
28,10,2021,2,25,34,67,73,77
30,10,2021,20,31,41,43,48,79
2,11,2021,22,27,51,55,77,86
4,11,2021,22,25,38,41,61,68
6,11,2021,6,21,56,63,81,85
9,11,2021,3,6,14,17,54,60
11,11,2021,4,23,52,65,79,88
13,11,2021,13,40,60,66,73,75
16,11,2021,7,17,19,38,66,71
18,11,2021,22,24,38,42,44,87
20,11,2021,7,48,58,60,86,87
23,11,2021,6,17,23,24,43,72
25,11,2021,6,45,61,82,84,88
27,11,2021,24,30,38,47,48,78
30,11,2021,11,34,44,64,75,82
2,12,2021,15,24,48,60,70,89
4,12,2021,37,43,68,72,76,85
7,12,2021,9,12,23,38,59,88
9,12,2021,10,48,70,75,79,83
11,12,2021,7,17,45,64,76,81
14,12,2021,35,59,64,65,68,73
16,12,2021,12,35,37,41,75,76
18,12,2021,6,31,44,57,73,77
21,12,2021,30,49,61,62,79,87
23,12,2021,11,15,17,37,54,89
27,12,2021,6,10,11,41,61,80
28,12,2021,13,19,47,70,77,83
30,12,2021,10,20,40,55,68,86
3,1,2022,9,47,50,67,73,74
4,1,2022,5,18,59,78,81,89
8,1,2022,35,42,49,63,68,78
10,1,2022,3,25,30,58,66,84
11,1,2022,15,22,24,33,38,71
13,1,2022,10,34,56,66,78,87
15,1,2022,6,19,48,51,73,89
18,1,2022,33,34,43,46,49,66
20,1,2022,32,33,37,53,77,79
22,1,2022,5,13,27,37,50,59
25,1,2022,4,13,16,21,23,50
27,1,2022,30,53,63,74,83,88
29,1,2022,1,23,63,79,82,89
1,2,2022,5,10,29,31,47,58
3,2,2022,21,26,28,35,65,77
5,2,2022,30,39,48,55,76,81
8,2,2022,36,38,57,62,64,81
10,2,2022,25,35,51,52,58,59
12,2,2022,14,22,27,47,68,77
15,2,2022,1,9,44,49,60,74
17,2,2022,36,48,67,77,85,87
19,2,2022,9,13,15,65,74,81
22,2,2022,9,15,29,59,64,74
24,2,2022,16,28,38,52,69,73
26,2,2022,6,24,38,52,84,87
1,3,2022,15,44,60,79,81,83
3,3,2022,31,33,40,43,47,80
5,3,2022,3,9,58,66,68,80
8,3,2022,3,15,16,21,31,80
10,3,2022,18,34,39,47,52,66
12,3,2022,24,32,41,56,76,80
15,3,2022,8,22,53,65,75,86
17,3,2022,14,52,53,54,55,86
19,3,2022,20,41,61,67,73,83
22,3,2022,27,30,49,68,74,88
24,3,2022,15,35,37,48,62,77
26,3,2022,22,38,74,81,84,89
29,3,2022,9,32,48,55,68,72
31,3,2022,15,43,51,59,64,74
2,4,2022,24,35,45,54,65,68
5,4,2022,5,21,48,63,83,86
7,4,2022,11,20,42,43,51,86
9,4,2022,2,22,27,42,52,89
12,4,2022,15,27,32,51,74,77
14,4,2022,5,8,22,38,50,55
16,4,2022,7,21,25,69,76,77
19,4,2022,32,41,63,71,76,89
21,4,2022,17,32,46,49,77,88
23,4,2022,6,18,23,33,57,71
26,4,2022,20,44,62,64,67,78
28,4,2022,24,61,65,67,71,90
30,4,2022,22,25,34,52,72,85
3,5,2022,13,24,44,47,66,80
5,5,2022,25,31,37,38,77,82
7,5,2022,29,41,43,46,51,81
10,5,2022,25,37,47,55,73,81
12,5,2022,21,26,28,54,80,85
14,5,2022,13,19,39,42,73,83
17,5,2022,26,29,32,48,65,79
19,5,2022,2,9,13,39,40,89
21,5,2022,2,20,25,67,78,80
24,5,2022,22,24,25,32,46,73
26,5,2022,10,14,17,32,45,87
28,5,2022,27,42,55,65,84,90
31,5,2022,21,34,35,48,63,82
4,6,2022,2,35,41,43,65,71
6,6,2022,8,22,31,53,59,86
7,6,2022,21,31,49,69,77,90
9,6,2022,4,12,20,32,56,88
11,6,2022,5,8,18,28,33,59
14,6,2022,7,34,48,50,53,67
16,6,2022,31,54,56,60,66,82
18,6,2022,2,12,16,27,74,78
21,6,2022,12,16,32,46,60,83
23,6,2022,34,37,52,55,56,66
25,6,2022,4,30,42,46,58,89
28,6,2022,19,32,36,55,71,81
30,6,2022,6,9,12,16,32,79
2,7,2022,1,5,25,34,38,66
5,7,2022,16,17,49,66,82,86
7,7,2022,17,24,25,35,66,73
9,7,2022,28,31,41,51,70,83
12,7,2022,11,56,63,66,68,72
14,7,2022,3,11,28,39,65,75
16,7,2022,28,29,38,43,62,71
19,7,2022,2,17,27,44,78,79
21,7,2022,7,14,24,43,44,90
23,7,2022,29,32,46,56,66,90
26,7,2022,8,31,34,44,56,77
28,7,2022,19,20,22,54,72,88
30,7,2022,7,25,28,62,80,87
2,8,2022,9,25,26,49,68,74
4,8,2022,20,23,45,66,83,87
6,8,2022,1,21,29,40,42,58
9,8,2022,15,25,26,29,38,39
11,8,2022,6,32,34,56,58,87
13,8,2022,8,49,62,65,83,88
16,8,2022,13,19,59,74,81,84
18,8,2022,5,25,42,51,71,84
20,8,2022,19,28,31,58,77,85
23,8,2022,7,44,47,51,52,85
25,8,2022,33,41,42,84,86,88
27,8,2022,3,5,15,39,45,80
30,8,2022,6,11,23,45,57,75
1,9,2022,2,5,13,19,54,89
3,9,2022,22,25,30,37,44,76
6,9,2022,11,13,19,34,49,52
8,9,2022,18,26,39,50,71,90
10,9,2022,62,66,68,70,75,83
13,9,2022,5,9,16,20,23,69
15,9,2022,27,34,42,59,72,76
17,9,2022,1,10,14,18,42,60
20,9,2022,1,38,39,40,50,83
22,9,2022,15,30,42,65,75,81
24,9,2022,19,26,35,44,49,65
27,9,2022,5,22,42,49,62,63
29,9,2022,6,35,37,46,59,86
1,10,2022,3,11,14,26,67,82
4,10,2022,4,9,55,68,80,84
6,10,2022,10,20,28,62,70,87
8,10,2022,26,33,41,51,80,84
11,10,2022,1,33,35,39,46,58
13,10,2022,4,20,64,65,69,79
15,10,2022,12,26,34,69,74,83
18,10,2022,4,5,31,56,57,59
20,10,2022,6,8,39,65,67,69
22,10,2022,3,28,31,43,53,59
25,10,2022,1,19,41,48,68,71
27,10,2022,27,28,32,40,49,72
29,10,2022,15,32,66,74,79,86
31,10,2022,12,17,32,64,81,84
3,11,2022,10,15,37,40,43,59
5,11,2022,11,18,41,50,63,74
8,11,2022,15,31,33,44,46,73
10,11,2022,10,16,18,34,39,45
12,11,2022,19,32,51,61,71,82
15,11,2022,13,21,23,33,48,86
17,11,2022,3,6,39,48,52,88
19,11,2022,19,30,44,48,58,72
22,11,2022,14,22,23,35,41,64
24,11,2022,25,58,66,78,81,88
26,11,2022,3,8,42,48,61,72
29,11,2022,18,33,43,60,61,78
1,12,2022,4,13,32,54,56,68
3,12,2022,4,37,38,53,73,79
6,12,2022,12,21,31,39,70,83
10,12,2022,29,50,55,56,76,81
12,12,2022,16,33,51,54,68,86
13,12,2022,32,40,51,61,75,76
15,12,2022,3,4,30,32,39,65
17,12,2022,8,21,24,54,68,70
20,12,2022,7,12,23,73,81,87
22,12,2022,9,25,34,39,54,64
24,12,2022,9,23,29,69,72,81
27,12,2022,3,37,39,44,68,72
29,12,2022,2,19,34,37,46,58
31,12,2022,9,15,30,37,44,72
3,1,2023,8,10,30,34,51,71
5,1,2023,5,9,13,15,50,64
7,1,2023,17,41,54,60,67,86
10,1,2023,21,24,31,32,56,83
12,1,2023,9,10,22,41,44,85
14,1,2023,37,44,52,58,74,78
17,1,2023,9,10,14,40,60,68
19,1,2023,29,47,57,59,67,87
21,1,2023,22,61,66,72,80,82
24,1,2023,3,7,20,55,75,80
26,1,2023,6,25,34,60,79,86
28,1,2023,19,23,53,58,61,82
31,1,2023,13,15,23,39,41,46
2,2,2023,3,14,19,28,70,80
4,2,2023,3,42,46,49,68,81
7,2,2023,24,54,58,65,81,89
9,2,2023,3,10,25,44,57,90
11,2,2023,4,24,25,28,31,68
14,2,2023,19,22,67,71,79,85
16,2,2023,1,38,47,52,56,66
18,2,2023,22,46,52,57,65,72
21,2,2023,7,31,44,63,80,83
23,2,2023,6,29,34,52,58,68
25,2,2023,6,42,52,72,85,89
28,2,2023,7,16,47,49,50,73
2,3,2023,9,24,28,37,44,81
4,3,2023,4,22,24,29,49,58
7,3,2023,2,38,49,64,81,89
9,3,2023,1,19,30,41,42,77
11,3,2023,23,42,46,54,58,79
14,3,2023,8,20,25,64,87,88
